Reading timing models for corner max_ss_100C_1v60…
Reading cell library for the 'max_ss_100C_1v60' corner at '/home/veek/.volare/volare/sky130/versions/0fe599b2afb6708d281543108caf8310912f54af/sky130A/libs.ref/sky130_fd_sc_hd/lib/sky130_fd_sc_hd__ss_100C_1v60.lib'…
Reading top-level netlist at '/mnt/c/Users/Student/HW_AI_ML/codefest/cf07/runs/RUN_2026-05-17_07-57-38/51-openroad-fillinsertion/compute_core.nl.v'…
Linking design 'compute_core' from netlist…
Warning: /mnt/c/Users/Student/HW_AI_ML/codefest/cf07/runs/RUN_2026-05-17_07-57-38/51-openroad-fillinsertion/compute_core.nl.v line 2815, module sky130_fd_sc_hd__tapvpwrvgnd_1 not found. Creating black box for TAP_TAPCELL_ROW_0_80.
Warning: /mnt/c/Users/Student/HW_AI_ML/codefest/cf07/runs/RUN_2026-05-17_07-57-38/51-openroad-fillinsertion/compute_core.nl.v line 3224, module sky130_ef_sc_hd__decap_12 not found. Creating black box for FILLER_0_3.
Warning: /mnt/c/Users/Student/HW_AI_ML/codefest/cf07/runs/RUN_2026-05-17_07-57-38/51-openroad-fillinsertion/compute_core.nl.v line 3226, module sky130_fd_sc_hd__fill_1 not found. Creating black box for FILLER_0_27.
Warning: /mnt/c/Users/Student/HW_AI_ML/codefest/cf07/runs/RUN_2026-05-17_07-57-38/51-openroad-fillinsertion/compute_core.nl.v line 3229, module sky130_fd_sc_hd__fill_2 not found. Creating black box for FILLER_0_51.
Reading design constraints file at '/nix/store/ss2cw3sxbrwwx9jl0rrppbw4kgcmgi2n-python3-3.11.9-env/lib/python3.11/site-packages/openlane/scripts/base.sdc'…
[INFO] Using clock clk…
[INFO] Setting output delay to: 2.0
[INFO] Setting input delay to: 2.0
[INFO] Setting load to: 0.033442
[INFO] Setting clock uncertainty to: 0.25
[INFO] Setting clock transition to: 0.1499999999999999944488848768742172978818416595458984375
[INFO] Setting timing derate to: 5%
Reading top-level design parasitics for the 'max_ss_100C_1v60' corner at '/mnt/c/Users/Student/HW_AI_ML/codefest/cf07/runs/RUN_2026-05-17_07-57-38/53-openroad-rcx/max/compute_core.max.spef'…
%OL_CREATE_REPORT min.rpt

===========================================================================
report_checks -path_delay min (Hold)
============================================================================
======================= max_ss_100C_1v60 Corner ===================================

Startpoint: rst_n (input port clocked by clk)
Endpoint: _1069_ (removal check against rising-edge clock clk)
Path Group: asynchronous
Path Type: min

Fanout         Cap        Slew       Delay        Time   Description
---------------------------------------------------------------------------------------------
                                  0.000000    0.000000   clock clk (rise edge)
                                  0.000000    0.000000   clock network delay (propagated)
                                  2.000000    2.000000 ^ input external delay
     1    0.003901    0.039646    0.021655    2.021655 ^ rst_n (in)
                                                         rst_n (net)
                      0.039646    0.000000    2.021655 ^ input9/A (sky130_fd_sc_hd__buf_1)
     3    0.016627    0.321954    0.315041    2.336697 ^ input9/X (sky130_fd_sc_hd__buf_1)
                                                         net9 (net)
                      0.321981    0.002422    2.339118 ^ _1069_/RESET_B (sky130_fd_sc_hd__dfrtp_1)
                                              2.339118   data arrival time

                                  0.000000    0.000000   clock clk (rise edge)
                                  0.000000    0.000000   clock source latency
     1    0.013667    0.106385    0.071062    0.071062 ^ clk (in)
                                                         clk (net)
                      0.106405    0.000000    0.071062 ^ clkbuf_0_clk/A (sky130_fd_sc_hd__clkbuf_16)
     4    0.042516    0.097035    0.269399    0.340461 ^ clkbuf_0_clk/X (sky130_fd_sc_hd__clkbuf_16)
                                                         clknet_0_clk (net)
                      0.097136    0.001586    0.342047 ^ clkbuf_2_3__f_clk/A (sky130_fd_sc_hd__clkbuf_16)
    11    0.034762    0.087318    0.253585    0.595631 ^ clkbuf_2_3__f_clk/X (sky130_fd_sc_hd__clkbuf_16)
                                                         clknet_2_3__leaf_clk (net)
                      0.087517    0.003590    0.599221 ^ _1069_/CLK (sky130_fd_sc_hd__dfrtp_1)
                                  0.250000    0.849221   clock uncertainty
                                  0.000000    0.849221   clock reconvergence pessimism
                                  0.740140    1.589361   library removal time
                                              1.589361   data required time
---------------------------------------------------------------------------------------------
                                              1.589361   data required time
                                             -2.339118   data arrival time
---------------------------------------------------------------------------------------------
                                              0.749758   slack (MET)


Startpoint: _1036_ (rising edge-triggered flip-flop clocked by clk)
Endpoint: _1036_ (rising edge-triggered flip-flop clocked by clk)
Path Group: clk
Path Type: min

Fanout         Cap        Slew       Delay        Time   Description
---------------------------------------------------------------------------------------------
                                  0.000000    0.000000   clock clk (rise edge)
                                  0.000000    0.000000   clock source latency
     1    0.013667    0.106385    0.071062    0.071062 ^ clk (in)
                                                         clk (net)
                      0.106405    0.000000    0.071062 ^ clkbuf_0_clk/A (sky130_fd_sc_hd__clkbuf_16)
     4    0.042516    0.097035    0.269399    0.340461 ^ clkbuf_0_clk/X (sky130_fd_sc_hd__clkbuf_16)
                                                         clknet_0_clk (net)
                      0.097160    0.001986    0.342447 ^ clkbuf_2_0__f_clk/A (sky130_fd_sc_hd__clkbuf_16)
    10    0.030935    0.081783    0.248926    0.591373 ^ clkbuf_2_0__f_clk/X (sky130_fd_sc_hd__clkbuf_16)
                                                         clknet_2_0__leaf_clk (net)
                      0.081816    0.001508    0.592881 ^ _1036_/CLK (sky130_fd_sc_hd__dfrtp_1)
     4    0.014289    0.216387    0.765963    1.358844 ^ _1036_/Q (sky130_fd_sc_hd__dfrtp_1)
                                                         pixel_count[0] (net)
                      0.216387    0.000698    1.359542 ^ _0524_/S (sky130_fd_sc_hd__mux2_1)
     1    0.002965    0.074115    0.300466    1.660008 ^ _0524_/X (sky130_fd_sc_hd__mux2_1)
                                                         _0001_ (net)
                      0.074115    0.000181    1.660190 ^ _1036_/D (sky130_fd_sc_hd__dfrtp_1)
                                              1.660190   data arrival time

                                  0.000000    0.000000   clock clk (rise edge)
                                  0.000000    0.000000   clock source latency
     1    0.013667    0.106385    0.071062    0.071062 ^ clk (in)
                                                         clk (net)
                      0.106405    0.000000    0.071062 ^ clkbuf_0_clk/A (sky130_fd_sc_hd__clkbuf_16)
     4    0.042516    0.097035    0.269399    0.340461 ^ clkbuf_0_clk/X (sky130_fd_sc_hd__clkbuf_16)
                                                         clknet_0_clk (net)
                      0.097160    0.001986    0.342447 ^ clkbuf_2_0__f_clk/A (sky130_fd_sc_hd__clkbuf_16)
    10    0.030935    0.081783    0.248926    0.591373 ^ clkbuf_2_0__f_clk/X (sky130_fd_sc_hd__clkbuf_16)
                                                         clknet_2_0__leaf_clk (net)
                      0.081816    0.001508    0.592881 ^ _1036_/CLK (sky130_fd_sc_hd__dfrtp_1)
                                  0.250000    0.842881   clock uncertainty
                                  0.000000    0.842881   clock reconvergence pessimism
                                 -0.075940    0.766940   library hold time
                                              0.766940   data required time
---------------------------------------------------------------------------------------------
                                              0.766940   data required time
                                             -1.660190   data arrival time
---------------------------------------------------------------------------------------------
                                              0.893249   slack (MET)


Startpoint: _1036_ (rising edge-triggered flip-flop clocked by clk)
Endpoint: _1037_ (rising edge-triggered flip-flop clocked by clk)
Path Group: clk
Path Type: min

Fanout         Cap        Slew       Delay        Time   Description
---------------------------------------------------------------------------------------------
                                  0.000000    0.000000   clock clk (rise edge)
                                  0.000000    0.000000   clock source latency
     1    0.013667    0.106385    0.071062    0.071062 ^ clk (in)
                                                         clk (net)
                      0.106405    0.000000    0.071062 ^ clkbuf_0_clk/A (sky130_fd_sc_hd__clkbuf_16)
     4    0.042516    0.097035    0.269399    0.340461 ^ clkbuf_0_clk/X (sky130_fd_sc_hd__clkbuf_16)
                                                         clknet_0_clk (net)
                      0.097160    0.001986    0.342447 ^ clkbuf_2_0__f_clk/A (sky130_fd_sc_hd__clkbuf_16)
    10    0.030935    0.081783    0.248926    0.591373 ^ clkbuf_2_0__f_clk/X (sky130_fd_sc_hd__clkbuf_16)
                                                         clknet_2_0__leaf_clk (net)
                      0.081816    0.001508    0.592881 ^ _1036_/CLK (sky130_fd_sc_hd__dfrtp_1)
     4    0.014289    0.216387    0.765963    1.358844 ^ _1036_/Q (sky130_fd_sc_hd__dfrtp_1)
                                                         pixel_count[0] (net)
                      0.216387    0.000887    1.359730 ^ _0526_/A1 (sky130_fd_sc_hd__a21oi_1)
     1    0.003434    0.052932    0.187678    1.547409 v _0526_/Y (sky130_fd_sc_hd__a21oi_1)
                                                         _0517_ (net)
                      0.052932    0.000262    1.547671 v _0527_/B (sky130_fd_sc_hd__nor2_1)
     1    0.002829    0.128796    0.135370    1.683041 ^ _0527_/Y (sky130_fd_sc_hd__nor2_1)
                                                         _0002_ (net)
                      0.128796    0.000207    1.683248 ^ _1037_/D (sky130_fd_sc_hd__dfrtp_1)
                                              1.683248   data arrival time

                                  0.000000    0.000000   clock clk (rise edge)
                                  0.000000    0.000000   clock source latency
     1    0.013667    0.106385    0.071062    0.071062 ^ clk (in)
                                                         clk (net)
                      0.106405    0.000000    0.071062 ^ clkbuf_0_clk/A (sky130_fd_sc_hd__clkbuf_16)
     4    0.042516    0.097035    0.269399    0.340461 ^ clkbuf_0_clk/X (sky130_fd_sc_hd__clkbuf_16)
                                                         clknet_0_clk (net)
                      0.097160    0.001986    0.342447 ^ clkbuf_2_0__f_clk/A (sky130_fd_sc_hd__clkbuf_16)
    10    0.030935    0.081783    0.248926    0.591373 ^ clkbuf_2_0__f_clk/X (sky130_fd_sc_hd__clkbuf_16)
                                                         clknet_2_0__leaf_clk (net)
                      0.081814    0.001477    0.592850 ^ _1037_/CLK (sky130_fd_sc_hd__dfrtp_1)
                                  0.250000    0.842850   clock uncertainty
                                  0.000000    0.842850   clock reconvergence pessimism
                                 -0.088420    0.754431   library hold time
                                              0.754431   data required time
---------------------------------------------------------------------------------------------
                                              0.754431   data required time
                                             -1.683248   data arrival time
---------------------------------------------------------------------------------------------
                                              0.928818   slack (MET)


Startpoint: _1071_ (rising edge-triggered flip-flop clocked by clk)
Endpoint: _1071_ (rising edge-triggered flip-flop clocked by clk)
Path Group: clk
Path Type: min

Fanout         Cap        Slew       Delay        Time   Description
---------------------------------------------------------------------------------------------
                                  0.000000    0.000000   clock clk (rise edge)
                                  0.000000    0.000000   clock source latency
     1    0.013667    0.106385    0.071062    0.071062 ^ clk (in)
                                                         clk (net)
                      0.106405    0.000000    0.071062 ^ clkbuf_0_clk/A (sky130_fd_sc_hd__clkbuf_16)
     4    0.042516    0.097035    0.269399    0.340461 ^ clkbuf_0_clk/X (sky130_fd_sc_hd__clkbuf_16)
                                                         clknet_0_clk (net)
                      0.097136    0.001586    0.342047 ^ clkbuf_2_3__f_clk/A (sky130_fd_sc_hd__clkbuf_16)
    11    0.034762    0.087318    0.253585    0.595631 ^ clkbuf_2_3__f_clk/X (sky130_fd_sc_hd__clkbuf_16)
                                                         clknet_2_3__leaf_clk (net)
                      0.087538    0.003761    0.599393 ^ _1071_/CLK (sky130_fd_sc_hd__dfrtp_1)
     4    0.016294    0.242278    0.787447    1.386840 ^ _1071_/Q (sky130_fd_sc_hd__dfrtp_1)
                                                         accumulator[14] (net)
                      0.242278    0.000964    1.387804 ^ _1034_/A2 (sky130_fd_sc_hd__a22o_1)
     1    0.002487    0.071738    0.328141    1.715945 ^ _1034_/X (sky130_fd_sc_hd__a22o_1)
                                                         _0035_ (net)
                      0.071738    0.000164    1.716108 ^ _1071_/D (sky130_fd_sc_hd__dfrtp_1)
                                              1.716108   data arrival time

                                  0.000000    0.000000   clock clk (rise edge)
                                  0.000000    0.000000   clock source latency
     1    0.013667    0.106385    0.071062    0.071062 ^ clk (in)
                                                         clk (net)
                      0.106405    0.000000    0.071062 ^ clkbuf_0_clk/A (sky130_fd_sc_hd__clkbuf_16)
     4    0.042516    0.097035    0.269399    0.340461 ^ clkbuf_0_clk/X (sky130_fd_sc_hd__clkbuf_16)
                                                         clknet_0_clk (net)
                      0.097136    0.001586    0.342047 ^ clkbuf_2_3__f_clk/A (sky130_fd_sc_hd__clkbuf_16)
    11    0.034762    0.087318    0.253585    0.595631 ^ clkbuf_2_3__f_clk/X (sky130_fd_sc_hd__clkbuf_16)
                                                         clknet_2_3__leaf_clk (net)
                      0.087538    0.003761    0.599393 ^ _1071_/CLK (sky130_fd_sc_hd__dfrtp_1)
                                  0.250000    0.849393   clock uncertainty
                                  0.000000    0.849393   clock reconvergence pessimism
                                 -0.074459    0.774934   library hold time
                                              0.774934   data required time
---------------------------------------------------------------------------------------------
                                              0.774934   data required time
                                             -1.716108   data arrival time
---------------------------------------------------------------------------------------------
                                              0.941175   slack (MET)


Startpoint: _1038_ (rising edge-triggered flip-flop clocked by clk)
Endpoint: _1039_ (rising edge-triggered flip-flop clocked by clk)
Path Group: clk
Path Type: min

Fanout         Cap        Slew       Delay        Time   Description
---------------------------------------------------------------------------------------------
                                  0.000000    0.000000   clock clk (rise edge)
                                  0.000000    0.000000   clock source latency
     1    0.013667    0.106385    0.071062    0.071062 ^ clk (in)
                                                         clk (net)
                      0.106405    0.000000    0.071062 ^ clkbuf_0_clk/A (sky130_fd_sc_hd__clkbuf_16)
     4    0.042516    0.097035    0.269399    0.340461 ^ clkbuf_0_clk/X (sky130_fd_sc_hd__clkbuf_16)
                                                         clknet_0_clk (net)
                      0.097139    0.001643    0.342104 ^ clkbuf_2_2__f_clk/A (sky130_fd_sc_hd__clkbuf_16)
    11    0.032699    0.084310    0.251075    0.593179 ^ clkbuf_2_2__f_clk/X (sky130_fd_sc_hd__clkbuf_16)
                                                         clknet_2_2__leaf_clk (net)
                      0.084433    0.002788    0.595967 ^ _1038_/CLK (sky130_fd_sc_hd__dfrtp_1)
     4    0.014223    0.215542    0.766521    1.362488 ^ _1038_/Q (sky130_fd_sc_hd__dfrtp_1)
                                                         pixel_count[2] (net)
                      0.215542    0.000922    1.363410 ^ _0529_/A1 (sky130_fd_sc_hd__a21oi_1)
     1    0.003671    0.061706    0.190130    1.553540 v _0529_/Y (sky130_fd_sc_hd__a21oi_1)
                                                         _0037_ (net)
                      0.061706    0.000234    1.553774 v _0531_/A (sky130_fd_sc_hd__nor2_1)
     1    0.004852    0.182836    0.205199    1.758973 ^ _0531_/Y (sky130_fd_sc_hd__nor2_1)
                                                         _0004_ (net)
                      0.182837    0.000340    1.759313 ^ _1039_/D (sky130_fd_sc_hd__dfrtp_1)
                                              1.759313   data arrival time

                                  0.000000    0.000000   clock clk (rise edge)
                                  0.000000    0.000000   clock source latency
     1    0.013667    0.106385    0.071062    0.071062 ^ clk (in)
                                                         clk (net)
                      0.106405    0.000000    0.071062 ^ clkbuf_0_clk/A (sky130_fd_sc_hd__clkbuf_16)
     4    0.042516    0.097035    0.269399    0.340461 ^ clkbuf_0_clk/X (sky130_fd_sc_hd__clkbuf_16)
                                                         clknet_0_clk (net)
                      0.097139    0.001643    0.342104 ^ clkbuf_2_2__f_clk/A (sky130_fd_sc_hd__clkbuf_16)
    11    0.032699    0.084310    0.251075    0.593179 ^ clkbuf_2_2__f_clk/X (sky130_fd_sc_hd__clkbuf_16)
                                                         clknet_2_2__leaf_clk (net)
                      0.084426    0.002717    0.595896 ^ _1039_/CLK (sky130_fd_sc_hd__dfrtp_1)
                                  0.250000    0.845896   clock uncertainty
                                  0.000000    0.845896   clock reconvergence pessimism
                                 -0.100322    0.745574   library hold time
                                              0.745574   data required time
---------------------------------------------------------------------------------------------
                                              0.745574   data required time
                                             -1.759313   data arrival time
---------------------------------------------------------------------------------------------
                                              1.013739   slack (MET)


Startpoint: _1037_ (rising edge-triggered flip-flop clocked by clk)
Endpoint: _1038_ (rising edge-triggered flip-flop clocked by clk)
Path Group: clk
Path Type: min

Fanout         Cap        Slew       Delay        Time   Description
---------------------------------------------------------------------------------------------
                                  0.000000    0.000000   clock clk (rise edge)
                                  0.000000    0.000000   clock source latency
     1    0.013667    0.106385    0.071062    0.071062 ^ clk (in)
                                                         clk (net)
                      0.106405    0.000000    0.071062 ^ clkbuf_0_clk/A (sky130_fd_sc_hd__clkbuf_16)
     4    0.042516    0.097035    0.269399    0.340461 ^ clkbuf_0_clk/X (sky130_fd_sc_hd__clkbuf_16)
                                                         clknet_0_clk (net)
                      0.097160    0.001986    0.342447 ^ clkbuf_2_0__f_clk/A (sky130_fd_sc_hd__clkbuf_16)
    10    0.030935    0.081783    0.248926    0.591373 ^ clkbuf_2_0__f_clk/X (sky130_fd_sc_hd__clkbuf_16)
                                                         clknet_2_0__leaf_clk (net)
                      0.081814    0.001477    0.592850 ^ _1037_/CLK (sky130_fd_sc_hd__dfrtp_1)
     3    0.008237    0.143681    0.702987    1.295837 ^ _1037_/Q (sky130_fd_sc_hd__dfrtp_1)
                                                         pixel_count[1] (net)
                      0.143681    0.000464    1.296301 ^ _0525_/A (sky130_fd_sc_hd__and3_1)
     4    0.018467    0.298466    0.482886    1.779187 ^ _0525_/X (sky130_fd_sc_hd__and3_1)
                                                         _0516_ (net)
                      0.298469    0.001476    1.780664 ^ _0528_/B (sky130_fd_sc_hd__xor2_1)
     1    0.003707    0.074917    0.217590    1.998254 v _0528_/X (sky130_fd_sc_hd__xor2_1)
                                                         _0003_ (net)
                      0.074917    0.000228    1.998482 v _1038_/D (sky130_fd_sc_hd__dfrtp_1)
                                              1.998482   data arrival time

                                  0.000000    0.000000   clock clk (rise edge)
                                  0.000000    0.000000   clock source latency
     1    0.013667    0.106385    0.071062    0.071062 ^ clk (in)
                                                         clk (net)
                      0.106405    0.000000    0.071062 ^ clkbuf_0_clk/A (sky130_fd_sc_hd__clkbuf_16)
     4    0.042516    0.097035    0.269399    0.340461 ^ clkbuf_0_clk/X (sky130_fd_sc_hd__clkbuf_16)
                                                         clknet_0_clk (net)
                      0.097139    0.001643    0.342104 ^ clkbuf_2_2__f_clk/A (sky130_fd_sc_hd__clkbuf_16)
    11    0.032699    0.084310    0.251075    0.593179 ^ clkbuf_2_2__f_clk/X (sky130_fd_sc_hd__clkbuf_16)
                                                         clknet_2_2__leaf_clk (net)
                      0.084433    0.002788    0.595967 ^ _1038_/CLK (sky130_fd_sc_hd__dfrtp_1)
                                  0.250000    0.845967   clock uncertainty
                                  0.000000    0.845967   clock reconvergence pessimism
                                 -0.095548    0.750418   library hold time
                                              0.750418   data required time
---------------------------------------------------------------------------------------------
                                              0.750418   data required time
                                             -1.998482   data arrival time
---------------------------------------------------------------------------------------------
                                              1.248064   slack (MET)


Startpoint: _1057_ (rising edge-triggered flip-flop clocked by clk)
Endpoint: _1041_ (rising edge-triggered flip-flop clocked by clk)
Path Group: clk
Path Type: min

Fanout         Cap        Slew       Delay        Time   Description
---------------------------------------------------------------------------------------------
                                  0.000000    0.000000   clock clk (rise edge)
                                  0.000000    0.000000   clock source latency
     1    0.013667    0.106385    0.071062    0.071062 ^ clk (in)
                                                         clk (net)
                      0.106405    0.000000    0.071062 ^ clkbuf_0_clk/A (sky130_fd_sc_hd__clkbuf_16)
     4    0.042516    0.097035    0.269399    0.340461 ^ clkbuf_0_clk/X (sky130_fd_sc_hd__clkbuf_16)
                                                         clknet_0_clk (net)
                      0.097160    0.001986    0.342447 ^ clkbuf_2_0__f_clk/A (sky130_fd_sc_hd__clkbuf_16)
    10    0.030935    0.081783    0.248926    0.591373 ^ clkbuf_2_0__f_clk/X (sky130_fd_sc_hd__clkbuf_16)
                                                         clknet_2_0__leaf_clk (net)
                      0.081826    0.001686    0.593058 ^ _1057_/CLK (sky130_fd_sc_hd__dfrtp_1)
     3    0.008731    0.149789    0.708207    1.301265 ^ _1057_/Q (sky130_fd_sc_hd__dfrtp_1)
                                                         accumulator[0] (net)
                      0.149789    0.000513    1.301779 ^ _0533_/B1 (sky130_fd_sc_hd__a21oi_1)
     1    0.002746    0.058856    0.100246    1.402025 v _0533_/Y (sky130_fd_sc_hd__a21oi_1)
                                                         _0040_ (net)
                      0.058856    0.000188    1.402212 v _0534_/B (sky130_fd_sc_hd__nor2_1)
     2    0.010420    0.335923    0.294970    1.697182 ^ _0534_/Y (sky130_fd_sc_hd__nor2_1)
                                                         _0041_ (net)
                      0.335925    0.000738    1.697920 ^ _0535_/A0 (sky130_fd_sc_hd__mux2_1)
     1    0.002399    0.067648    0.322788    2.020708 ^ _0535_/X (sky130_fd_sc_hd__mux2_1)
                                                         _0005_ (net)
                      0.067648    0.000163    2.020871 ^ _1041_/D (sky130_fd_sc_hd__dfrtp_1)
                                              2.020871   data arrival time

                                  0.000000    0.000000   clock clk (rise edge)
                                  0.000000    0.000000   clock source latency
     1    0.013667    0.106385    0.071062    0.071062 ^ clk (in)
                                                         clk (net)
                      0.106405    0.000000    0.071062 ^ clkbuf_0_clk/A (sky130_fd_sc_hd__clkbuf_16)
     4    0.042516    0.097035    0.269399    0.340461 ^ clkbuf_0_clk/X (sky130_fd_sc_hd__clkbuf_16)
                                                         clknet_0_clk (net)
                      0.097139    0.001643    0.342104 ^ clkbuf_2_2__f_clk/A (sky130_fd_sc_hd__clkbuf_16)
    11    0.032699    0.084310    0.251075    0.593179 ^ clkbuf_2_2__f_clk/X (sky130_fd_sc_hd__clkbuf_16)
                                                         clknet_2_2__leaf_clk (net)
                      0.084440    0.002859    0.596038 ^ _1041_/CLK (sky130_fd_sc_hd__dfrtp_1)
                                  0.250000    0.846038   clock uncertainty
                                  0.000000    0.846038   clock reconvergence pessimism
                                 -0.074034    0.772004   library hold time
                                              0.772004   data required time
---------------------------------------------------------------------------------------------
                                              0.772004   data required time
                                             -2.020871   data arrival time
---------------------------------------------------------------------------------------------
                                              1.248867   slack (MET)


Startpoint: rst_n (input port clocked by clk)
Endpoint: _1058_ (removal check against rising-edge clock clk)
Path Group: asynchronous
Path Type: min

Fanout         Cap        Slew       Delay        Time   Description
---------------------------------------------------------------------------------------------
                                  0.000000    0.000000   clock clk (rise edge)
                                  0.000000    0.000000   clock network delay (propagated)
                                  2.000000    2.000000 ^ input external delay
     1    0.003901    0.039646    0.021655    2.021655 ^ rst_n (in)
                                                         rst_n (net)
                      0.039646    0.000000    2.021655 ^ input9/A (sky130_fd_sc_hd__buf_1)
     3    0.016627    0.321954    0.315041    2.336697 ^ input9/X (sky130_fd_sc_hd__buf_1)
                                                         net9 (net)
                      0.321975    0.002146    2.338843 ^ fanout47/A (sky130_fd_sc_hd__buf_2)
     8    0.042141    0.331928    0.492691    2.831534 ^ fanout47/X (sky130_fd_sc_hd__buf_2)
                                                         net47 (net)
                      0.331972    0.003894    2.835429 ^ _1058_/RESET_B (sky130_fd_sc_hd__dfrtp_1)
                                              2.835429   data arrival time

                                  0.000000    0.000000   clock clk (rise edge)
                                  0.000000    0.000000   clock source latency
     1    0.013667    0.106385    0.071062    0.071062 ^ clk (in)
                                                         clk (net)
                      0.106405    0.000000    0.071062 ^ clkbuf_0_clk/A (sky130_fd_sc_hd__clkbuf_16)
     4    0.042516    0.097035    0.269399    0.340461 ^ clkbuf_0_clk/X (sky130_fd_sc_hd__clkbuf_16)
                                                         clknet_0_clk (net)
                      0.097160    0.001986    0.342447 ^ clkbuf_2_0__f_clk/A (sky130_fd_sc_hd__clkbuf_16)
    10    0.030935    0.081783    0.248926    0.591373 ^ clkbuf_2_0__f_clk/X (sky130_fd_sc_hd__clkbuf_16)
                                                         clknet_2_0__leaf_clk (net)
                      0.081818    0.001555    0.592928 ^ _1058_/CLK (sky130_fd_sc_hd__dfrtp_1)
                                  0.250000    0.842928   clock uncertainty
                                  0.000000    0.842928   clock reconvergence pessimism
                                  0.741496    1.584424   library removal time
                                              1.584424   data required time
---------------------------------------------------------------------------------------------
                                              1.584424   data required time
                                             -2.835429   data arrival time
---------------------------------------------------------------------------------------------
                                              1.251004   slack (MET)


Startpoint: rst_n (input port clocked by clk)
Endpoint: _1061_ (removal check against rising-edge clock clk)
Path Group: asynchronous
Path Type: min

Fanout         Cap        Slew       Delay        Time   Description
---------------------------------------------------------------------------------------------
                                  0.000000    0.000000   clock clk (rise edge)
                                  0.000000    0.000000   clock network delay (propagated)
                                  2.000000    2.000000 ^ input external delay
     1    0.003901    0.039646    0.021655    2.021655 ^ rst_n (in)
                                                         rst_n (net)
                      0.039646    0.000000    2.021655 ^ input9/A (sky130_fd_sc_hd__buf_1)
     3    0.016627    0.321954    0.315041    2.336697 ^ input9/X (sky130_fd_sc_hd__buf_1)
                                                         net9 (net)
                      0.321975    0.002146    2.338843 ^ fanout47/A (sky130_fd_sc_hd__buf_2)
     8    0.042141    0.331928    0.492691    2.831534 ^ fanout47/X (sky130_fd_sc_hd__buf_2)
                                                         net47 (net)
                      0.331999    0.004732    2.836266 ^ _1061_/RESET_B (sky130_fd_sc_hd__dfrtp_1)
                                              2.836266   data arrival time

                                  0.000000    0.000000   clock clk (rise edge)
                                  0.000000    0.000000   clock source latency
     1    0.013667    0.106385    0.071062    0.071062 ^ clk (in)
                                                         clk (net)
                      0.106405    0.000000    0.071062 ^ clkbuf_0_clk/A (sky130_fd_sc_hd__clkbuf_16)
     4    0.042516    0.097035    0.269399    0.340461 ^ clkbuf_0_clk/X (sky130_fd_sc_hd__clkbuf_16)
                                                         clknet_0_clk (net)
                      0.097169    0.002127    0.342588 ^ clkbuf_2_1__f_clk/A (sky130_fd_sc_hd__clkbuf_16)
     8    0.029645    0.079989    0.247182    0.589770 ^ clkbuf_2_1__f_clk/X (sky130_fd_sc_hd__clkbuf_16)
                                                         clknet_2_1__leaf_clk (net)
                      0.080033    0.001663    0.591432 ^ _1061_/CLK (sky130_fd_sc_hd__dfrtp_1)
                                  0.250000    0.841433   clock uncertainty
                                  0.000000    0.841433   clock reconvergence pessimism
                                  0.740968    1.582401   library removal time
                                              1.582401   data required time
---------------------------------------------------------------------------------------------
                                              1.582401   data required time
                                             -2.836266   data arrival time
---------------------------------------------------------------------------------------------
                                              1.253865   slack (MET)


Startpoint: rst_n (input port clocked by clk)
Endpoint: _1062_ (removal check against rising-edge clock clk)
Path Group: asynchronous
Path Type: min

Fanout         Cap        Slew       Delay        Time   Description
---------------------------------------------------------------------------------------------
                                  0.000000    0.000000   clock clk (rise edge)
                                  0.000000    0.000000   clock network delay (propagated)
                                  2.000000    2.000000 ^ input external delay
     1    0.003901    0.039646    0.021655    2.021655 ^ rst_n (in)
                                                         rst_n (net)
                      0.039646    0.000000    2.021655 ^ input9/A (sky130_fd_sc_hd__buf_1)
     3    0.016627    0.321954    0.315041    2.336697 ^ input9/X (sky130_fd_sc_hd__buf_1)
                                                         net9 (net)
                      0.321975    0.002146    2.338843 ^ fanout47/A (sky130_fd_sc_hd__buf_2)
     8    0.042141    0.331928    0.492691    2.831534 ^ fanout47/X (sky130_fd_sc_hd__buf_2)
                                                         net47 (net)
                      0.332003    0.004855    2.836390 ^ _1062_/RESET_B (sky130_fd_sc_hd__dfrtp_1)
                                              2.836390   data arrival time

                                  0.000000    0.000000   clock clk (rise edge)
                                  0.000000    0.000000   clock source latency
     1    0.013667    0.106385    0.071062    0.071062 ^ clk (in)
                                                         clk (net)
                      0.106405    0.000000    0.071062 ^ clkbuf_0_clk/A (sky130_fd_sc_hd__clkbuf_16)
     4    0.042516    0.097035    0.269399    0.340461 ^ clkbuf_0_clk/X (sky130_fd_sc_hd__clkbuf_16)
                                                         clknet_0_clk (net)
                      0.097169    0.002127    0.342588 ^ clkbuf_2_1__f_clk/A (sky130_fd_sc_hd__clkbuf_16)
     8    0.029645    0.079989    0.247182    0.589770 ^ clkbuf_2_1__f_clk/X (sky130_fd_sc_hd__clkbuf_16)
                                                         clknet_2_1__leaf_clk (net)
                      0.080032    0.001638    0.591408 ^ _1062_/CLK (sky130_fd_sc_hd__dfrtp_1)
                                  0.250000    0.841408   clock uncertainty
                                  0.000000    0.841408   clock reconvergence pessimism
                                  0.740969    1.582377   library removal time
                                              1.582377   data required time
---------------------------------------------------------------------------------------------
                                              1.582377   data required time
                                             -2.836390   data arrival time
---------------------------------------------------------------------------------------------
                                              1.254013   slack (MET)


Startpoint: rst_n (input port clocked by clk)
Endpoint: _1045_ (removal check against rising-edge clock clk)
Path Group: asynchronous
Path Type: min

Fanout         Cap        Slew       Delay        Time   Description
---------------------------------------------------------------------------------------------
                                  0.000000    0.000000   clock clk (rise edge)
                                  0.000000    0.000000   clock network delay (propagated)
                                  2.000000    2.000000 ^ input external delay
     1    0.003901    0.039646    0.021655    2.021655 ^ rst_n (in)
                                                         rst_n (net)
                      0.039646    0.000000    2.021655 ^ input9/A (sky130_fd_sc_hd__buf_1)
     3    0.016627    0.321954    0.315041    2.336697 ^ input9/X (sky130_fd_sc_hd__buf_1)
                                                         net9 (net)
                      0.321975    0.002146    2.338843 ^ fanout47/A (sky130_fd_sc_hd__buf_2)
     8    0.042141    0.331928    0.492691    2.831534 ^ fanout47/X (sky130_fd_sc_hd__buf_2)
                                                         net47 (net)
                      0.332006    0.004920    2.836455 ^ _1045_/RESET_B (sky130_fd_sc_hd__dfrtp_1)
                                              2.836455   data arrival time

                                  0.000000    0.000000   clock clk (rise edge)
                                  0.000000    0.000000   clock source latency
     1    0.013667    0.106385    0.071062    0.071062 ^ clk (in)
                                                         clk (net)
                      0.106405    0.000000    0.071062 ^ clkbuf_0_clk/A (sky130_fd_sc_hd__clkbuf_16)
     4    0.042516    0.097035    0.269399    0.340461 ^ clkbuf_0_clk/X (sky130_fd_sc_hd__clkbuf_16)
                                                         clknet_0_clk (net)
                      0.097169    0.002127    0.342588 ^ clkbuf_2_1__f_clk/A (sky130_fd_sc_hd__clkbuf_16)
     8    0.029645    0.079989    0.247182    0.589770 ^ clkbuf_2_1__f_clk/X (sky130_fd_sc_hd__clkbuf_16)
                                                         clknet_2_1__leaf_clk (net)
                      0.080036    0.001699    0.591469 ^ _1045_/CLK (sky130_fd_sc_hd__dfrtp_1)
                                  0.250000    0.841469   clock uncertainty
                                  0.000000    0.841469   clock reconvergence pessimism
                                  0.740971    1.582440   library removal time
                                              1.582440   data required time
---------------------------------------------------------------------------------------------
                                              1.582440   data required time
                                             -2.836455   data arrival time
---------------------------------------------------------------------------------------------
                                              1.254015   slack (MET)


Startpoint: rst_n (input port clocked by clk)
Endpoint: _1047_ (removal check against rising-edge clock clk)
Path Group: asynchronous
Path Type: min

Fanout         Cap        Slew       Delay        Time   Description
---------------------------------------------------------------------------------------------
                                  0.000000    0.000000   clock clk (rise edge)
                                  0.000000    0.000000   clock network delay (propagated)
                                  2.000000    2.000000 ^ input external delay
     1    0.003901    0.039646    0.021655    2.021655 ^ rst_n (in)
                                                         rst_n (net)
                      0.039646    0.000000    2.021655 ^ input9/A (sky130_fd_sc_hd__buf_1)
     3    0.016627    0.321954    0.315041    2.336697 ^ input9/X (sky130_fd_sc_hd__buf_1)
                                                         net9 (net)
                      0.321975    0.002146    2.338843 ^ fanout47/A (sky130_fd_sc_hd__buf_2)
     8    0.042141    0.331928    0.492691    2.831534 ^ fanout47/X (sky130_fd_sc_hd__buf_2)
                                                         net47 (net)
                      0.332022    0.005335    2.836869 ^ _1047_/RESET_B (sky130_fd_sc_hd__dfrtp_1)
                                              2.836869   data arrival time

                                  0.000000    0.000000   clock clk (rise edge)
                                  0.000000    0.000000   clock source latency
     1    0.013667    0.106385    0.071062    0.071062 ^ clk (in)
                                                         clk (net)
                      0.106405    0.000000    0.071062 ^ clkbuf_0_clk/A (sky130_fd_sc_hd__clkbuf_16)
     4    0.042516    0.097035    0.269399    0.340461 ^ clkbuf_0_clk/X (sky130_fd_sc_hd__clkbuf_16)
                                                         clknet_0_clk (net)
                      0.097169    0.002127    0.342588 ^ clkbuf_2_1__f_clk/A (sky130_fd_sc_hd__clkbuf_16)
     8    0.029645    0.079989    0.247182    0.589770 ^ clkbuf_2_1__f_clk/X (sky130_fd_sc_hd__clkbuf_16)
                                                         clknet_2_1__leaf_clk (net)
                      0.080011    0.001246    0.591015 ^ _1047_/CLK (sky130_fd_sc_hd__dfrtp_1)
                                  0.250000    0.841015   clock uncertainty
                                  0.000000    0.841015   clock reconvergence pessimism
                                  0.740969    1.581984   library removal time
                                              1.581984   data required time
---------------------------------------------------------------------------------------------
                                              1.581984   data required time
                                             -2.836869   data arrival time
---------------------------------------------------------------------------------------------
                                              1.254885   slack (MET)


Startpoint: rst_n (input port clocked by clk)
Endpoint: _1046_ (removal check against rising-edge clock clk)
Path Group: asynchronous
Path Type: min

Fanout         Cap        Slew       Delay        Time   Description
---------------------------------------------------------------------------------------------
                                  0.000000    0.000000   clock clk (rise edge)
                                  0.000000    0.000000   clock network delay (propagated)
                                  2.000000    2.000000 ^ input external delay
     1    0.003901    0.039646    0.021655    2.021655 ^ rst_n (in)
                                                         rst_n (net)
                      0.039646    0.000000    2.021655 ^ input9/A (sky130_fd_sc_hd__buf_1)
     3    0.016627    0.321954    0.315041    2.336697 ^ input9/X (sky130_fd_sc_hd__buf_1)
                                                         net9 (net)
                      0.321975    0.002146    2.338843 ^ fanout47/A (sky130_fd_sc_hd__buf_2)
     8    0.042141    0.331928    0.492691    2.831534 ^ fanout47/X (sky130_fd_sc_hd__buf_2)
                                                         net47 (net)
                      0.332028    0.005479    2.837013 ^ _1046_/RESET_B (sky130_fd_sc_hd__dfrtp_1)
                                              2.837013   data arrival time

                                  0.000000    0.000000   clock clk (rise edge)
                                  0.000000    0.000000   clock source latency
     1    0.013667    0.106385    0.071062    0.071062 ^ clk (in)
                                                         clk (net)
                      0.106405    0.000000    0.071062 ^ clkbuf_0_clk/A (sky130_fd_sc_hd__clkbuf_16)
     4    0.042516    0.097035    0.269399    0.340461 ^ clkbuf_0_clk/X (sky130_fd_sc_hd__clkbuf_16)
                                                         clknet_0_clk (net)
                      0.097169    0.002127    0.342588 ^ clkbuf_2_1__f_clk/A (sky130_fd_sc_hd__clkbuf_16)
     8    0.029645    0.079989    0.247182    0.589770 ^ clkbuf_2_1__f_clk/X (sky130_fd_sc_hd__clkbuf_16)
                                                         clknet_2_1__leaf_clk (net)
                      0.080004    0.001075    0.590844 ^ _1046_/CLK (sky130_fd_sc_hd__dfrtp_1)
                                  0.250000    0.840844   clock uncertainty
                                  0.000000    0.840844   clock reconvergence pessimism
                                  0.740968    1.581813   library removal time
                                              1.581813   data required time
---------------------------------------------------------------------------------------------
                                              1.581813   data required time
                                             -2.837013   data arrival time
---------------------------------------------------------------------------------------------
                                              1.255200   slack (MET)


Startpoint: rst_n (input port clocked by clk)
Endpoint: _1049_ (removal check against rising-edge clock clk)
Path Group: asynchronous
Path Type: min

Fanout         Cap        Slew       Delay        Time   Description
---------------------------------------------------------------------------------------------
                                  0.000000    0.000000   clock clk (rise edge)
                                  0.000000    0.000000   clock network delay (propagated)
                                  2.000000    2.000000 ^ input external delay
     1    0.003901    0.039646    0.021655    2.021655 ^ rst_n (in)
                                                         rst_n (net)
                      0.039646    0.000000    2.021655 ^ input9/A (sky130_fd_sc_hd__buf_1)
     3    0.016627    0.321954    0.315041    2.336697 ^ input9/X (sky130_fd_sc_hd__buf_1)
                                                         net9 (net)
                      0.321975    0.002146    2.338843 ^ fanout47/A (sky130_fd_sc_hd__buf_2)
     8    0.042141    0.331928    0.492691    2.831534 ^ fanout47/X (sky130_fd_sc_hd__buf_2)
                                                         net47 (net)
                      0.332032    0.005582    2.837116 ^ _1049_/RESET_B (sky130_fd_sc_hd__dfrtp_1)
                                              2.837116   data arrival time

                                  0.000000    0.000000   clock clk (rise edge)
                                  0.000000    0.000000   clock source latency
     1    0.013667    0.106385    0.071062    0.071062 ^ clk (in)
                                                         clk (net)
                      0.106405    0.000000    0.071062 ^ clkbuf_0_clk/A (sky130_fd_sc_hd__clkbuf_16)
     4    0.042516    0.097035    0.269399    0.340461 ^ clkbuf_0_clk/X (sky130_fd_sc_hd__clkbuf_16)
                                                         clknet_0_clk (net)
                      0.097169    0.002127    0.342588 ^ clkbuf_2_1__f_clk/A (sky130_fd_sc_hd__clkbuf_16)
     8    0.029645    0.079989    0.247182    0.589770 ^ clkbuf_2_1__f_clk/X (sky130_fd_sc_hd__clkbuf_16)
                                                         clknet_2_1__leaf_clk (net)
                      0.080007    0.001158    0.590928 ^ _1049_/CLK (sky130_fd_sc_hd__dfrtp_1)
                                  0.250000    0.840928   clock uncertainty
                                  0.000000    0.840928   clock reconvergence pessimism
                                  0.740971    1.581899   library removal time
                                              1.581899   data required time
---------------------------------------------------------------------------------------------
                                              1.581899   data required time
                                             -2.837116   data arrival time
---------------------------------------------------------------------------------------------
                                              1.255217   slack (MET)


Startpoint: _1057_ (rising edge-triggered flip-flop clocked by clk)
Endpoint: _1057_ (rising edge-triggered flip-flop clocked by clk)
Path Group: clk
Path Type: min

Fanout         Cap        Slew       Delay        Time   Description
---------------------------------------------------------------------------------------------
                                  0.000000    0.000000   clock clk (rise edge)
                                  0.000000    0.000000   clock source latency
     1    0.013667    0.106385    0.071062    0.071062 ^ clk (in)
                                                         clk (net)
                      0.106405    0.000000    0.071062 ^ clkbuf_0_clk/A (sky130_fd_sc_hd__clkbuf_16)
     4    0.042516    0.097035    0.269399    0.340461 ^ clkbuf_0_clk/X (sky130_fd_sc_hd__clkbuf_16)
                                                         clknet_0_clk (net)
                      0.097160    0.001986    0.342447 ^ clkbuf_2_0__f_clk/A (sky130_fd_sc_hd__clkbuf_16)
    10    0.030935    0.081783    0.248926    0.591373 ^ clkbuf_2_0__f_clk/X (sky130_fd_sc_hd__clkbuf_16)
                                                         clknet_2_0__leaf_clk (net)
                      0.081826    0.001686    0.593058 ^ _1057_/CLK (sky130_fd_sc_hd__dfrtp_1)
     3    0.008731    0.149789    0.708207    1.301265 ^ _1057_/Q (sky130_fd_sc_hd__dfrtp_1)
                                                         accumulator[0] (net)
                      0.149789    0.000513    1.301779 ^ _0533_/B1 (sky130_fd_sc_hd__a21oi_1)
     1    0.002746    0.058856    0.100246    1.402025 v _0533_/Y (sky130_fd_sc_hd__a21oi_1)
                                                         _0040_ (net)
                      0.058856    0.000188    1.402212 v _0534_/B (sky130_fd_sc_hd__nor2_1)
     2    0.010420    0.335923    0.294970    1.697182 ^ _0534_/Y (sky130_fd_sc_hd__nor2_1)
                                                         _0041_ (net)
                      0.335924    0.000557    1.697739 ^ _1020_/B2 (sky130_fd_sc_hd__a22o_1)
     1    0.002984    0.078006    0.336440    2.034179 ^ _1020_/X (sky130_fd_sc_hd__a22o_1)
                                                         _0021_ (net)
                      0.078006    0.000193    2.034373 ^ _1057_/D (sky130_fd_sc_hd__dfrtp_1)
                                              2.034373   data arrival time

                                  0.000000    0.000000   clock clk (rise edge)
                                  0.000000    0.000000   clock source latency
     1    0.013667    0.106385    0.071062    0.071062 ^ clk (in)
                                                         clk (net)
                      0.106405    0.000000    0.071062 ^ clkbuf_0_clk/A (sky130_fd_sc_hd__clkbuf_16)
     4    0.042516    0.097035    0.269399    0.340461 ^ clkbuf_0_clk/X (sky130_fd_sc_hd__clkbuf_16)
                                                         clknet_0_clk (net)
                      0.097160    0.001986    0.342447 ^ clkbuf_2_0__f_clk/A (sky130_fd_sc_hd__clkbuf_16)
    10    0.030935    0.081783    0.248926    0.591373 ^ clkbuf_2_0__f_clk/X (sky130_fd_sc_hd__clkbuf_16)
                                                         clknet_2_0__leaf_clk (net)
                      0.081826    0.001686    0.593058 ^ _1057_/CLK (sky130_fd_sc_hd__dfrtp_1)
                                  0.250000    0.843058   clock uncertainty
                                  0.000000    0.843058   clock reconvergence pessimism
                                 -0.076827    0.766232   library hold time
                                              0.766232   data required time
---------------------------------------------------------------------------------------------
                                              0.766232   data required time
                                             -2.034373   data arrival time
---------------------------------------------------------------------------------------------
                                              1.268141   slack (MET)


Startpoint: rst_n (input port clocked by clk)
Endpoint: _1048_ (removal check against rising-edge clock clk)
Path Group: asynchronous
Path Type: min

Fanout         Cap        Slew       Delay        Time   Description
---------------------------------------------------------------------------------------------
                                  0.000000    0.000000   clock clk (rise edge)
                                  0.000000    0.000000   clock network delay (propagated)
                                  2.000000    2.000000 ^ input external delay
     1    0.003901    0.039646    0.021655    2.021655 ^ rst_n (in)
                                                         rst_n (net)
                      0.039646    0.000000    2.021655 ^ input9/A (sky130_fd_sc_hd__buf_1)
     3    0.016627    0.321954    0.315041    2.336697 ^ input9/X (sky130_fd_sc_hd__buf_1)
                                                         net9 (net)
                      0.321977    0.002272    2.338968 ^ fanout49/A (sky130_fd_sc_hd__clkbuf_4)
    10    0.051419    0.255386    0.496585    2.835553 ^ fanout49/X (sky130_fd_sc_hd__clkbuf_4)
                                                         net49 (net)
                      0.255427    0.003265    2.838818 ^ _1048_/RESET_B (sky130_fd_sc_hd__dfrtp_1)
                                              2.838818   data arrival time

                                  0.000000    0.000000   clock clk (rise edge)
                                  0.000000    0.000000   clock source latency
     1    0.013667    0.106385    0.071062    0.071062 ^ clk (in)
                                                         clk (net)
                      0.106405    0.000000    0.071062 ^ clkbuf_0_clk/A (sky130_fd_sc_hd__clkbuf_16)
     4    0.042516    0.097035    0.269399    0.340461 ^ clkbuf_0_clk/X (sky130_fd_sc_hd__clkbuf_16)
                                                         clknet_0_clk (net)
                      0.097136    0.001586    0.342047 ^ clkbuf_2_3__f_clk/A (sky130_fd_sc_hd__clkbuf_16)
    11    0.034762    0.087318    0.253585    0.595631 ^ clkbuf_2_3__f_clk/X (sky130_fd_sc_hd__clkbuf_16)
                                                         clknet_2_3__leaf_clk (net)
                      0.087517    0.003592    0.599224 ^ _1048_/CLK (sky130_fd_sc_hd__dfrtp_1)
                                  0.250000    0.849224   clock uncertainty
                                  0.000000    0.849224   clock reconvergence pessimism
                                  0.719697    1.568921   library removal time
                                              1.568921   data required time
---------------------------------------------------------------------------------------------
                                              1.568921   data required time
                                             -2.838818   data arrival time
---------------------------------------------------------------------------------------------
                                              1.269897   slack (MET)


Startpoint: rst_n (input port clocked by clk)
Endpoint: _1064_ (removal check against rising-edge clock clk)
Path Group: asynchronous
Path Type: min

Fanout         Cap        Slew       Delay        Time   Description
---------------------------------------------------------------------------------------------
                                  0.000000    0.000000   clock clk (rise edge)
                                  0.000000    0.000000   clock network delay (propagated)
                                  2.000000    2.000000 ^ input external delay
     1    0.003901    0.039646    0.021655    2.021655 ^ rst_n (in)
                                                         rst_n (net)
                      0.039646    0.000000    2.021655 ^ input9/A (sky130_fd_sc_hd__buf_1)
     3    0.016627    0.321954    0.315041    2.336697 ^ input9/X (sky130_fd_sc_hd__buf_1)
                                                         net9 (net)
                      0.321977    0.002272    2.338968 ^ fanout49/A (sky130_fd_sc_hd__clkbuf_4)
    10    0.051419    0.255386    0.496585    2.835553 ^ fanout49/X (sky130_fd_sc_hd__clkbuf_4)
                                                         net49 (net)
                      0.255435    0.003505    2.839057 ^ _1064_/RESET_B (sky130_fd_sc_hd__dfrtp_1)
                                              2.839057   data arrival time

                                  0.000000    0.000000   clock clk (rise edge)
                                  0.000000    0.000000   clock source latency
     1    0.013667    0.106385    0.071062    0.071062 ^ clk (in)
                                                         clk (net)
                      0.106405    0.000000    0.071062 ^ clkbuf_0_clk/A (sky130_fd_sc_hd__clkbuf_16)
     4    0.042516    0.097035    0.269399    0.340461 ^ clkbuf_0_clk/X (sky130_fd_sc_hd__clkbuf_16)
                                                         clknet_0_clk (net)
                      0.097136    0.001586    0.342047 ^ clkbuf_2_3__f_clk/A (sky130_fd_sc_hd__clkbuf_16)
    11    0.034762    0.087318    0.253585    0.595631 ^ clkbuf_2_3__f_clk/X (sky130_fd_sc_hd__clkbuf_16)
                                                         clknet_2_3__leaf_clk (net)
                      0.087472    0.003210    0.598841 ^ _1064_/CLK (sky130_fd_sc_hd__dfrtp_1)
                                  0.250000    0.848841   clock uncertainty
                                  0.000000    0.848841   clock reconvergence pessimism
                                  0.719686    1.568528   library removal time
                                              1.568528   data required time
---------------------------------------------------------------------------------------------
                                              1.568528   data required time
                                             -2.839057   data arrival time
---------------------------------------------------------------------------------------------
                                              1.270530   slack (MET)


Startpoint: rst_n (input port clocked by clk)
Endpoint: _1065_ (removal check against rising-edge clock clk)
Path Group: asynchronous
Path Type: min

Fanout         Cap        Slew       Delay        Time   Description
---------------------------------------------------------------------------------------------
                                  0.000000    0.000000   clock clk (rise edge)
                                  0.000000    0.000000   clock network delay (propagated)
                                  2.000000    2.000000 ^ input external delay
     1    0.003901    0.039646    0.021655    2.021655 ^ rst_n (in)
                                                         rst_n (net)
                      0.039646    0.000000    2.021655 ^ input9/A (sky130_fd_sc_hd__buf_1)
     3    0.016627    0.321954    0.315041    2.336697 ^ input9/X (sky130_fd_sc_hd__buf_1)
                                                         net9 (net)
                      0.321977    0.002272    2.338968 ^ fanout49/A (sky130_fd_sc_hd__clkbuf_4)
    10    0.051419    0.255386    0.496585    2.835553 ^ fanout49/X (sky130_fd_sc_hd__clkbuf_4)
                                                         net49 (net)
                      0.255447    0.003846    2.839398 ^ _1065_/RESET_B (sky130_fd_sc_hd__dfrtp_1)
                                              2.839398   data arrival time

                                  0.000000    0.000000   clock clk (rise edge)
                                  0.000000    0.000000   clock source latency
     1    0.013667    0.106385    0.071062    0.071062 ^ clk (in)
                                                         clk (net)
                      0.106405    0.000000    0.071062 ^ clkbuf_0_clk/A (sky130_fd_sc_hd__clkbuf_16)
     4    0.042516    0.097035    0.269399    0.340461 ^ clkbuf_0_clk/X (sky130_fd_sc_hd__clkbuf_16)
                                                         clknet_0_clk (net)
                      0.097136    0.001586    0.342047 ^ clkbuf_2_3__f_clk/A (sky130_fd_sc_hd__clkbuf_16)
    11    0.034762    0.087318    0.253585    0.595631 ^ clkbuf_2_3__f_clk/X (sky130_fd_sc_hd__clkbuf_16)
                                                         clknet_2_3__leaf_clk (net)
                      0.087506    0.003502    0.599133 ^ _1065_/CLK (sky130_fd_sc_hd__dfrtp_1)
                                  0.250000    0.849133   clock uncertainty
                                  0.000000    0.849133   clock reconvergence pessimism
                                  0.719700    1.568833   library removal time
                                              1.568833   data required time
---------------------------------------------------------------------------------------------
                                              1.568833   data required time
                                             -2.839398   data arrival time
---------------------------------------------------------------------------------------------
                                              1.270565   slack (MET)


Startpoint: rst_n (input port clocked by clk)
Endpoint: _1066_ (removal check against rising-edge clock clk)
Path Group: asynchronous
Path Type: min

Fanout         Cap        Slew       Delay        Time   Description
---------------------------------------------------------------------------------------------
                                  0.000000    0.000000   clock clk (rise edge)
                                  0.000000    0.000000   clock network delay (propagated)
                                  2.000000    2.000000 ^ input external delay
     1    0.003901    0.039646    0.021655    2.021655 ^ rst_n (in)
                                                         rst_n (net)
                      0.039646    0.000000    2.021655 ^ input9/A (sky130_fd_sc_hd__buf_1)
     3    0.016627    0.321954    0.315041    2.336697 ^ input9/X (sky130_fd_sc_hd__buf_1)
                                                         net9 (net)
                      0.321977    0.002272    2.338968 ^ fanout49/A (sky130_fd_sc_hd__clkbuf_4)
    10    0.051419    0.255386    0.496585    2.835553 ^ fanout49/X (sky130_fd_sc_hd__clkbuf_4)
                                                         net49 (net)
                      0.255443    0.003743    2.839296 ^ _1066_/RESET_B (sky130_fd_sc_hd__dfrtp_1)
                                              2.839296   data arrival time

                                  0.000000    0.000000   clock clk (rise edge)
                                  0.000000    0.000000   clock source latency
     1    0.013667    0.106385    0.071062    0.071062 ^ clk (in)
                                                         clk (net)
                      0.106405    0.000000    0.071062 ^ clkbuf_0_clk/A (sky130_fd_sc_hd__clkbuf_16)
     4    0.042516    0.097035    0.269399    0.340461 ^ clkbuf_0_clk/X (sky130_fd_sc_hd__clkbuf_16)
                                                         clknet_0_clk (net)
                      0.097136    0.001586    0.342047 ^ clkbuf_2_3__f_clk/A (sky130_fd_sc_hd__clkbuf_16)
    11    0.034762    0.087318    0.253585    0.595631 ^ clkbuf_2_3__f_clk/X (sky130_fd_sc_hd__clkbuf_16)
                                                         clknet_2_3__leaf_clk (net)
                      0.087394    0.002370    0.598001 ^ _1066_/CLK (sky130_fd_sc_hd__dfrtp_1)
                                  0.250000    0.848001   clock uncertainty
                                  0.000000    0.848001   clock reconvergence pessimism
                                  0.719665    1.567666   library removal time
                                              1.567666   data required time
---------------------------------------------------------------------------------------------
                                              1.567666   data required time
                                             -2.839296   data arrival time
---------------------------------------------------------------------------------------------
                                              1.271630   slack (MET)


Startpoint: rst_n (input port clocked by clk)
Endpoint: _1067_ (removal check against rising-edge clock clk)
Path Group: asynchronous
Path Type: min

Fanout         Cap        Slew       Delay        Time   Description
---------------------------------------------------------------------------------------------
                                  0.000000    0.000000   clock clk (rise edge)
                                  0.000000    0.000000   clock network delay (propagated)
                                  2.000000    2.000000 ^ input external delay
     1    0.003901    0.039646    0.021655    2.021655 ^ rst_n (in)
                                                         rst_n (net)
                      0.039646    0.000000    2.021655 ^ input9/A (sky130_fd_sc_hd__buf_1)
     3    0.016627    0.321954    0.315041    2.336697 ^ input9/X (sky130_fd_sc_hd__buf_1)
                                                         net9 (net)
                      0.321977    0.002272    2.338968 ^ fanout49/A (sky130_fd_sc_hd__clkbuf_4)
    10    0.051419    0.255386    0.496585    2.835553 ^ fanout49/X (sky130_fd_sc_hd__clkbuf_4)
                                                         net49 (net)
                      0.255451    0.003937    2.839490 ^ _1067_/RESET_B (sky130_fd_sc_hd__dfrtp_1)
                                              2.839490   data arrival time

                                  0.000000    0.000000   clock clk (rise edge)
                                  0.000000    0.000000   clock source latency
     1    0.013667    0.106385    0.071062    0.071062 ^ clk (in)
                                                         clk (net)
                      0.106405    0.000000    0.071062 ^ clkbuf_0_clk/A (sky130_fd_sc_hd__clkbuf_16)
     4    0.042516    0.097035    0.269399    0.340461 ^ clkbuf_0_clk/X (sky130_fd_sc_hd__clkbuf_16)
                                                         clknet_0_clk (net)
                      0.097136    0.001586    0.342047 ^ clkbuf_2_3__f_clk/A (sky130_fd_sc_hd__clkbuf_16)
    11    0.034762    0.087318    0.253585    0.595631 ^ clkbuf_2_3__f_clk/X (sky130_fd_sc_hd__clkbuf_16)
                                                         clknet_2_3__leaf_clk (net)
                      0.087359    0.001851    0.597482 ^ _1067_/CLK (sky130_fd_sc_hd__dfrtp_1)
                                  0.250000    0.847482   clock uncertainty
                                  0.000000    0.847482   clock reconvergence pessimism
                                  0.719657    1.567139   library removal time
                                              1.567139   data required time
---------------------------------------------------------------------------------------------
                                              1.567139   data required time
                                             -2.839490   data arrival time
---------------------------------------------------------------------------------------------
                                              1.272351   slack (MET)


Startpoint: rst_n (input port clocked by clk)
Endpoint: _1068_ (removal check against rising-edge clock clk)
Path Group: asynchronous
Path Type: min

Fanout         Cap        Slew       Delay        Time   Description
---------------------------------------------------------------------------------------------
                                  0.000000    0.000000   clock clk (rise edge)
                                  0.000000    0.000000   clock network delay (propagated)
                                  2.000000    2.000000 ^ input external delay
     1    0.003901    0.039646    0.021655    2.021655 ^ rst_n (in)
                                                         rst_n (net)
                      0.039646    0.000000    2.021655 ^ input9/A (sky130_fd_sc_hd__buf_1)
     3    0.016627    0.321954    0.315041    2.336697 ^ input9/X (sky130_fd_sc_hd__buf_1)
                                                         net9 (net)
                      0.321977    0.002272    2.338968 ^ fanout49/A (sky130_fd_sc_hd__clkbuf_4)
    10    0.051419    0.255386    0.496585    2.835553 ^ fanout49/X (sky130_fd_sc_hd__clkbuf_4)
                                                         net49 (net)
                      0.255443    0.003746    2.839299 ^ _1068_/RESET_B (sky130_fd_sc_hd__dfrtp_1)
                                              2.839299   data arrival time

                                  0.000000    0.000000   clock clk (rise edge)
                                  0.000000    0.000000   clock source latency
     1    0.013667    0.106385    0.071062    0.071062 ^ clk (in)
                                                         clk (net)
                      0.106405    0.000000    0.071062 ^ clkbuf_0_clk/A (sky130_fd_sc_hd__clkbuf_16)
     4    0.042516    0.097035    0.269399    0.340461 ^ clkbuf_0_clk/X (sky130_fd_sc_hd__clkbuf_16)
                                                         clknet_0_clk (net)
                      0.097136    0.001586    0.342047 ^ clkbuf_2_3__f_clk/A (sky130_fd_sc_hd__clkbuf_16)
    11    0.034762    0.087318    0.253585    0.595631 ^ clkbuf_2_3__f_clk/X (sky130_fd_sc_hd__clkbuf_16)
                                                         clknet_2_3__leaf_clk (net)
                      0.087345    0.001567    0.597198 ^ _1068_/CLK (sky130_fd_sc_hd__dfrtp_1)
                                  0.250000    0.847198   clock uncertainty
                                  0.000000    0.847198   clock reconvergence pessimism
                                  0.719650    1.566849   library removal time
                                              1.566849   data required time
---------------------------------------------------------------------------------------------
                                              1.566849   data required time
                                             -2.839299   data arrival time
---------------------------------------------------------------------------------------------
                                              1.272450   slack (MET)


Startpoint: rst_n (input port clocked by clk)
Endpoint: _1072_ (removal check against rising-edge clock clk)
Path Group: asynchronous
Path Type: min

Fanout         Cap        Slew       Delay        Time   Description
---------------------------------------------------------------------------------------------
                                  0.000000    0.000000   clock clk (rise edge)
                                  0.000000    0.000000   clock network delay (propagated)
                                  2.000000    2.000000 ^ input external delay
     1    0.003901    0.039646    0.021655    2.021655 ^ rst_n (in)
                                                         rst_n (net)
                      0.039646    0.000000    2.021655 ^ input9/A (sky130_fd_sc_hd__buf_1)
     3    0.016627    0.321954    0.315041    2.336697 ^ input9/X (sky130_fd_sc_hd__buf_1)
                                                         net9 (net)
                      0.321977    0.002272    2.338968 ^ fanout49/A (sky130_fd_sc_hd__clkbuf_4)
    10    0.051419    0.255386    0.496585    2.835553 ^ fanout49/X (sky130_fd_sc_hd__clkbuf_4)
                                                         net49 (net)
                      0.255387    0.001249    2.836801 ^ _1072_/RESET_B (sky130_fd_sc_hd__dfrtp_1)
                                              2.836801   data arrival time

                                  0.000000    0.000000   clock clk (rise edge)
                                  0.000000    0.000000   clock source latency
     1    0.013667    0.106385    0.071062    0.071062 ^ clk (in)
                                                         clk (net)
                      0.106405    0.000000    0.071062 ^ clkbuf_0_clk/A (sky130_fd_sc_hd__clkbuf_16)
     4    0.042516    0.097035    0.269399    0.340461 ^ clkbuf_0_clk/X (sky130_fd_sc_hd__clkbuf_16)
                                                         clknet_0_clk (net)
                      0.097139    0.001643    0.342104 ^ clkbuf_2_2__f_clk/A (sky130_fd_sc_hd__clkbuf_16)
    11    0.032699    0.084310    0.251075    0.593179 ^ clkbuf_2_2__f_clk/X (sky130_fd_sc_hd__clkbuf_16)
                                                         clknet_2_2__leaf_clk (net)
                      0.084364    0.001958    0.595137 ^ _1072_/CLK (sky130_fd_sc_hd__dfrtp_1)
                                  0.250000    0.845137   clock uncertainty
                                  0.000000    0.845137   clock reconvergence pessimism
                                  0.718736    1.563873   library removal time
                                              1.563873   data required time
---------------------------------------------------------------------------------------------
                                              1.563873   data required time
                                             -2.836801   data arrival time
---------------------------------------------------------------------------------------------
                                              1.272928   slack (MET)


Startpoint: rst_n (input port clocked by clk)
Endpoint: _1057_ (removal check against rising-edge clock clk)
Path Group: asynchronous
Path Type: min

Fanout         Cap        Slew       Delay        Time   Description
---------------------------------------------------------------------------------------------
                                  0.000000    0.000000   clock clk (rise edge)
                                  0.000000    0.000000   clock network delay (propagated)
                                  2.000000    2.000000 ^ input external delay
     1    0.003901    0.039646    0.021655    2.021655 ^ rst_n (in)
                                                         rst_n (net)
                      0.039646    0.000000    2.021655 ^ input9/A (sky130_fd_sc_hd__buf_1)
     3    0.016627    0.321954    0.315041    2.336697 ^ input9/X (sky130_fd_sc_hd__buf_1)
                                                         net9 (net)
                      0.321977    0.002272    2.338968 ^ fanout49/A (sky130_fd_sc_hd__clkbuf_4)
    10    0.051419    0.255386    0.496585    2.835553 ^ fanout49/X (sky130_fd_sc_hd__clkbuf_4)
                                                         net49 (net)
                      0.255419    0.003002    2.838555 ^ _1057_/RESET_B (sky130_fd_sc_hd__dfrtp_1)
                                              2.838555   data arrival time

                                  0.000000    0.000000   clock clk (rise edge)
                                  0.000000    0.000000   clock source latency
     1    0.013667    0.106385    0.071062    0.071062 ^ clk (in)
                                                         clk (net)
                      0.106405    0.000000    0.071062 ^ clkbuf_0_clk/A (sky130_fd_sc_hd__clkbuf_16)
     4    0.042516    0.097035    0.269399    0.340461 ^ clkbuf_0_clk/X (sky130_fd_sc_hd__clkbuf_16)
                                                         clknet_0_clk (net)
                      0.097160    0.001986    0.342447 ^ clkbuf_2_0__f_clk/A (sky130_fd_sc_hd__clkbuf_16)
    10    0.030935    0.081783    0.248926    0.591373 ^ clkbuf_2_0__f_clk/X (sky130_fd_sc_hd__clkbuf_16)
                                                         clknet_2_0__leaf_clk (net)
                      0.081826    0.001686    0.593058 ^ _1057_/CLK (sky130_fd_sc_hd__dfrtp_1)
                                  0.250000    0.843058   clock uncertainty
                                  0.000000    0.843058   clock reconvergence pessimism
                                  0.717983    1.561041   library removal time
                                              1.561041   data required time
---------------------------------------------------------------------------------------------
                                              1.561041   data required time
                                             -2.838555   data arrival time
---------------------------------------------------------------------------------------------
                                              1.277514   slack (MET)


Startpoint: rst_n (input port clocked by clk)
Endpoint: _1063_ (removal check against rising-edge clock clk)
Path Group: asynchronous
Path Type: min

Fanout         Cap        Slew       Delay        Time   Description
---------------------------------------------------------------------------------------------
                                  0.000000    0.000000   clock clk (rise edge)
                                  0.000000    0.000000   clock network delay (propagated)
                                  2.000000    2.000000 ^ input external delay
     1    0.003901    0.039646    0.021655    2.021655 ^ rst_n (in)
                                                         rst_n (net)
                      0.039646    0.000000    2.021655 ^ input9/A (sky130_fd_sc_hd__buf_1)
     3    0.016627    0.321954    0.315041    2.336697 ^ input9/X (sky130_fd_sc_hd__buf_1)
                                                         net9 (net)
                      0.321977    0.002272    2.338968 ^ fanout49/A (sky130_fd_sc_hd__clkbuf_4)
    10    0.051419    0.255386    0.496585    2.835553 ^ fanout49/X (sky130_fd_sc_hd__clkbuf_4)
                                                         net49 (net)
                      0.255442    0.003705    2.839258 ^ _1063_/RESET_B (sky130_fd_sc_hd__dfrtp_1)
                                              2.839258   data arrival time

                                  0.000000    0.000000   clock clk (rise edge)
                                  0.000000    0.000000   clock source latency
     1    0.013667    0.106385    0.071062    0.071062 ^ clk (in)
                                                         clk (net)
                      0.106405    0.000000    0.071062 ^ clkbuf_0_clk/A (sky130_fd_sc_hd__clkbuf_16)
     4    0.042516    0.097035    0.269399    0.340461 ^ clkbuf_0_clk/X (sky130_fd_sc_hd__clkbuf_16)
                                                         clknet_0_clk (net)
                      0.097169    0.002127    0.342588 ^ clkbuf_2_1__f_clk/A (sky130_fd_sc_hd__clkbuf_16)
     8    0.029645    0.079989    0.247182    0.589770 ^ clkbuf_2_1__f_clk/X (sky130_fd_sc_hd__clkbuf_16)
                                                         clknet_2_1__leaf_clk (net)
                      0.080023    0.001489    0.591259 ^ _1063_/CLK (sky130_fd_sc_hd__dfrtp_1)
                                  0.250000    0.841259   clock uncertainty
                                  0.000000    0.841259   clock reconvergence pessimism
                                  0.717447    1.558706   library removal time
                                              1.558706   data required time
---------------------------------------------------------------------------------------------
                                              1.558706   data required time
                                             -2.839258   data arrival time
---------------------------------------------------------------------------------------------
                                              1.280552   slack (MET)


Startpoint: _1037_ (rising edge-triggered flip-flop clocked by clk)
Endpoint: _1040_ (rising edge-triggered flip-flop clocked by clk)
Path Group: clk
Path Type: min

Fanout         Cap        Slew       Delay        Time   Description
---------------------------------------------------------------------------------------------
                                  0.000000    0.000000   clock clk (rise edge)
                                  0.000000    0.000000   clock source latency
     1    0.013667    0.106385    0.071062    0.071062 ^ clk (in)
                                                         clk (net)
                      0.106405    0.000000    0.071062 ^ clkbuf_0_clk/A (sky130_fd_sc_hd__clkbuf_16)
     4    0.042516    0.097035    0.269399    0.340461 ^ clkbuf_0_clk/X (sky130_fd_sc_hd__clkbuf_16)
                                                         clknet_0_clk (net)
                      0.097160    0.001986    0.342447 ^ clkbuf_2_0__f_clk/A (sky130_fd_sc_hd__clkbuf_16)
    10    0.030935    0.081783    0.248926    0.591373 ^ clkbuf_2_0__f_clk/X (sky130_fd_sc_hd__clkbuf_16)
                                                         clknet_2_0__leaf_clk (net)
                      0.081814    0.001477    0.592850 ^ _1037_/CLK (sky130_fd_sc_hd__dfrtp_1)
     3    0.008237    0.143681    0.702987    1.295837 ^ _1037_/Q (sky130_fd_sc_hd__dfrtp_1)
                                                         pixel_count[1] (net)
                      0.143681    0.000478    1.296315 ^ _0520_/A (sky130_fd_sc_hd__nor4b_1)
     2    0.006778    0.093564    0.143312    1.439627 v _0520_/Y (sky130_fd_sc_hd__nor4b_1)
                                                         _0513_ (net)
                      0.093565    0.000453    1.440080 v max_cap42/A (sky130_fd_sc_hd__clkbuf_1)
     1    0.004804    0.070500    0.189189    1.629269 v max_cap42/X (sky130_fd_sc_hd__clkbuf_1)
                                                         net42 (net)
                      0.070501    0.000356    1.629625 v _0521_/B (sky130_fd_sc_hd__nand2_1)
     2    0.010034    0.163638    0.172318    1.801944 ^ _0521_/Y (sky130_fd_sc_hd__nand2_1)
                                                         _0514_ (net)
                      0.163638    0.000351    1.802295 ^ _0522_/A (sky130_fd_sc_hd__inv_2)
     2    0.011402    0.068031    0.120241    1.922536 v _0522_/Y (sky130_fd_sc_hd__inv_2)
                                                         _0000_ (net)
                      0.068040    0.000786    1.923322 v fanout37/A (sky130_fd_sc_hd__clkbuf_2)
     7    0.030794    0.218294    0.318759    2.242081 v fanout37/X (sky130_fd_sc_hd__clkbuf_2)
                                                         net37 (net)
                      0.218299    0.001310    2.243391 v _1040_/D (sky130_fd_sc_hd__dfrtp_1)
                                              2.243391   data arrival time

                                  0.000000    0.000000   clock clk (rise edge)
                                  0.000000    0.000000   clock source latency
     1    0.013667    0.106385    0.071062    0.071062 ^ clk (in)
                                                         clk (net)
                      0.106405    0.000000    0.071062 ^ clkbuf_0_clk/A (sky130_fd_sc_hd__clkbuf_16)
     4    0.042516    0.097035    0.269399    0.340461 ^ clkbuf_0_clk/X (sky130_fd_sc_hd__clkbuf_16)
                                                         clknet_0_clk (net)
                      0.097139    0.001643    0.342104 ^ clkbuf_2_2__f_clk/A (sky130_fd_sc_hd__clkbuf_16)
    11    0.032699    0.084310    0.251075    0.593179 ^ clkbuf_2_2__f_clk/X (sky130_fd_sc_hd__clkbuf_16)
                                                         clknet_2_2__leaf_clk (net)
                      0.084334    0.001415    0.594593 ^ _1040_/CLK (sky130_fd_sc_hd__dfrtp_1)
                                  0.250000    0.844593   clock uncertainty
                                  0.000000    0.844593   clock reconvergence pessimism
                                 -0.148805    0.695789   library hold time
                                              0.695789   data required time
---------------------------------------------------------------------------------------------
                                              0.695789   data required time
                                             -2.243391   data arrival time
---------------------------------------------------------------------------------------------
                                              1.547603   slack (MET)


Startpoint: rst_n (input port clocked by clk)
Endpoint: _1050_ (removal check against rising-edge clock clk)
Path Group: asynchronous
Path Type: min

Fanout         Cap        Slew       Delay        Time   Description
---------------------------------------------------------------------------------------------
                                  0.000000    0.000000   clock clk (rise edge)
                                  0.000000    0.000000   clock network delay (propagated)
                                  2.000000    2.000000 ^ input external delay
     1    0.003901    0.039646    0.021655    2.021655 ^ rst_n (in)
                                                         rst_n (net)
                      0.039646    0.000000    2.021655 ^ input9/A (sky130_fd_sc_hd__buf_1)
     3    0.016627    0.321954    0.315041    2.336697 ^ input9/X (sky130_fd_sc_hd__buf_1)
                                                         net9 (net)
                      0.321977    0.002272    2.338968 ^ fanout49/A (sky130_fd_sc_hd__clkbuf_4)
    10    0.051419    0.255386    0.496585    2.835553 ^ fanout49/X (sky130_fd_sc_hd__clkbuf_4)
                                                         net49 (net)
                      0.255408    0.002566    2.838119 ^ fanout48/A (sky130_fd_sc_hd__clkbuf_4)
    10    0.044887    0.226312    0.446860    3.284979 ^ fanout48/X (sky130_fd_sc_hd__clkbuf_4)
                                                         net48 (net)
                      0.226327    0.002029    3.287008 ^ _1050_/RESET_B (sky130_fd_sc_hd__dfrtp_1)
                                              3.287008   data arrival time

                                  0.000000    0.000000   clock clk (rise edge)
                                  0.000000    0.000000   clock source latency
     1    0.013667    0.106385    0.071062    0.071062 ^ clk (in)
                                                         clk (net)
                      0.106405    0.000000    0.071062 ^ clkbuf_0_clk/A (sky130_fd_sc_hd__clkbuf_16)
     4    0.042516    0.097035    0.269399    0.340461 ^ clkbuf_0_clk/X (sky130_fd_sc_hd__clkbuf_16)
                                                         clknet_0_clk (net)
                      0.097136    0.001586    0.342047 ^ clkbuf_2_3__f_clk/A (sky130_fd_sc_hd__clkbuf_16)
    11    0.034762    0.087318    0.253585    0.595631 ^ clkbuf_2_3__f_clk/X (sky130_fd_sc_hd__clkbuf_16)
                                                         clknet_2_3__leaf_clk (net)
                      0.087530    0.003694    0.599325 ^ _1050_/CLK (sky130_fd_sc_hd__dfrtp_1)
                                  0.250000    0.849325   clock uncertainty
                                  0.000000    0.849325   clock reconvergence pessimism
                                  0.710763    1.560087   library removal time
                                              1.560087   data required time
---------------------------------------------------------------------------------------------
                                              1.560087   data required time
                                             -3.287008   data arrival time
---------------------------------------------------------------------------------------------
                                              1.726920   slack (MET)


Startpoint: rst_n (input port clocked by clk)
Endpoint: _1071_ (removal check against rising-edge clock clk)
Path Group: asynchronous
Path Type: min

Fanout         Cap        Slew       Delay        Time   Description
---------------------------------------------------------------------------------------------
                                  0.000000    0.000000   clock clk (rise edge)
                                  0.000000    0.000000   clock network delay (propagated)
                                  2.000000    2.000000 ^ input external delay
     1    0.003901    0.039646    0.021655    2.021655 ^ rst_n (in)
                                                         rst_n (net)
                      0.039646    0.000000    2.021655 ^ input9/A (sky130_fd_sc_hd__buf_1)
     3    0.016627    0.321954    0.315041    2.336697 ^ input9/X (sky130_fd_sc_hd__buf_1)
                                                         net9 (net)
                      0.321977    0.002272    2.338968 ^ fanout49/A (sky130_fd_sc_hd__clkbuf_4)
    10    0.051419    0.255386    0.496585    2.835553 ^ fanout49/X (sky130_fd_sc_hd__clkbuf_4)
                                                         net49 (net)
                      0.255408    0.002566    2.838119 ^ fanout48/A (sky130_fd_sc_hd__clkbuf_4)
    10    0.044887    0.226312    0.446860    3.284979 ^ fanout48/X (sky130_fd_sc_hd__clkbuf_4)
                                                         net48 (net)
                      0.226331    0.002215    3.287194 ^ _1071_/RESET_B (sky130_fd_sc_hd__dfrtp_1)
                                              3.287194   data arrival time

                                  0.000000    0.000000   clock clk (rise edge)
                                  0.000000    0.000000   clock source latency
     1    0.013667    0.106385    0.071062    0.071062 ^ clk (in)
                                                         clk (net)
                      0.106405    0.000000    0.071062 ^ clkbuf_0_clk/A (sky130_fd_sc_hd__clkbuf_16)
     4    0.042516    0.097035    0.269399    0.340461 ^ clkbuf_0_clk/X (sky130_fd_sc_hd__clkbuf_16)
                                                         clknet_0_clk (net)
                      0.097136    0.001586    0.342047 ^ clkbuf_2_3__f_clk/A (sky130_fd_sc_hd__clkbuf_16)
    11    0.034762    0.087318    0.253585    0.595631 ^ clkbuf_2_3__f_clk/X (sky130_fd_sc_hd__clkbuf_16)
                                                         clknet_2_3__leaf_clk (net)
                      0.087538    0.003761    0.599393 ^ _1071_/CLK (sky130_fd_sc_hd__dfrtp_1)
                                  0.250000    0.849393   clock uncertainty
                                  0.000000    0.849393   clock reconvergence pessimism
                                  0.710766    1.560159   library removal time
                                              1.560159   data required time
---------------------------------------------------------------------------------------------
                                              1.560159   data required time
                                             -3.287194   data arrival time
---------------------------------------------------------------------------------------------
                                              1.727035   slack (MET)


Startpoint: rst_n (input port clocked by clk)
Endpoint: _1070_ (removal check against rising-edge clock clk)
Path Group: asynchronous
Path Type: min

Fanout         Cap        Slew       Delay        Time   Description
---------------------------------------------------------------------------------------------
                                  0.000000    0.000000   clock clk (rise edge)
                                  0.000000    0.000000   clock network delay (propagated)
                                  2.000000    2.000000 ^ input external delay
     1    0.003901    0.039646    0.021655    2.021655 ^ rst_n (in)
                                                         rst_n (net)
                      0.039646    0.000000    2.021655 ^ input9/A (sky130_fd_sc_hd__buf_1)
     3    0.016627    0.321954    0.315041    2.336697 ^ input9/X (sky130_fd_sc_hd__buf_1)
                                                         net9 (net)
                      0.321977    0.002272    2.338968 ^ fanout49/A (sky130_fd_sc_hd__clkbuf_4)
    10    0.051419    0.255386    0.496585    2.835553 ^ fanout49/X (sky130_fd_sc_hd__clkbuf_4)
                                                         net49 (net)
                      0.255408    0.002566    2.838119 ^ fanout48/A (sky130_fd_sc_hd__clkbuf_4)
    10    0.044887    0.226312    0.446860    3.284979 ^ fanout48/X (sky130_fd_sc_hd__clkbuf_4)
                                                         net48 (net)
                      0.226331    0.002231    3.287210 ^ _1070_/RESET_B (sky130_fd_sc_hd__dfrtp_1)
                                              3.287210   data arrival time

                                  0.000000    0.000000   clock clk (rise edge)
                                  0.000000    0.000000   clock source latency
     1    0.013667    0.106385    0.071062    0.071062 ^ clk (in)
                                                         clk (net)
                      0.106405    0.000000    0.071062 ^ clkbuf_0_clk/A (sky130_fd_sc_hd__clkbuf_16)
     4    0.042516    0.097035    0.269399    0.340461 ^ clkbuf_0_clk/X (sky130_fd_sc_hd__clkbuf_16)
                                                         clknet_0_clk (net)
                      0.097136    0.001586    0.342047 ^ clkbuf_2_3__f_clk/A (sky130_fd_sc_hd__clkbuf_16)
    11    0.034762    0.087318    0.253585    0.595631 ^ clkbuf_2_3__f_clk/X (sky130_fd_sc_hd__clkbuf_16)
                                                         clknet_2_3__leaf_clk (net)
                      0.087343    0.001537    0.597169 ^ _1070_/CLK (sky130_fd_sc_hd__dfrtp_1)
                                  0.250000    0.847169   clock uncertainty
                                  0.000000    0.847169   clock reconvergence pessimism
                                  0.710708    1.557876   library removal time
                                              1.557876   data required time
---------------------------------------------------------------------------------------------
                                              1.557876   data required time
                                             -3.287210   data arrival time
---------------------------------------------------------------------------------------------
                                              1.729334   slack (MET)


Startpoint: rst_n (input port clocked by clk)
Endpoint: _1054_ (removal check against rising-edge clock clk)
Path Group: asynchronous
Path Type: min

Fanout         Cap        Slew       Delay        Time   Description
---------------------------------------------------------------------------------------------
                                  0.000000    0.000000   clock clk (rise edge)
                                  0.000000    0.000000   clock network delay (propagated)
                                  2.000000    2.000000 ^ input external delay
     1    0.003901    0.039646    0.021655    2.021655 ^ rst_n (in)
                                                         rst_n (net)
                      0.039646    0.000000    2.021655 ^ input9/A (sky130_fd_sc_hd__buf_1)
     3    0.016627    0.321954    0.315041    2.336697 ^ input9/X (sky130_fd_sc_hd__buf_1)
                                                         net9 (net)
                      0.321977    0.002272    2.338968 ^ fanout49/A (sky130_fd_sc_hd__clkbuf_4)
    10    0.051419    0.255386    0.496585    2.835553 ^ fanout49/X (sky130_fd_sc_hd__clkbuf_4)
                                                         net49 (net)
                      0.255408    0.002566    2.838119 ^ fanout48/A (sky130_fd_sc_hd__clkbuf_4)
    10    0.044887    0.226312    0.446860    3.284979 ^ fanout48/X (sky130_fd_sc_hd__clkbuf_4)
                                                         net48 (net)
                      0.226328    0.002096    3.287075 ^ _1054_/RESET_B (sky130_fd_sc_hd__dfrtp_1)
                                              3.287075   data arrival time

                                  0.000000    0.000000   clock clk (rise edge)
                                  0.000000    0.000000   clock source latency
     1    0.013667    0.106385    0.071062    0.071062 ^ clk (in)
                                                         clk (net)
                      0.106405    0.000000    0.071062 ^ clkbuf_0_clk/A (sky130_fd_sc_hd__clkbuf_16)
     4    0.042516    0.097035    0.269399    0.340461 ^ clkbuf_0_clk/X (sky130_fd_sc_hd__clkbuf_16)
                                                         clknet_0_clk (net)
                      0.097139    0.001643    0.342104 ^ clkbuf_2_2__f_clk/A (sky130_fd_sc_hd__clkbuf_16)
    11    0.032699    0.084310    0.251075    0.593179 ^ clkbuf_2_2__f_clk/X (sky130_fd_sc_hd__clkbuf_16)
                                                         clknet_2_2__leaf_clk (net)
                      0.084405    0.002491    0.595670 ^ _1054_/CLK (sky130_fd_sc_hd__dfrtp_1)
                                  0.250000    0.845670   clock uncertainty
                                  0.000000    0.845670   clock reconvergence pessimism
                                  0.709823    1.555492   library removal time
                                              1.555492   data required time
---------------------------------------------------------------------------------------------
                                              1.555492   data required time
                                             -3.287075   data arrival time
---------------------------------------------------------------------------------------------
                                              1.731583   slack (MET)


Startpoint: rst_n (input port clocked by clk)
Endpoint: _1053_ (removal check against rising-edge clock clk)
Path Group: asynchronous
Path Type: min

Fanout         Cap        Slew       Delay        Time   Description
---------------------------------------------------------------------------------------------
                                  0.000000    0.000000   clock clk (rise edge)
                                  0.000000    0.000000   clock network delay (propagated)
                                  2.000000    2.000000 ^ input external delay
     1    0.003901    0.039646    0.021655    2.021655 ^ rst_n (in)
                                                         rst_n (net)
                      0.039646    0.000000    2.021655 ^ input9/A (sky130_fd_sc_hd__buf_1)
     3    0.016627    0.321954    0.315041    2.336697 ^ input9/X (sky130_fd_sc_hd__buf_1)
                                                         net9 (net)
                      0.321977    0.002272    2.338968 ^ fanout49/A (sky130_fd_sc_hd__clkbuf_4)
    10    0.051419    0.255386    0.496585    2.835553 ^ fanout49/X (sky130_fd_sc_hd__clkbuf_4)
                                                         net49 (net)
                      0.255408    0.002566    2.838119 ^ fanout48/A (sky130_fd_sc_hd__clkbuf_4)
    10    0.044887    0.226312    0.446860    3.284979 ^ fanout48/X (sky130_fd_sc_hd__clkbuf_4)
                                                         net48 (net)
                      0.226328    0.002074    3.287053 ^ _1053_/RESET_B (sky130_fd_sc_hd__dfrtp_1)
                                              3.287053   data arrival time

                                  0.000000    0.000000   clock clk (rise edge)
                                  0.000000    0.000000   clock source latency
     1    0.013667    0.106385    0.071062    0.071062 ^ clk (in)
                                                         clk (net)
                      0.106405    0.000000    0.071062 ^ clkbuf_0_clk/A (sky130_fd_sc_hd__clkbuf_16)
     4    0.042516    0.097035    0.269399    0.340461 ^ clkbuf_0_clk/X (sky130_fd_sc_hd__clkbuf_16)
                                                         clknet_0_clk (net)
                      0.097139    0.001643    0.342104 ^ clkbuf_2_2__f_clk/A (sky130_fd_sc_hd__clkbuf_16)
    11    0.032699    0.084310    0.251075    0.593179 ^ clkbuf_2_2__f_clk/X (sky130_fd_sc_hd__clkbuf_16)
                                                         clknet_2_2__leaf_clk (net)
                      0.084397    0.002399    0.595578 ^ _1053_/CLK (sky130_fd_sc_hd__dfrtp_1)
                                  0.250000    0.845578   clock uncertainty
                                  0.000000    0.845578   clock reconvergence pessimism
                                  0.709820    1.555398   library removal time
                                              1.555398   data required time
---------------------------------------------------------------------------------------------
                                              1.555398   data required time
                                             -3.287053   data arrival time
---------------------------------------------------------------------------------------------
                                              1.731655   slack (MET)


Startpoint: rst_n (input port clocked by clk)
Endpoint: _1052_ (removal check against rising-edge clock clk)
Path Group: asynchronous
Path Type: min

Fanout         Cap        Slew       Delay        Time   Description
---------------------------------------------------------------------------------------------
                                  0.000000    0.000000   clock clk (rise edge)
                                  0.000000    0.000000   clock network delay (propagated)
                                  2.000000    2.000000 ^ input external delay
     1    0.003901    0.039646    0.021655    2.021655 ^ rst_n (in)
                                                         rst_n (net)
                      0.039646    0.000000    2.021655 ^ input9/A (sky130_fd_sc_hd__buf_1)
     3    0.016627    0.321954    0.315041    2.336697 ^ input9/X (sky130_fd_sc_hd__buf_1)
                                                         net9 (net)
                      0.321977    0.002272    2.338968 ^ fanout49/A (sky130_fd_sc_hd__clkbuf_4)
    10    0.051419    0.255386    0.496585    2.835553 ^ fanout49/X (sky130_fd_sc_hd__clkbuf_4)
                                                         net49 (net)
                      0.255408    0.002566    2.838119 ^ fanout48/A (sky130_fd_sc_hd__clkbuf_4)
    10    0.044887    0.226312    0.446860    3.284979 ^ fanout48/X (sky130_fd_sc_hd__clkbuf_4)
                                                         net48 (net)
                      0.226334    0.002349    3.287328 ^ _1052_/RESET_B (sky130_fd_sc_hd__dfrtp_1)
                                              3.287328   data arrival time

                                  0.000000    0.000000   clock clk (rise edge)
                                  0.000000    0.000000   clock source latency
     1    0.013667    0.106385    0.071062    0.071062 ^ clk (in)
                                                         clk (net)
                      0.106405    0.000000    0.071062 ^ clkbuf_0_clk/A (sky130_fd_sc_hd__clkbuf_16)
     4    0.042516    0.097035    0.269399    0.340461 ^ clkbuf_0_clk/X (sky130_fd_sc_hd__clkbuf_16)
                                                         clknet_0_clk (net)
                      0.097139    0.001643    0.342104 ^ clkbuf_2_2__f_clk/A (sky130_fd_sc_hd__clkbuf_16)
    11    0.032699    0.084310    0.251075    0.593179 ^ clkbuf_2_2__f_clk/X (sky130_fd_sc_hd__clkbuf_16)
                                                         clknet_2_2__leaf_clk (net)
                      0.084355    0.001817    0.594996 ^ _1052_/CLK (sky130_fd_sc_hd__dfrtp_1)
                                  0.250000    0.844996   clock uncertainty
                                  0.000000    0.844996   clock reconvergence pessimism
                                  0.709809    1.554805   library removal time
                                              1.554805   data required time
---------------------------------------------------------------------------------------------
                                              1.554805   data required time
                                             -3.287328   data arrival time
---------------------------------------------------------------------------------------------
                                              1.732524   slack (MET)


Startpoint: rst_n (input port clocked by clk)
Endpoint: _1055_ (removal check against rising-edge clock clk)
Path Group: asynchronous
Path Type: min

Fanout         Cap        Slew       Delay        Time   Description
---------------------------------------------------------------------------------------------
                                  0.000000    0.000000   clock clk (rise edge)
                                  0.000000    0.000000   clock network delay (propagated)
                                  2.000000    2.000000 ^ input external delay
     1    0.003901    0.039646    0.021655    2.021655 ^ rst_n (in)
                                                         rst_n (net)
                      0.039646    0.000000    2.021655 ^ input9/A (sky130_fd_sc_hd__buf_1)
     3    0.016627    0.321954    0.315041    2.336697 ^ input9/X (sky130_fd_sc_hd__buf_1)
                                                         net9 (net)
                      0.321977    0.002272    2.338968 ^ fanout49/A (sky130_fd_sc_hd__clkbuf_4)
    10    0.051419    0.255386    0.496585    2.835553 ^ fanout49/X (sky130_fd_sc_hd__clkbuf_4)
                                                         net49 (net)
                      0.255408    0.002566    2.838119 ^ fanout48/A (sky130_fd_sc_hd__clkbuf_4)
    10    0.044887    0.226312    0.446860    3.284979 ^ fanout48/X (sky130_fd_sc_hd__clkbuf_4)
                                                         net48 (net)
                      0.226325    0.001954    3.286933 ^ _1055_/RESET_B (sky130_fd_sc_hd__dfrtp_1)
                                              3.286933   data arrival time

                                  0.000000    0.000000   clock clk (rise edge)
                                  0.000000    0.000000   clock source latency
     1    0.013667    0.106385    0.071062    0.071062 ^ clk (in)
                                                         clk (net)
                      0.106405    0.000000    0.071062 ^ clkbuf_0_clk/A (sky130_fd_sc_hd__clkbuf_16)
     4    0.042516    0.097035    0.269399    0.340461 ^ clkbuf_0_clk/X (sky130_fd_sc_hd__clkbuf_16)
                                                         clknet_0_clk (net)
                      0.097139    0.001643    0.342104 ^ clkbuf_2_2__f_clk/A (sky130_fd_sc_hd__clkbuf_16)
    11    0.032699    0.084310    0.251075    0.593179 ^ clkbuf_2_2__f_clk/X (sky130_fd_sc_hd__clkbuf_16)
                                                         clknet_2_2__leaf_clk (net)
                      0.084331    0.001350    0.594529 ^ _1055_/CLK (sky130_fd_sc_hd__dfrtp_1)
                                  0.250000    0.844529   clock uncertainty
                                  0.000000    0.844529   clock reconvergence pessimism
                                  0.709799    1.554328   library removal time
                                              1.554328   data required time
---------------------------------------------------------------------------------------------
                                              1.554328   data required time
                                             -3.286933   data arrival time
---------------------------------------------------------------------------------------------
                                              1.732605   slack (MET)


Startpoint: rst_n (input port clocked by clk)
Endpoint: _1056_ (removal check against rising-edge clock clk)
Path Group: asynchronous
Path Type: min

Fanout         Cap        Slew       Delay        Time   Description
---------------------------------------------------------------------------------------------
                                  0.000000    0.000000   clock clk (rise edge)
                                  0.000000    0.000000   clock network delay (propagated)
                                  2.000000    2.000000 ^ input external delay
     1    0.003901    0.039646    0.021655    2.021655 ^ rst_n (in)
                                                         rst_n (net)
                      0.039646    0.000000    2.021655 ^ input9/A (sky130_fd_sc_hd__buf_1)
     3    0.016627    0.321954    0.315041    2.336697 ^ input9/X (sky130_fd_sc_hd__buf_1)
                                                         net9 (net)
                      0.321977    0.002272    2.338968 ^ fanout49/A (sky130_fd_sc_hd__clkbuf_4)
    10    0.051419    0.255386    0.496585    2.835553 ^ fanout49/X (sky130_fd_sc_hd__clkbuf_4)
                                                         net49 (net)
                      0.255408    0.002566    2.838119 ^ fanout48/A (sky130_fd_sc_hd__clkbuf_4)
    10    0.044887    0.226312    0.446860    3.284979 ^ fanout48/X (sky130_fd_sc_hd__clkbuf_4)
                                                         net48 (net)
                      0.226338    0.002493    3.287472 ^ _1056_/RESET_B (sky130_fd_sc_hd__dfrtp_1)
                                              3.287472   data arrival time

                                  0.000000    0.000000   clock clk (rise edge)
                                  0.000000    0.000000   clock source latency
     1    0.013667    0.106385    0.071062    0.071062 ^ clk (in)
                                                         clk (net)
                      0.106405    0.000000    0.071062 ^ clkbuf_0_clk/A (sky130_fd_sc_hd__clkbuf_16)
     4    0.042516    0.097035    0.269399    0.340461 ^ clkbuf_0_clk/X (sky130_fd_sc_hd__clkbuf_16)
                                                         clknet_0_clk (net)
                      0.097139    0.001643    0.342104 ^ clkbuf_2_2__f_clk/A (sky130_fd_sc_hd__clkbuf_16)
    11    0.032699    0.084310    0.251075    0.593179 ^ clkbuf_2_2__f_clk/X (sky130_fd_sc_hd__clkbuf_16)
                                                         clknet_2_2__leaf_clk (net)
                      0.084353    0.001787    0.594966 ^ _1056_/CLK (sky130_fd_sc_hd__dfrtp_1)
                                  0.250000    0.844966   clock uncertainty
                                  0.000000    0.844966   clock reconvergence pessimism
                                  0.709810    1.554776   library removal time
                                              1.554776   data required time
---------------------------------------------------------------------------------------------
                                              1.554776   data required time
                                             -3.287472   data arrival time
---------------------------------------------------------------------------------------------
                                              1.732697   slack (MET)


Startpoint: rst_n (input port clocked by clk)
Endpoint: _1051_ (removal check against rising-edge clock clk)
Path Group: asynchronous
Path Type: min

Fanout         Cap        Slew       Delay        Time   Description
---------------------------------------------------------------------------------------------
                                  0.000000    0.000000   clock clk (rise edge)
                                  0.000000    0.000000   clock network delay (propagated)
                                  2.000000    2.000000 ^ input external delay
     1    0.003901    0.039646    0.021655    2.021655 ^ rst_n (in)
                                                         rst_n (net)
                      0.039646    0.000000    2.021655 ^ input9/A (sky130_fd_sc_hd__buf_1)
     3    0.016627    0.321954    0.315041    2.336697 ^ input9/X (sky130_fd_sc_hd__buf_1)
                                                         net9 (net)
                      0.321977    0.002272    2.338968 ^ fanout49/A (sky130_fd_sc_hd__clkbuf_4)
    10    0.051419    0.255386    0.496585    2.835553 ^ fanout49/X (sky130_fd_sc_hd__clkbuf_4)
                                                         net49 (net)
                      0.255408    0.002566    2.838119 ^ fanout48/A (sky130_fd_sc_hd__clkbuf_4)
    10    0.044887    0.226312    0.446860    3.284979 ^ fanout48/X (sky130_fd_sc_hd__clkbuf_4)
                                                         net48 (net)
                      0.226344    0.002713    3.287693 ^ _1051_/RESET_B (sky130_fd_sc_hd__dfrtp_1)
                                              3.287693   data arrival time

                                  0.000000    0.000000   clock clk (rise edge)
                                  0.000000    0.000000   clock source latency
     1    0.013667    0.106385    0.071062    0.071062 ^ clk (in)
                                                         clk (net)
                      0.106405    0.000000    0.071062 ^ clkbuf_0_clk/A (sky130_fd_sc_hd__clkbuf_16)
     4    0.042516    0.097035    0.269399    0.340461 ^ clkbuf_0_clk/X (sky130_fd_sc_hd__clkbuf_16)
                                                         clknet_0_clk (net)
                      0.097139    0.001643    0.342104 ^ clkbuf_2_2__f_clk/A (sky130_fd_sc_hd__clkbuf_16)
    11    0.032699    0.084310    0.251075    0.593179 ^ clkbuf_2_2__f_clk/X (sky130_fd_sc_hd__clkbuf_16)
                                                         clknet_2_2__leaf_clk (net)
                      0.084364    0.001961    0.595140 ^ _1051_/CLK (sky130_fd_sc_hd__dfrtp_1)
                                  0.250000    0.845140   clock uncertainty
                                  0.000000    0.845140   clock reconvergence pessimism
                                  0.709815    1.554955   library removal time
                                              1.554955   data required time
---------------------------------------------------------------------------------------------
                                              1.554955   data required time
                                             -3.287693   data arrival time
---------------------------------------------------------------------------------------------
                                              1.732737   slack (MET)


Startpoint: rst_n (input port clocked by clk)
Endpoint: _1040_ (removal check against rising-edge clock clk)
Path Group: asynchronous
Path Type: min

Fanout         Cap        Slew       Delay        Time   Description
---------------------------------------------------------------------------------------------
                                  0.000000    0.000000   clock clk (rise edge)
                                  0.000000    0.000000   clock network delay (propagated)
                                  2.000000    2.000000 ^ input external delay
     1    0.003901    0.039646    0.021655    2.021655 ^ rst_n (in)
                                                         rst_n (net)
                      0.039646    0.000000    2.021655 ^ input9/A (sky130_fd_sc_hd__buf_1)
     3    0.016627    0.321954    0.315041    2.336697 ^ input9/X (sky130_fd_sc_hd__buf_1)
                                                         net9 (net)
                      0.321977    0.002272    2.338968 ^ fanout49/A (sky130_fd_sc_hd__clkbuf_4)
    10    0.051419    0.255386    0.496585    2.835553 ^ fanout49/X (sky130_fd_sc_hd__clkbuf_4)
                                                         net49 (net)
                      0.255408    0.002566    2.838119 ^ fanout48/A (sky130_fd_sc_hd__clkbuf_4)
    10    0.044887    0.226312    0.446860    3.284979 ^ fanout48/X (sky130_fd_sc_hd__clkbuf_4)
                                                         net48 (net)
                      0.226344    0.002709    3.287688 ^ _1040_/RESET_B (sky130_fd_sc_hd__dfrtp_1)
                                              3.287688   data arrival time

                                  0.000000    0.000000   clock clk (rise edge)
                                  0.000000    0.000000   clock source latency
     1    0.013667    0.106385    0.071062    0.071062 ^ clk (in)
                                                         clk (net)
                      0.106405    0.000000    0.071062 ^ clkbuf_0_clk/A (sky130_fd_sc_hd__clkbuf_16)
     4    0.042516    0.097035    0.269399    0.340461 ^ clkbuf_0_clk/X (sky130_fd_sc_hd__clkbuf_16)
                                                         clknet_0_clk (net)
                      0.097139    0.001643    0.342104 ^ clkbuf_2_2__f_clk/A (sky130_fd_sc_hd__clkbuf_16)
    11    0.032699    0.084310    0.251075    0.593179 ^ clkbuf_2_2__f_clk/X (sky130_fd_sc_hd__clkbuf_16)
                                                         clknet_2_2__leaf_clk (net)
                      0.084334    0.001415    0.594593 ^ _1040_/CLK (sky130_fd_sc_hd__dfrtp_1)
                                  0.250000    0.844593   clock uncertainty
                                  0.000000    0.844593   clock reconvergence pessimism
                                  0.709806    1.554399   library removal time
                                              1.554399   data required time
---------------------------------------------------------------------------------------------
                                              1.554399   data required time
                                             -3.287688   data arrival time
---------------------------------------------------------------------------------------------
                                              1.733289   slack (MET)


Startpoint: _1047_ (rising edge-triggered flip-flop clocked by clk)
Endpoint: _1047_ (rising edge-triggered flip-flop clocked by clk)
Path Group: clk
Path Type: min

Fanout         Cap        Slew       Delay        Time   Description
---------------------------------------------------------------------------------------------
                                  0.000000    0.000000   clock clk (rise edge)
                                  0.000000    0.000000   clock source latency
     1    0.013667    0.106385    0.071062    0.071062 ^ clk (in)
                                                         clk (net)
                      0.106405    0.000000    0.071062 ^ clkbuf_0_clk/A (sky130_fd_sc_hd__clkbuf_16)
     4    0.042516    0.097035    0.269399    0.340461 ^ clkbuf_0_clk/X (sky130_fd_sc_hd__clkbuf_16)
                                                         clknet_0_clk (net)
                      0.097169    0.002127    0.342588 ^ clkbuf_2_1__f_clk/A (sky130_fd_sc_hd__clkbuf_16)
     8    0.029645    0.079989    0.247182    0.589770 ^ clkbuf_2_1__f_clk/X (sky130_fd_sc_hd__clkbuf_16)
                                                         clknet_2_1__leaf_clk (net)
                      0.080011    0.001246    0.591015 ^ _1047_/CLK (sky130_fd_sc_hd__dfrtp_1)
     2    0.005011    0.104741    0.668216    1.259231 ^ _1047_/Q (sky130_fd_sc_hd__dfrtp_1)
                                                         net31 (net)
                      0.104741    0.000310    1.259541 ^ hold2/A (sky130_fd_sc_hd__dlygate4sd3_1)
     1    0.002031    0.083137    1.043112    2.302654 ^ hold2/X (sky130_fd_sc_hd__dlygate4sd3_1)
                                                         net81 (net)
                      0.083137    0.000092    2.302746 ^ _0671_/A0 (sky130_fd_sc_hd__mux2_1)
     1    0.002228    0.065787    0.221524    2.524270 ^ _0671_/X (sky130_fd_sc_hd__mux2_1)
                                                         _0011_ (net)
                      0.065787    0.000162    2.524432 ^ _1047_/D (sky130_fd_sc_hd__dfrtp_1)
                                              2.524432   data arrival time

                                  0.000000    0.000000   clock clk (rise edge)
                                  0.000000    0.000000   clock source latency
     1    0.013667    0.106385    0.071062    0.071062 ^ clk (in)
                                                         clk (net)
                      0.106405    0.000000    0.071062 ^ clkbuf_0_clk/A (sky130_fd_sc_hd__clkbuf_16)
     4    0.042516    0.097035    0.269399    0.340461 ^ clkbuf_0_clk/X (sky130_fd_sc_hd__clkbuf_16)
                                                         clknet_0_clk (net)
                      0.097169    0.002127    0.342588 ^ clkbuf_2_1__f_clk/A (sky130_fd_sc_hd__clkbuf_16)
     8    0.029645    0.079989    0.247182    0.589770 ^ clkbuf_2_1__f_clk/X (sky130_fd_sc_hd__clkbuf_16)
                                                         clknet_2_1__leaf_clk (net)
                      0.080011    0.001246    0.591015 ^ _1047_/CLK (sky130_fd_sc_hd__dfrtp_1)
                                  0.250000    0.841015   clock uncertainty
                                  0.000000    0.841015   clock reconvergence pessimism
                                 -0.074336    0.766680   library hold time
                                              0.766680   data required time
---------------------------------------------------------------------------------------------
                                              0.766680   data required time
                                             -2.524432   data arrival time
---------------------------------------------------------------------------------------------
                                              1.757752   slack (MET)


Startpoint: _1042_ (rising edge-triggered flip-flop clocked by clk)
Endpoint: _1042_ (rising edge-triggered flip-flop clocked by clk)
Path Group: clk
Path Type: min

Fanout         Cap        Slew       Delay        Time   Description
---------------------------------------------------------------------------------------------
                                  0.000000    0.000000   clock clk (rise edge)
                                  0.000000    0.000000   clock source latency
     1    0.013667    0.106385    0.071062    0.071062 ^ clk (in)
                                                         clk (net)
                      0.106405    0.000000    0.071062 ^ clkbuf_0_clk/A (sky130_fd_sc_hd__clkbuf_16)
     4    0.042516    0.097035    0.269399    0.340461 ^ clkbuf_0_clk/X (sky130_fd_sc_hd__clkbuf_16)
                                                         clknet_0_clk (net)
                      0.097160    0.001986    0.342447 ^ clkbuf_2_0__f_clk/A (sky130_fd_sc_hd__clkbuf_16)
    10    0.030935    0.081783    0.248926    0.591373 ^ clkbuf_2_0__f_clk/X (sky130_fd_sc_hd__clkbuf_16)
                                                         clknet_2_0__leaf_clk (net)
                      0.081811    0.001414    0.592787 ^ _1042_/CLK (sky130_fd_sc_hd__dfrtp_1)
     2    0.004417    0.097789    0.662394    1.255181 ^ _1042_/Q (sky130_fd_sc_hd__dfrtp_1)
                                                         net26 (net)
                      0.097789    0.000241    1.255422 ^ hold3/A (sky130_fd_sc_hd__dlygate4sd3_1)
     1    0.002542    0.088717    1.048183    2.303605 ^ hold3/X (sky130_fd_sc_hd__dlygate4sd3_1)
                                                         net82 (net)
                      0.088717    0.000169    2.303773 ^ _0544_/A0 (sky130_fd_sc_hd__mux2_1)
     1    0.002421    0.067962    0.226495    2.530269 ^ _0544_/X (sky130_fd_sc_hd__mux2_1)
                                                         _0006_ (net)
                      0.067962    0.000177    2.530446 ^ _1042_/D (sky130_fd_sc_hd__dfrtp_1)
                                              2.530446   data arrival time

                                  0.000000    0.000000   clock clk (rise edge)
                                  0.000000    0.000000   clock source latency
     1    0.013667    0.106385    0.071062    0.071062 ^ clk (in)
                                                         clk (net)
                      0.106405    0.000000    0.071062 ^ clkbuf_0_clk/A (sky130_fd_sc_hd__clkbuf_16)
     4    0.042516    0.097035    0.269399    0.340461 ^ clkbuf_0_clk/X (sky130_fd_sc_hd__clkbuf_16)
                                                         clknet_0_clk (net)
                      0.097160    0.001986    0.342447 ^ clkbuf_2_0__f_clk/A (sky130_fd_sc_hd__clkbuf_16)
    10    0.030935    0.081783    0.248926    0.591373 ^ clkbuf_2_0__f_clk/X (sky130_fd_sc_hd__clkbuf_16)
                                                         clknet_2_0__leaf_clk (net)
                      0.081811    0.001414    0.592787 ^ _1042_/CLK (sky130_fd_sc_hd__dfrtp_1)
                                  0.250000    0.842787   clock uncertainty
                                  0.000000    0.842787   clock reconvergence pessimism
                                 -0.074537    0.768250   library hold time
                                              0.768250   data required time
---------------------------------------------------------------------------------------------
                                              0.768250   data required time
                                             -2.530446   data arrival time
---------------------------------------------------------------------------------------------
                                              1.762195   slack (MET)


Startpoint: rst_n (input port clocked by clk)
Endpoint: _1041_ (removal check against rising-edge clock clk)
Path Group: asynchronous
Path Type: min

Fanout         Cap        Slew       Delay        Time   Description
---------------------------------------------------------------------------------------------
                                  0.000000    0.000000   clock clk (rise edge)
                                  0.000000    0.000000   clock network delay (propagated)
                                  2.000000    2.000000 ^ input external delay
     1    0.003901    0.039646    0.021655    2.021655 ^ rst_n (in)
                                                         rst_n (net)
                      0.039646    0.000000    2.021655 ^ input9/A (sky130_fd_sc_hd__buf_1)
     3    0.016627    0.321954    0.315041    2.336697 ^ input9/X (sky130_fd_sc_hd__buf_1)
                                                         net9 (net)
                      0.321975    0.002146    2.338843 ^ fanout47/A (sky130_fd_sc_hd__buf_2)
     8    0.042141    0.331928    0.492691    2.831534 ^ fanout47/X (sky130_fd_sc_hd__buf_2)
                                                         net47 (net)
                      0.331931    0.001755    2.833289 ^ fanout46/A (sky130_fd_sc_hd__clkbuf_4)
    10    0.046590    0.233666    0.484846    3.318136 ^ fanout46/X (sky130_fd_sc_hd__clkbuf_4)
                                                         net46 (net)
                      0.233682    0.002246    3.320381 ^ _1041_/RESET_B (sky130_fd_sc_hd__dfrtp_1)
                                              3.320381   data arrival time

                                  0.000000    0.000000   clock clk (rise edge)
                                  0.000000    0.000000   clock source latency
     1    0.013667    0.106385    0.071062    0.071062 ^ clk (in)
                                                         clk (net)
                      0.106405    0.000000    0.071062 ^ clkbuf_0_clk/A (sky130_fd_sc_hd__clkbuf_16)
     4    0.042516    0.097035    0.269399    0.340461 ^ clkbuf_0_clk/X (sky130_fd_sc_hd__clkbuf_16)
                                                         clknet_0_clk (net)
                      0.097139    0.001643    0.342104 ^ clkbuf_2_2__f_clk/A (sky130_fd_sc_hd__clkbuf_16)
    11    0.032699    0.084310    0.251075    0.593179 ^ clkbuf_2_2__f_clk/X (sky130_fd_sc_hd__clkbuf_16)
                                                         clknet_2_2__leaf_clk (net)
                      0.084440    0.002859    0.596038 ^ _1041_/CLK (sky130_fd_sc_hd__dfrtp_1)
                                  0.250000    0.846038   clock uncertainty
                                  0.000000    0.846038   clock reconvergence pessimism
                                  0.712092    1.558130   library removal time
                                              1.558130   data required time
---------------------------------------------------------------------------------------------
                                              1.558130   data required time
                                             -3.320381   data arrival time
---------------------------------------------------------------------------------------------
                                              1.762251   slack (MET)


Startpoint: rst_n (input port clocked by clk)
Endpoint: _1038_ (removal check against rising-edge clock clk)
Path Group: asynchronous
Path Type: min

Fanout         Cap        Slew       Delay        Time   Description
---------------------------------------------------------------------------------------------
                                  0.000000    0.000000   clock clk (rise edge)
                                  0.000000    0.000000   clock network delay (propagated)
                                  2.000000    2.000000 ^ input external delay
     1    0.003901    0.039646    0.021655    2.021655 ^ rst_n (in)
                                                         rst_n (net)
                      0.039646    0.000000    2.021655 ^ input9/A (sky130_fd_sc_hd__buf_1)
     3    0.016627    0.321954    0.315041    2.336697 ^ input9/X (sky130_fd_sc_hd__buf_1)
                                                         net9 (net)
                      0.321975    0.002146    2.338843 ^ fanout47/A (sky130_fd_sc_hd__buf_2)
     8    0.042141    0.331928    0.492691    2.831534 ^ fanout47/X (sky130_fd_sc_hd__buf_2)
                                                         net47 (net)
                      0.331931    0.001755    2.833289 ^ fanout46/A (sky130_fd_sc_hd__clkbuf_4)
    10    0.046590    0.233666    0.484846    3.318136 ^ fanout46/X (sky130_fd_sc_hd__clkbuf_4)
                                                         net46 (net)
                      0.233685    0.002353    3.320489 ^ _1038_/RESET_B (sky130_fd_sc_hd__dfrtp_1)
                                              3.320489   data arrival time

                                  0.000000    0.000000   clock clk (rise edge)
                                  0.000000    0.000000   clock source latency
     1    0.013667    0.106385    0.071062    0.071062 ^ clk (in)
                                                         clk (net)
                      0.106405    0.000000    0.071062 ^ clkbuf_0_clk/A (sky130_fd_sc_hd__clkbuf_16)
     4    0.042516    0.097035    0.269399    0.340461 ^ clkbuf_0_clk/X (sky130_fd_sc_hd__clkbuf_16)
                                                         clknet_0_clk (net)
                      0.097139    0.001643    0.342104 ^ clkbuf_2_2__f_clk/A (sky130_fd_sc_hd__clkbuf_16)
    11    0.032699    0.084310    0.251075    0.593179 ^ clkbuf_2_2__f_clk/X (sky130_fd_sc_hd__clkbuf_16)
                                                         clknet_2_2__leaf_clk (net)
                      0.084433    0.002788    0.595967 ^ _1038_/CLK (sky130_fd_sc_hd__dfrtp_1)
                                  0.250000    0.845967   clock uncertainty
                                  0.000000    0.845967   clock reconvergence pessimism
                                  0.712091    1.558057   library removal time
                                              1.558057   data required time
---------------------------------------------------------------------------------------------
                                              1.558057   data required time
                                             -3.320489   data arrival time
---------------------------------------------------------------------------------------------
                                              1.762431   slack (MET)


Startpoint: rst_n (input port clocked by clk)
Endpoint: _1039_ (removal check against rising-edge clock clk)
Path Group: asynchronous
Path Type: min

Fanout         Cap        Slew       Delay        Time   Description
---------------------------------------------------------------------------------------------
                                  0.000000    0.000000   clock clk (rise edge)
                                  0.000000    0.000000   clock network delay (propagated)
                                  2.000000    2.000000 ^ input external delay
     1    0.003901    0.039646    0.021655    2.021655 ^ rst_n (in)
                                                         rst_n (net)
                      0.039646    0.000000    2.021655 ^ input9/A (sky130_fd_sc_hd__buf_1)
     3    0.016627    0.321954    0.315041    2.336697 ^ input9/X (sky130_fd_sc_hd__buf_1)
                                                         net9 (net)
                      0.321975    0.002146    2.338843 ^ fanout47/A (sky130_fd_sc_hd__buf_2)
     8    0.042141    0.331928    0.492691    2.831534 ^ fanout47/X (sky130_fd_sc_hd__buf_2)
                                                         net47 (net)
                      0.331931    0.001755    2.833289 ^ fanout46/A (sky130_fd_sc_hd__clkbuf_4)
    10    0.046590    0.233666    0.484846    3.318136 ^ fanout46/X (sky130_fd_sc_hd__clkbuf_4)
                                                         net46 (net)
                      0.233701    0.002948    3.321083 ^ _1039_/RESET_B (sky130_fd_sc_hd__dfrtp_1)
                                              3.321083   data arrival time

                                  0.000000    0.000000   clock clk (rise edge)
                                  0.000000    0.000000   clock source latency
     1    0.013667    0.106385    0.071062    0.071062 ^ clk (in)
                                                         clk (net)
                      0.106405    0.000000    0.071062 ^ clkbuf_0_clk/A (sky130_fd_sc_hd__clkbuf_16)
     4    0.042516    0.097035    0.269399    0.340461 ^ clkbuf_0_clk/X (sky130_fd_sc_hd__clkbuf_16)
                                                         clknet_0_clk (net)
                      0.097139    0.001643    0.342104 ^ clkbuf_2_2__f_clk/A (sky130_fd_sc_hd__clkbuf_16)
    11    0.032699    0.084310    0.251075    0.593179 ^ clkbuf_2_2__f_clk/X (sky130_fd_sc_hd__clkbuf_16)
                                                         clknet_2_2__leaf_clk (net)
                      0.084426    0.002717    0.595896 ^ _1039_/CLK (sky130_fd_sc_hd__dfrtp_1)
                                  0.250000    0.845896   clock uncertainty
                                  0.000000    0.845896   clock reconvergence pessimism
                                  0.712093    1.557990   library removal time
                                              1.557990   data required time
---------------------------------------------------------------------------------------------
                                              1.557990   data required time
                                             -3.321083   data arrival time
---------------------------------------------------------------------------------------------
                                              1.763094   slack (MET)


Startpoint: rst_n (input port clocked by clk)
Endpoint: _1037_ (removal check against rising-edge clock clk)
Path Group: asynchronous
Path Type: min

Fanout         Cap        Slew       Delay        Time   Description
---------------------------------------------------------------------------------------------
                                  0.000000    0.000000   clock clk (rise edge)
                                  0.000000    0.000000   clock network delay (propagated)
                                  2.000000    2.000000 ^ input external delay
     1    0.003901    0.039646    0.021655    2.021655 ^ rst_n (in)
                                                         rst_n (net)
                      0.039646    0.000000    2.021655 ^ input9/A (sky130_fd_sc_hd__buf_1)
     3    0.016627    0.321954    0.315041    2.336697 ^ input9/X (sky130_fd_sc_hd__buf_1)
                                                         net9 (net)
                      0.321975    0.002146    2.338843 ^ fanout47/A (sky130_fd_sc_hd__buf_2)
     8    0.042141    0.331928    0.492691    2.831534 ^ fanout47/X (sky130_fd_sc_hd__buf_2)
                                                         net47 (net)
                      0.331931    0.001755    2.833289 ^ fanout46/A (sky130_fd_sc_hd__clkbuf_4)
    10    0.046590    0.233666    0.484846    3.318136 ^ fanout46/X (sky130_fd_sc_hd__clkbuf_4)
                                                         net46 (net)
                      0.233756    0.004341    3.322476 ^ _1037_/RESET_B (sky130_fd_sc_hd__dfrtp_1)
                                              3.322476   data arrival time

                                  0.000000    0.000000   clock clk (rise edge)
                                  0.000000    0.000000   clock source latency
     1    0.013667    0.106385    0.071062    0.071062 ^ clk (in)
                                                         clk (net)
                      0.106405    0.000000    0.071062 ^ clkbuf_0_clk/A (sky130_fd_sc_hd__clkbuf_16)
     4    0.042516    0.097035    0.269399    0.340461 ^ clkbuf_0_clk/X (sky130_fd_sc_hd__clkbuf_16)
                                                         clknet_0_clk (net)
                      0.097160    0.001986    0.342447 ^ clkbuf_2_0__f_clk/A (sky130_fd_sc_hd__clkbuf_16)
    10    0.030935    0.081783    0.248926    0.591373 ^ clkbuf_2_0__f_clk/X (sky130_fd_sc_hd__clkbuf_16)
                                                         clknet_2_0__leaf_clk (net)
                      0.081814    0.001477    0.592850 ^ _1037_/CLK (sky130_fd_sc_hd__dfrtp_1)
                                  0.250000    0.842850   clock uncertainty
                                  0.000000    0.842850   clock reconvergence pessimism
                                  0.711324    1.554174   library removal time
                                              1.554174   data required time
---------------------------------------------------------------------------------------------
                                              1.554174   data required time
                                             -3.322476   data arrival time
---------------------------------------------------------------------------------------------
                                              1.768302   slack (MET)


Startpoint: rst_n (input port clocked by clk)
Endpoint: _1036_ (removal check against rising-edge clock clk)
Path Group: asynchronous
Path Type: min

Fanout         Cap        Slew       Delay        Time   Description
---------------------------------------------------------------------------------------------
                                  0.000000    0.000000   clock clk (rise edge)
                                  0.000000    0.000000   clock network delay (propagated)
                                  2.000000    2.000000 ^ input external delay
     1    0.003901    0.039646    0.021655    2.021655 ^ rst_n (in)
                                                         rst_n (net)
                      0.039646    0.000000    2.021655 ^ input9/A (sky130_fd_sc_hd__buf_1)
     3    0.016627    0.321954    0.315041    2.336697 ^ input9/X (sky130_fd_sc_hd__buf_1)
                                                         net9 (net)
                      0.321975    0.002146    2.338843 ^ fanout47/A (sky130_fd_sc_hd__buf_2)
     8    0.042141    0.331928    0.492691    2.831534 ^ fanout47/X (sky130_fd_sc_hd__buf_2)
                                                         net47 (net)
                      0.331931    0.001755    2.833289 ^ fanout46/A (sky130_fd_sc_hd__clkbuf_4)
    10    0.046590    0.233666    0.484846    3.318136 ^ fanout46/X (sky130_fd_sc_hd__clkbuf_4)
                                                         net46 (net)
                      0.233770    0.004631    3.322767 ^ _1036_/RESET_B (sky130_fd_sc_hd__dfrtp_1)
                                              3.322767   data arrival time

                                  0.000000    0.000000   clock clk (rise edge)
                                  0.000000    0.000000   clock source latency
     1    0.013667    0.106385    0.071062    0.071062 ^ clk (in)
                                                         clk (net)
                      0.106405    0.000000    0.071062 ^ clkbuf_0_clk/A (sky130_fd_sc_hd__clkbuf_16)
     4    0.042516    0.097035    0.269399    0.340461 ^ clkbuf_0_clk/X (sky130_fd_sc_hd__clkbuf_16)
                                                         clknet_0_clk (net)
                      0.097160    0.001986    0.342447 ^ clkbuf_2_0__f_clk/A (sky130_fd_sc_hd__clkbuf_16)
    10    0.030935    0.081783    0.248926    0.591373 ^ clkbuf_2_0__f_clk/X (sky130_fd_sc_hd__clkbuf_16)
                                                         clknet_2_0__leaf_clk (net)
                      0.081816    0.001508    0.592881 ^ _1036_/CLK (sky130_fd_sc_hd__dfrtp_1)
                                  0.250000    0.842881   clock uncertainty
                                  0.000000    0.842881   clock reconvergence pessimism
                                  0.711329    1.554210   library removal time
                                              1.554210   data required time
---------------------------------------------------------------------------------------------
                                              1.554210   data required time
                                             -3.322767   data arrival time
---------------------------------------------------------------------------------------------
                                              1.768557   slack (MET)


Startpoint: rst_n (input port clocked by clk)
Endpoint: _1043_ (removal check against rising-edge clock clk)
Path Group: asynchronous
Path Type: min

Fanout         Cap        Slew       Delay        Time   Description
---------------------------------------------------------------------------------------------
                                  0.000000    0.000000   clock clk (rise edge)
                                  0.000000    0.000000   clock network delay (propagated)
                                  2.000000    2.000000 ^ input external delay
     1    0.003901    0.039646    0.021655    2.021655 ^ rst_n (in)
                                                         rst_n (net)
                      0.039646    0.000000    2.021655 ^ input9/A (sky130_fd_sc_hd__buf_1)
     3    0.016627    0.321954    0.315041    2.336697 ^ input9/X (sky130_fd_sc_hd__buf_1)
                                                         net9 (net)
                      0.321975    0.002146    2.338843 ^ fanout47/A (sky130_fd_sc_hd__buf_2)
     8    0.042141    0.331928    0.492691    2.831534 ^ fanout47/X (sky130_fd_sc_hd__buf_2)
                                                         net47 (net)
                      0.331931    0.001755    2.833289 ^ fanout46/A (sky130_fd_sc_hd__clkbuf_4)
    10    0.046590    0.233666    0.484846    3.318136 ^ fanout46/X (sky130_fd_sc_hd__clkbuf_4)
                                                         net46 (net)
                      0.233783    0.004856    3.322992 ^ _1043_/RESET_B (sky130_fd_sc_hd__dfrtp_1)
                                              3.322992   data arrival time

                                  0.000000    0.000000   clock clk (rise edge)
                                  0.000000    0.000000   clock source latency
     1    0.013667    0.106385    0.071062    0.071062 ^ clk (in)
                                                         clk (net)
                      0.106405    0.000000    0.071062 ^ clkbuf_0_clk/A (sky130_fd_sc_hd__clkbuf_16)
     4    0.042516    0.097035    0.269399    0.340461 ^ clkbuf_0_clk/X (sky130_fd_sc_hd__clkbuf_16)
                                                         clknet_0_clk (net)
                      0.097160    0.001986    0.342447 ^ clkbuf_2_0__f_clk/A (sky130_fd_sc_hd__clkbuf_16)
    10    0.030935    0.081783    0.248926    0.591373 ^ clkbuf_2_0__f_clk/X (sky130_fd_sc_hd__clkbuf_16)
                                                         clknet_2_0__leaf_clk (net)
                      0.081820    0.001592    0.592965 ^ _1043_/CLK (sky130_fd_sc_hd__dfrtp_1)
                                  0.250000    0.842965   clock uncertainty
                                  0.000000    0.842965   clock reconvergence pessimism
                                  0.711335    1.554299   library removal time
                                              1.554299   data required time
---------------------------------------------------------------------------------------------
                                              1.554299   data required time
                                             -3.322992   data arrival time
---------------------------------------------------------------------------------------------
                                              1.768692   slack (MET)


Startpoint: rst_n (input port clocked by clk)
Endpoint: _1060_ (removal check against rising-edge clock clk)
Path Group: asynchronous
Path Type: min

Fanout         Cap        Slew       Delay        Time   Description
---------------------------------------------------------------------------------------------
                                  0.000000    0.000000   clock clk (rise edge)
                                  0.000000    0.000000   clock network delay (propagated)
                                  2.000000    2.000000 ^ input external delay
     1    0.003901    0.039646    0.021655    2.021655 ^ rst_n (in)
                                                         rst_n (net)
                      0.039646    0.000000    2.021655 ^ input9/A (sky130_fd_sc_hd__buf_1)
     3    0.016627    0.321954    0.315041    2.336697 ^ input9/X (sky130_fd_sc_hd__buf_1)
                                                         net9 (net)
                      0.321975    0.002146    2.338843 ^ fanout47/A (sky130_fd_sc_hd__buf_2)
     8    0.042141    0.331928    0.492691    2.831534 ^ fanout47/X (sky130_fd_sc_hd__buf_2)
                                                         net47 (net)
                      0.331931    0.001755    2.833289 ^ fanout46/A (sky130_fd_sc_hd__clkbuf_4)
    10    0.046590    0.233666    0.484846    3.318136 ^ fanout46/X (sky130_fd_sc_hd__clkbuf_4)
                                                         net46 (net)
                      0.233792    0.005027    3.323163 ^ _1060_/RESET_B (sky130_fd_sc_hd__dfrtp_1)
                                              3.323163   data arrival time

                                  0.000000    0.000000   clock clk (rise edge)
                                  0.000000    0.000000   clock source latency
     1    0.013667    0.106385    0.071062    0.071062 ^ clk (in)
                                                         clk (net)
                      0.106405    0.000000    0.071062 ^ clkbuf_0_clk/A (sky130_fd_sc_hd__clkbuf_16)
     4    0.042516    0.097035    0.269399    0.340461 ^ clkbuf_0_clk/X (sky130_fd_sc_hd__clkbuf_16)
                                                         clknet_0_clk (net)
                      0.097160    0.001986    0.342447 ^ clkbuf_2_0__f_clk/A (sky130_fd_sc_hd__clkbuf_16)
    10    0.030935    0.081783    0.248926    0.591373 ^ clkbuf_2_0__f_clk/X (sky130_fd_sc_hd__clkbuf_16)
                                                         clknet_2_0__leaf_clk (net)
                      0.081828    0.001726    0.593098 ^ _1060_/CLK (sky130_fd_sc_hd__dfrtp_1)
                                  0.250000    0.843099   clock uncertainty
                                  0.000000    0.843099   clock reconvergence pessimism
                                  0.711340    1.554438   library removal time
                                              1.554438   data required time
---------------------------------------------------------------------------------------------
                                              1.554438   data required time
                                             -3.323163   data arrival time
---------------------------------------------------------------------------------------------
                                              1.768724   slack (MET)


Startpoint: rst_n (input port clocked by clk)
Endpoint: _1059_ (removal check against rising-edge clock clk)
Path Group: asynchronous
Path Type: min

Fanout         Cap        Slew       Delay        Time   Description
---------------------------------------------------------------------------------------------
                                  0.000000    0.000000   clock clk (rise edge)
                                  0.000000    0.000000   clock network delay (propagated)
                                  2.000000    2.000000 ^ input external delay
     1    0.003901    0.039646    0.021655    2.021655 ^ rst_n (in)
                                                         rst_n (net)
                      0.039646    0.000000    2.021655 ^ input9/A (sky130_fd_sc_hd__buf_1)
     3    0.016627    0.321954    0.315041    2.336697 ^ input9/X (sky130_fd_sc_hd__buf_1)
                                                         net9 (net)
                      0.321975    0.002146    2.338843 ^ fanout47/A (sky130_fd_sc_hd__buf_2)
     8    0.042141    0.331928    0.492691    2.831534 ^ fanout47/X (sky130_fd_sc_hd__buf_2)
                                                         net47 (net)
                      0.331931    0.001755    2.833289 ^ fanout46/A (sky130_fd_sc_hd__clkbuf_4)
    10    0.046590    0.233666    0.484846    3.318136 ^ fanout46/X (sky130_fd_sc_hd__clkbuf_4)
                                                         net46 (net)
                      0.233797    0.005102    3.323238 ^ _1059_/RESET_B (sky130_fd_sc_hd__dfrtp_1)
                                              3.323238   data arrival time

                                  0.000000    0.000000   clock clk (rise edge)
                                  0.000000    0.000000   clock source latency
     1    0.013667    0.106385    0.071062    0.071062 ^ clk (in)
                                                         clk (net)
                      0.106405    0.000000    0.071062 ^ clkbuf_0_clk/A (sky130_fd_sc_hd__clkbuf_16)
     4    0.042516    0.097035    0.269399    0.340461 ^ clkbuf_0_clk/X (sky130_fd_sc_hd__clkbuf_16)
                                                         clknet_0_clk (net)
                      0.097160    0.001986    0.342447 ^ clkbuf_2_0__f_clk/A (sky130_fd_sc_hd__clkbuf_16)
    10    0.030935    0.081783    0.248926    0.591373 ^ clkbuf_2_0__f_clk/X (sky130_fd_sc_hd__clkbuf_16)
                                                         clknet_2_0__leaf_clk (net)
                      0.081825    0.001673    0.593046 ^ _1059_/CLK (sky130_fd_sc_hd__dfrtp_1)
                                  0.250000    0.843046   clock uncertainty
                                  0.000000    0.843046   clock reconvergence pessimism
                                  0.711340    1.554386   library removal time
                                              1.554386   data required time
---------------------------------------------------------------------------------------------
                                              1.554386   data required time
                                             -3.323238   data arrival time
---------------------------------------------------------------------------------------------
                                              1.768852   slack (MET)


Startpoint: rst_n (input port clocked by clk)
Endpoint: _1044_ (removal check against rising-edge clock clk)
Path Group: asynchronous
Path Type: min

Fanout         Cap        Slew       Delay        Time   Description
---------------------------------------------------------------------------------------------
                                  0.000000    0.000000   clock clk (rise edge)
                                  0.000000    0.000000   clock network delay (propagated)
                                  2.000000    2.000000 ^ input external delay
     1    0.003901    0.039646    0.021655    2.021655 ^ rst_n (in)
                                                         rst_n (net)
                      0.039646    0.000000    2.021655 ^ input9/A (sky130_fd_sc_hd__buf_1)
     3    0.016627    0.321954    0.315041    2.336697 ^ input9/X (sky130_fd_sc_hd__buf_1)
                                                         net9 (net)
                      0.321975    0.002146    2.338843 ^ fanout47/A (sky130_fd_sc_hd__buf_2)
     8    0.042141    0.331928    0.492691    2.831534 ^ fanout47/X (sky130_fd_sc_hd__buf_2)
                                                         net47 (net)
                      0.331931    0.001755    2.833289 ^ fanout46/A (sky130_fd_sc_hd__clkbuf_4)
    10    0.046590    0.233666    0.484846    3.318136 ^ fanout46/X (sky130_fd_sc_hd__clkbuf_4)
                                                         net46 (net)
                      0.233794    0.005062    3.323198 ^ _1044_/RESET_B (sky130_fd_sc_hd__dfrtp_1)
                                              3.323198   data arrival time

                                  0.000000    0.000000   clock clk (rise edge)
                                  0.000000    0.000000   clock source latency
     1    0.013667    0.106385    0.071062    0.071062 ^ clk (in)
                                                         clk (net)
                      0.106405    0.000000    0.071062 ^ clkbuf_0_clk/A (sky130_fd_sc_hd__clkbuf_16)
     4    0.042516    0.097035    0.269399    0.340461 ^ clkbuf_0_clk/X (sky130_fd_sc_hd__clkbuf_16)
                                                         clknet_0_clk (net)
                      0.097160    0.001986    0.342447 ^ clkbuf_2_0__f_clk/A (sky130_fd_sc_hd__clkbuf_16)
    10    0.030935    0.081783    0.248926    0.591373 ^ clkbuf_2_0__f_clk/X (sky130_fd_sc_hd__clkbuf_16)
                                                         clknet_2_0__leaf_clk (net)
                      0.081819    0.001559    0.592931 ^ _1044_/CLK (sky130_fd_sc_hd__dfrtp_1)
                                  0.250000    0.842931   clock uncertainty
                                  0.000000    0.842931   clock reconvergence pessimism
                                  0.711338    1.554269   library removal time
                                              1.554269   data required time
---------------------------------------------------------------------------------------------
                                              1.554269   data required time
                                             -3.323198   data arrival time
---------------------------------------------------------------------------------------------
                                              1.768929   slack (MET)


Startpoint: rst_n (input port clocked by clk)
Endpoint: _1042_ (removal check against rising-edge clock clk)
Path Group: asynchronous
Path Type: min

Fanout         Cap        Slew       Delay        Time   Description
---------------------------------------------------------------------------------------------
                                  0.000000    0.000000   clock clk (rise edge)
                                  0.000000    0.000000   clock network delay (propagated)
                                  2.000000    2.000000 ^ input external delay
     1    0.003901    0.039646    0.021655    2.021655 ^ rst_n (in)
                                                         rst_n (net)
                      0.039646    0.000000    2.021655 ^ input9/A (sky130_fd_sc_hd__buf_1)
     3    0.016627    0.321954    0.315041    2.336697 ^ input9/X (sky130_fd_sc_hd__buf_1)
                                                         net9 (net)
                      0.321975    0.002146    2.338843 ^ fanout47/A (sky130_fd_sc_hd__buf_2)
     8    0.042141    0.331928    0.492691    2.831534 ^ fanout47/X (sky130_fd_sc_hd__buf_2)
                                                         net47 (net)
                      0.331931    0.001755    2.833289 ^ fanout46/A (sky130_fd_sc_hd__clkbuf_4)
    10    0.046590    0.233666    0.484846    3.318136 ^ fanout46/X (sky130_fd_sc_hd__clkbuf_4)
                                                         net46 (net)
                      0.233786    0.004920    3.323056 ^ _1042_/RESET_B (sky130_fd_sc_hd__dfrtp_1)
                                              3.323056   data arrival time

                                  0.000000    0.000000   clock clk (rise edge)
                                  0.000000    0.000000   clock source latency
     1    0.013667    0.106385    0.071062    0.071062 ^ clk (in)
                                                         clk (net)
                      0.106405    0.000000    0.071062 ^ clkbuf_0_clk/A (sky130_fd_sc_hd__clkbuf_16)
     4    0.042516    0.097035    0.269399    0.340461 ^ clkbuf_0_clk/X (sky130_fd_sc_hd__clkbuf_16)
                                                         clknet_0_clk (net)
                      0.097160    0.001986    0.342447 ^ clkbuf_2_0__f_clk/A (sky130_fd_sc_hd__clkbuf_16)
    10    0.030935    0.081783    0.248926    0.591373 ^ clkbuf_2_0__f_clk/X (sky130_fd_sc_hd__clkbuf_16)
                                                         clknet_2_0__leaf_clk (net)
                      0.081811    0.001414    0.592787 ^ _1042_/CLK (sky130_fd_sc_hd__dfrtp_1)
                                  0.250000    0.842787   clock uncertainty
                                  0.000000    0.842787   clock reconvergence pessimism
                                  0.711333    1.554120   library removal time
                                              1.554120   data required time
---------------------------------------------------------------------------------------------
                                              1.554120   data required time
                                             -3.323056   data arrival time
---------------------------------------------------------------------------------------------
                                              1.768936   slack (MET)


Startpoint: _1044_ (rising edge-triggered flip-flop clocked by clk)
Endpoint: _1044_ (rising edge-triggered flip-flop clocked by clk)
Path Group: clk
Path Type: min

Fanout         Cap        Slew       Delay        Time   Description
---------------------------------------------------------------------------------------------
                                  0.000000    0.000000   clock clk (rise edge)
                                  0.000000    0.000000   clock source latency
     1    0.013667    0.106385    0.071062    0.071062 ^ clk (in)
                                                         clk (net)
                      0.106405    0.000000    0.071062 ^ clkbuf_0_clk/A (sky130_fd_sc_hd__clkbuf_16)
     4    0.042516    0.097035    0.269399    0.340461 ^ clkbuf_0_clk/X (sky130_fd_sc_hd__clkbuf_16)
                                                         clknet_0_clk (net)
                      0.097160    0.001986    0.342447 ^ clkbuf_2_0__f_clk/A (sky130_fd_sc_hd__clkbuf_16)
    10    0.030935    0.081783    0.248926    0.591373 ^ clkbuf_2_0__f_clk/X (sky130_fd_sc_hd__clkbuf_16)
                                                         clknet_2_0__leaf_clk (net)
                      0.081819    0.001559    0.592931 ^ _1044_/CLK (sky130_fd_sc_hd__dfrtp_1)
     2    0.004931    0.103826    0.668249    1.261181 ^ _1044_/Q (sky130_fd_sc_hd__dfrtp_1)
                                                         net28 (net)
                      0.103826    0.000264    1.261444 ^ hold9/A (sky130_fd_sc_hd__dlygate4sd3_1)
     1    0.002459    0.087809    1.049295    2.310739 ^ hold9/X (sky130_fd_sc_hd__dlygate4sd3_1)
                                                         net88 (net)
                      0.087809    0.000167    2.310906 ^ _0578_/A0 (sky130_fd_sc_hd__mux2_1)
     1    0.002965    0.074168    0.233443    2.544348 ^ _0578_/X (sky130_fd_sc_hd__mux2_1)
                                                         _0008_ (net)
                      0.074168    0.000189    2.544537 ^ _1044_/D (sky130_fd_sc_hd__dfrtp_1)
                                              2.544537   data arrival time

                                  0.000000    0.000000   clock clk (rise edge)
                                  0.000000    0.000000   clock source latency
     1    0.013667    0.106385    0.071062    0.071062 ^ clk (in)
                                                         clk (net)
                      0.106405    0.000000    0.071062 ^ clkbuf_0_clk/A (sky130_fd_sc_hd__clkbuf_16)
     4    0.042516    0.097035    0.269399    0.340461 ^ clkbuf_0_clk/X (sky130_fd_sc_hd__clkbuf_16)
                                                         clknet_0_clk (net)
                      0.097160    0.001986    0.342447 ^ clkbuf_2_0__f_clk/A (sky130_fd_sc_hd__clkbuf_16)
    10    0.030935    0.081783    0.248926    0.591373 ^ clkbuf_2_0__f_clk/X (sky130_fd_sc_hd__clkbuf_16)
                                                         clknet_2_0__leaf_clk (net)
                      0.081819    0.001559    0.592931 ^ _1044_/CLK (sky130_fd_sc_hd__dfrtp_1)
                                  0.250000    0.842931   clock uncertainty
                                  0.000000    0.842931   clock reconvergence pessimism
                                 -0.075952    0.766979   library hold time
                                              0.766979   data required time
---------------------------------------------------------------------------------------------
                                              0.766979   data required time
                                             -2.544537   data arrival time
---------------------------------------------------------------------------------------------
                                              1.777558   slack (MET)


Startpoint: _1049_ (rising edge-triggered flip-flop clocked by clk)
Endpoint: _1049_ (rising edge-triggered flip-flop clocked by clk)
Path Group: clk
Path Type: min

Fanout         Cap        Slew       Delay        Time   Description
---------------------------------------------------------------------------------------------
                                  0.000000    0.000000   clock clk (rise edge)
                                  0.000000    0.000000   clock source latency
     1    0.013667    0.106385    0.071062    0.071062 ^ clk (in)
                                                         clk (net)
                      0.106405    0.000000    0.071062 ^ clkbuf_0_clk/A (sky130_fd_sc_hd__clkbuf_16)
     4    0.042516    0.097035    0.269399    0.340461 ^ clkbuf_0_clk/X (sky130_fd_sc_hd__clkbuf_16)
                                                         clknet_0_clk (net)
                      0.097169    0.002127    0.342588 ^ clkbuf_2_1__f_clk/A (sky130_fd_sc_hd__clkbuf_16)
     8    0.029645    0.079989    0.247182    0.589770 ^ clkbuf_2_1__f_clk/X (sky130_fd_sc_hd__clkbuf_16)
                                                         clknet_2_1__leaf_clk (net)
                      0.080007    0.001158    0.590928 ^ _1049_/CLK (sky130_fd_sc_hd__dfrtp_1)
     2    0.005772    0.113690    0.676237    1.267165 ^ _1049_/Q (sky130_fd_sc_hd__dfrtp_1)
                                                         net33 (net)
                      0.113690    0.000308    1.267473 ^ hold6/A (sky130_fd_sc_hd__dlygate4sd3_1)
     1    0.002047    0.083338    1.046881    2.314354 ^ hold6/X (sky130_fd_sc_hd__dlygate4sd3_1)
                                                         net85 (net)
                      0.083338    0.000134    2.314487 ^ _0757_/A0 (sky130_fd_sc_hd__mux2_1)
     1    0.002840    0.072705    0.229853    2.544341 ^ _0757_/X (sky130_fd_sc_hd__mux2_1)
                                                         _0013_ (net)
                      0.072705    0.000191    2.544531 ^ _1049_/D (sky130_fd_sc_hd__dfrtp_1)
                                              2.544531   data arrival time

                                  0.000000    0.000000   clock clk (rise edge)
                                  0.000000    0.000000   clock source latency
     1    0.013667    0.106385    0.071062    0.071062 ^ clk (in)
                                                         clk (net)
                      0.106405    0.000000    0.071062 ^ clkbuf_0_clk/A (sky130_fd_sc_hd__clkbuf_16)
     4    0.042516    0.097035    0.269399    0.340461 ^ clkbuf_0_clk/X (sky130_fd_sc_hd__clkbuf_16)
                                                         clknet_0_clk (net)
                      0.097169    0.002127    0.342588 ^ clkbuf_2_1__f_clk/A (sky130_fd_sc_hd__clkbuf_16)
     8    0.029645    0.079989    0.247182    0.589770 ^ clkbuf_2_1__f_clk/X (sky130_fd_sc_hd__clkbuf_16)
                                                         clknet_2_1__leaf_clk (net)
                      0.080007    0.001158    0.590928 ^ _1049_/CLK (sky130_fd_sc_hd__dfrtp_1)
                                  0.250000    0.840928   clock uncertainty
                                  0.000000    0.840928   clock reconvergence pessimism
                                 -0.075915    0.765013   library hold time
                                              0.765013   data required time
---------------------------------------------------------------------------------------------
                                              0.765013   data required time
                                             -2.544531   data arrival time
---------------------------------------------------------------------------------------------
                                              1.779518   slack (MET)


Startpoint: _1051_ (rising edge-triggered flip-flop clocked by clk)
Endpoint: _1051_ (rising edge-triggered flip-flop clocked by clk)
Path Group: clk
Path Type: min

Fanout         Cap        Slew       Delay        Time   Description
---------------------------------------------------------------------------------------------
                                  0.000000    0.000000   clock clk (rise edge)
                                  0.000000    0.000000   clock source latency
     1    0.013667    0.106385    0.071062    0.071062 ^ clk (in)
                                                         clk (net)
                      0.106405    0.000000    0.071062 ^ clkbuf_0_clk/A (sky130_fd_sc_hd__clkbuf_16)
     4    0.042516    0.097035    0.269399    0.340461 ^ clkbuf_0_clk/X (sky130_fd_sc_hd__clkbuf_16)
                                                         clknet_0_clk (net)
                      0.097139    0.001643    0.342104 ^ clkbuf_2_2__f_clk/A (sky130_fd_sc_hd__clkbuf_16)
    11    0.032699    0.084310    0.251075    0.593179 ^ clkbuf_2_2__f_clk/X (sky130_fd_sc_hd__clkbuf_16)
                                                         clknet_2_2__leaf_clk (net)
                      0.084364    0.001961    0.595140 ^ _1051_/CLK (sky130_fd_sc_hd__dfrtp_1)
     2    0.004524    0.099140    0.665058    1.260198 ^ _1051_/Q (sky130_fd_sc_hd__dfrtp_1)
                                                         net20 (net)
                      0.099140    0.000245    1.260443 ^ hold4/A (sky130_fd_sc_hd__dlygate4sd3_1)
     1    0.003689    0.104303    1.066279    2.326721 ^ hold4/X (sky130_fd_sc_hd__dlygate4sd3_1)
                                                         net83 (net)
                      0.104303    0.000212    2.326933 ^ _0847_/A0 (sky130_fd_sc_hd__mux2_1)
     1    0.002175    0.064848    0.229807    2.556741 ^ _0847_/X (sky130_fd_sc_hd__mux2_1)
                                                         _0015_ (net)
                      0.064848    0.000103    2.556844 ^ _1051_/D (sky130_fd_sc_hd__dfrtp_1)
                                              2.556844   data arrival time

                                  0.000000    0.000000   clock clk (rise edge)
                                  0.000000    0.000000   clock source latency
     1    0.013667    0.106385    0.071062    0.071062 ^ clk (in)
                                                         clk (net)
                      0.106405    0.000000    0.071062 ^ clkbuf_0_clk/A (sky130_fd_sc_hd__clkbuf_16)
     4    0.042516    0.097035    0.269399    0.340461 ^ clkbuf_0_clk/X (sky130_fd_sc_hd__clkbuf_16)
                                                         clknet_0_clk (net)
                      0.097139    0.001643    0.342104 ^ clkbuf_2_2__f_clk/A (sky130_fd_sc_hd__clkbuf_16)
    11    0.032699    0.084310    0.251075    0.593179 ^ clkbuf_2_2__f_clk/X (sky130_fd_sc_hd__clkbuf_16)
                                                         clknet_2_2__leaf_clk (net)
                      0.084364    0.001961    0.595140 ^ _1051_/CLK (sky130_fd_sc_hd__dfrtp_1)
                                  0.250000    0.845140   clock uncertainty
                                  0.000000    0.845140   clock reconvergence pessimism
                                 -0.073407    0.771733   library hold time
                                              0.771733   data required time
---------------------------------------------------------------------------------------------
                                              0.771733   data required time
                                             -2.556844   data arrival time
---------------------------------------------------------------------------------------------
                                              1.785111   slack (MET)


Startpoint: _1053_ (rising edge-triggered flip-flop clocked by clk)
Endpoint: _1053_ (rising edge-triggered flip-flop clocked by clk)
Path Group: clk
Path Type: min

Fanout         Cap        Slew       Delay        Time   Description
---------------------------------------------------------------------------------------------
                                  0.000000    0.000000   clock clk (rise edge)
                                  0.000000    0.000000   clock source latency
     1    0.013667    0.106385    0.071062    0.071062 ^ clk (in)
                                                         clk (net)
                      0.106405    0.000000    0.071062 ^ clkbuf_0_clk/A (sky130_fd_sc_hd__clkbuf_16)
     4    0.042516    0.097035    0.269399    0.340461 ^ clkbuf_0_clk/X (sky130_fd_sc_hd__clkbuf_16)
                                                         clknet_0_clk (net)
                      0.097139    0.001643    0.342104 ^ clkbuf_2_2__f_clk/A (sky130_fd_sc_hd__clkbuf_16)
    11    0.032699    0.084310    0.251075    0.593179 ^ clkbuf_2_2__f_clk/X (sky130_fd_sc_hd__clkbuf_16)
                                                         clknet_2_2__leaf_clk (net)
                      0.084397    0.002399    0.595578 ^ _1053_/CLK (sky130_fd_sc_hd__dfrtp_1)
     2    0.005555    0.111127    0.676038    1.271616 ^ _1053_/Q (sky130_fd_sc_hd__dfrtp_1)
                                                         net22 (net)
                      0.111127    0.000274    1.271890 ^ hold10/A (sky130_fd_sc_hd__dlygate4sd3_1)
     1    0.002031    0.083140    1.045631    2.317521 ^ hold10/X (sky130_fd_sc_hd__dlygate4sd3_1)
                                                         net89 (net)
                      0.083140    0.000097    2.317617 ^ _0930_/A0 (sky130_fd_sc_hd__mux2_1)
     1    0.003714    0.083194    0.241538    2.559155 ^ _0930_/X (sky130_fd_sc_hd__mux2_1)
                                                         _0017_ (net)
                      0.083194    0.000247    2.559403 ^ _1053_/D (sky130_fd_sc_hd__dfrtp_1)
                                              2.559403   data arrival time

                                  0.000000    0.000000   clock clk (rise edge)
                                  0.000000    0.000000   clock source latency
     1    0.013667    0.106385    0.071062    0.071062 ^ clk (in)
                                                         clk (net)
                      0.106405    0.000000    0.071062 ^ clkbuf_0_clk/A (sky130_fd_sc_hd__clkbuf_16)
     4    0.042516    0.097035    0.269399    0.340461 ^ clkbuf_0_clk/X (sky130_fd_sc_hd__clkbuf_16)
                                                         clknet_0_clk (net)
                      0.097139    0.001643    0.342104 ^ clkbuf_2_2__f_clk/A (sky130_fd_sc_hd__clkbuf_16)
    11    0.032699    0.084310    0.251075    0.593179 ^ clkbuf_2_2__f_clk/X (sky130_fd_sc_hd__clkbuf_16)
                                                         clknet_2_2__leaf_clk (net)
                      0.084397    0.002399    0.595578 ^ _1053_/CLK (sky130_fd_sc_hd__dfrtp_1)
                                  0.250000    0.845578   clock uncertainty
                                  0.000000    0.845578   clock reconvergence pessimism
                                 -0.077588    0.767990   library hold time
                                              0.767990   data required time
---------------------------------------------------------------------------------------------
                                              0.767990   data required time
                                             -2.559403   data arrival time
---------------------------------------------------------------------------------------------
                                              1.791413   slack (MET)


Startpoint: _1048_ (rising edge-triggered flip-flop clocked by clk)
Endpoint: _1048_ (rising edge-triggered flip-flop clocked by clk)
Path Group: clk
Path Type: min

Fanout         Cap        Slew       Delay        Time   Description
---------------------------------------------------------------------------------------------
                                  0.000000    0.000000   clock clk (rise edge)
                                  0.000000    0.000000   clock source latency
     1    0.013667    0.106385    0.071062    0.071062 ^ clk (in)
                                                         clk (net)
                      0.106405    0.000000    0.071062 ^ clkbuf_0_clk/A (sky130_fd_sc_hd__clkbuf_16)
     4    0.042516    0.097035    0.269399    0.340461 ^ clkbuf_0_clk/X (sky130_fd_sc_hd__clkbuf_16)
                                                         clknet_0_clk (net)
                      0.097136    0.001586    0.342047 ^ clkbuf_2_3__f_clk/A (sky130_fd_sc_hd__clkbuf_16)
    11    0.034762    0.087318    0.253585    0.595631 ^ clkbuf_2_3__f_clk/X (sky130_fd_sc_hd__clkbuf_16)
                                                         clknet_2_3__leaf_clk (net)
                      0.087517    0.003592    0.599224 ^ _1048_/CLK (sky130_fd_sc_hd__dfrtp_1)
     2    0.007059    0.129250    0.693290    1.292514 ^ _1048_/Q (sky130_fd_sc_hd__dfrtp_1)
                                                         net32 (net)
                      0.129250    0.000375    1.292889 ^ hold14/A (sky130_fd_sc_hd__dlygate4sd3_1)
     1    0.002089    0.083857    1.053666    2.346555 ^ hold14/X (sky130_fd_sc_hd__dlygate4sd3_1)
                                                         net93 (net)
                      0.083857    0.000099    2.346655 ^ _0713_/A0 (sky130_fd_sc_hd__mux2_1)
     1    0.002421    0.067959    0.224440    2.571095 ^ _0713_/X (sky130_fd_sc_hd__mux2_1)
                                                         _0012_ (net)
                      0.067959    0.000162    2.571257 ^ _1048_/D (sky130_fd_sc_hd__dfrtp_1)
                                              2.571257   data arrival time

                                  0.000000    0.000000   clock clk (rise edge)
                                  0.000000    0.000000   clock source latency
     1    0.013667    0.106385    0.071062    0.071062 ^ clk (in)
                                                         clk (net)
                      0.106405    0.000000    0.071062 ^ clkbuf_0_clk/A (sky130_fd_sc_hd__clkbuf_16)
     4    0.042516    0.097035    0.269399    0.340461 ^ clkbuf_0_clk/X (sky130_fd_sc_hd__clkbuf_16)
                                                         clknet_0_clk (net)
                      0.097136    0.001586    0.342047 ^ clkbuf_2_3__f_clk/A (sky130_fd_sc_hd__clkbuf_16)
    11    0.034762    0.087318    0.253585    0.595631 ^ clkbuf_2_3__f_clk/X (sky130_fd_sc_hd__clkbuf_16)
                                                         clknet_2_3__leaf_clk (net)
                      0.087517    0.003592    0.599224 ^ _1048_/CLK (sky130_fd_sc_hd__dfrtp_1)
                                  0.250000    0.849224   clock uncertainty
                                  0.000000    0.849224   clock reconvergence pessimism
                                 -0.073600    0.775624   library hold time
                                              0.775624   data required time
---------------------------------------------------------------------------------------------
                                              0.775624   data required time
                                             -2.571257   data arrival time
---------------------------------------------------------------------------------------------
                                              1.795633   slack (MET)


Startpoint: _1046_ (rising edge-triggered flip-flop clocked by clk)
Endpoint: _1046_ (rising edge-triggered flip-flop clocked by clk)
Path Group: clk
Path Type: min

Fanout         Cap        Slew       Delay        Time   Description
---------------------------------------------------------------------------------------------
                                  0.000000    0.000000   clock clk (rise edge)
                                  0.000000    0.000000   clock source latency
     1    0.013667    0.106385    0.071062    0.071062 ^ clk (in)
                                                         clk (net)
                      0.106405    0.000000    0.071062 ^ clkbuf_0_clk/A (sky130_fd_sc_hd__clkbuf_16)
     4    0.042516    0.097035    0.269399    0.340461 ^ clkbuf_0_clk/X (sky130_fd_sc_hd__clkbuf_16)
                                                         clknet_0_clk (net)
                      0.097169    0.002127    0.342588 ^ clkbuf_2_1__f_clk/A (sky130_fd_sc_hd__clkbuf_16)
     8    0.029645    0.079989    0.247182    0.589770 ^ clkbuf_2_1__f_clk/X (sky130_fd_sc_hd__clkbuf_16)
                                                         clknet_2_1__leaf_clk (net)
                      0.080004    0.001075    0.590844 ^ _1046_/CLK (sky130_fd_sc_hd__dfrtp_1)
     2    0.006850    0.126712    0.687534    1.278378 ^ _1046_/Q (sky130_fd_sc_hd__dfrtp_1)
                                                         net30 (net)
                      0.126712    0.000509    1.278888 ^ hold8/A (sky130_fd_sc_hd__dlygate4sd3_1)
     1    0.002051    0.083389    1.052087    2.330975 ^ hold8/X (sky130_fd_sc_hd__dlygate4sd3_1)
                                                         net87 (net)
                      0.083389    0.000097    2.331072 ^ _0633_/A0 (sky130_fd_sc_hd__mux2_1)
     1    0.002959    0.074096    0.231484    2.562556 ^ _0633_/X (sky130_fd_sc_hd__mux2_1)
                                                         _0010_ (net)
                      0.074096    0.000190    2.562746 ^ _1046_/D (sky130_fd_sc_hd__dfrtp_1)
                                              2.562746   data arrival time

                                  0.000000    0.000000   clock clk (rise edge)
                                  0.000000    0.000000   clock source latency
     1    0.013667    0.106385    0.071062    0.071062 ^ clk (in)
                                                         clk (net)
                      0.106405    0.000000    0.071062 ^ clkbuf_0_clk/A (sky130_fd_sc_hd__clkbuf_16)
     4    0.042516    0.097035    0.269399    0.340461 ^ clkbuf_0_clk/X (sky130_fd_sc_hd__clkbuf_16)
                                                         clknet_0_clk (net)
                      0.097169    0.002127    0.342588 ^ clkbuf_2_1__f_clk/A (sky130_fd_sc_hd__clkbuf_16)
     8    0.029645    0.079989    0.247182    0.589770 ^ clkbuf_2_1__f_clk/X (sky130_fd_sc_hd__clkbuf_16)
                                                         clknet_2_1__leaf_clk (net)
                      0.080004    0.001075    0.590844 ^ _1046_/CLK (sky130_fd_sc_hd__dfrtp_1)
                                  0.250000    0.840844   clock uncertainty
                                  0.000000    0.840844   clock reconvergence pessimism
                                 -0.076233    0.764611   library hold time
                                              0.764611   data required time
---------------------------------------------------------------------------------------------
                                              0.764611   data required time
                                             -2.562746   data arrival time
---------------------------------------------------------------------------------------------
                                              1.798135   slack (MET)


Startpoint: _1043_ (rising edge-triggered flip-flop clocked by clk)
Endpoint: _1043_ (rising edge-triggered flip-flop clocked by clk)
Path Group: clk
Path Type: min

Fanout         Cap        Slew       Delay        Time   Description
---------------------------------------------------------------------------------------------
                                  0.000000    0.000000   clock clk (rise edge)
                                  0.000000    0.000000   clock source latency
     1    0.013667    0.106385    0.071062    0.071062 ^ clk (in)
                                                         clk (net)
                      0.106405    0.000000    0.071062 ^ clkbuf_0_clk/A (sky130_fd_sc_hd__clkbuf_16)
     4    0.042516    0.097035    0.269399    0.340461 ^ clkbuf_0_clk/X (sky130_fd_sc_hd__clkbuf_16)
                                                         clknet_0_clk (net)
                      0.097160    0.001986    0.342447 ^ clkbuf_2_0__f_clk/A (sky130_fd_sc_hd__clkbuf_16)
    10    0.030935    0.081783    0.248926    0.591373 ^ clkbuf_2_0__f_clk/X (sky130_fd_sc_hd__clkbuf_16)
                                                         clknet_2_0__leaf_clk (net)
                      0.081820    0.001592    0.592965 ^ _1043_/CLK (sky130_fd_sc_hd__dfrtp_1)
     2    0.007511    0.134759    0.695332    1.288297 ^ _1043_/Q (sky130_fd_sc_hd__dfrtp_1)
                                                         net27 (net)
                      0.134759    0.000451    1.288748 ^ hold13/A (sky130_fd_sc_hd__dlygate4sd3_1)
     1    0.001977    0.082471    1.054128    2.342877 ^ hold13/X (sky130_fd_sc_hd__dlygate4sd3_1)
                                                         net92 (net)
                      0.082471    0.000091    2.342968 ^ _0559_/A0 (sky130_fd_sc_hd__mux2_1)
     1    0.003137    0.076222    0.233497    2.576464 ^ _0559_/X (sky130_fd_sc_hd__mux2_1)
                                                         _0007_ (net)
                      0.076222    0.000191    2.576655 ^ _1043_/D (sky130_fd_sc_hd__dfrtp_1)
                                              2.576655   data arrival time

                                  0.000000    0.000000   clock clk (rise edge)
                                  0.000000    0.000000   clock source latency
     1    0.013667    0.106385    0.071062    0.071062 ^ clk (in)
                                                         clk (net)
                      0.106405    0.000000    0.071062 ^ clkbuf_0_clk/A (sky130_fd_sc_hd__clkbuf_16)
     4    0.042516    0.097035    0.269399    0.340461 ^ clkbuf_0_clk/X (sky130_fd_sc_hd__clkbuf_16)
                                                         clknet_0_clk (net)
                      0.097160    0.001986    0.342447 ^ clkbuf_2_0__f_clk/A (sky130_fd_sc_hd__clkbuf_16)
    10    0.030935    0.081783    0.248926    0.591373 ^ clkbuf_2_0__f_clk/X (sky130_fd_sc_hd__clkbuf_16)
                                                         clknet_2_0__leaf_clk (net)
                      0.081820    0.001592    0.592965 ^ _1043_/CLK (sky130_fd_sc_hd__dfrtp_1)
                                  0.250000    0.842965   clock uncertainty
                                  0.000000    0.842965   clock reconvergence pessimism
                                 -0.076420    0.766545   library hold time
                                              0.766545   data required time
---------------------------------------------------------------------------------------------
                                              0.766545   data required time
                                             -2.576655   data arrival time
---------------------------------------------------------------------------------------------
                                              1.810110   slack (MET)


Startpoint: _1057_ (rising edge-triggered flip-flop clocked by clk)
Endpoint: _1058_ (rising edge-triggered flip-flop clocked by clk)
Path Group: clk
Path Type: min

Fanout         Cap        Slew       Delay        Time   Description
---------------------------------------------------------------------------------------------
                                  0.000000    0.000000   clock clk (rise edge)
                                  0.000000    0.000000   clock source latency
     1    0.013667    0.106385    0.071062    0.071062 ^ clk (in)
                                                         clk (net)
                      0.106405    0.000000    0.071062 ^ clkbuf_0_clk/A (sky130_fd_sc_hd__clkbuf_16)
     4    0.042516    0.097035    0.269399    0.340461 ^ clkbuf_0_clk/X (sky130_fd_sc_hd__clkbuf_16)
                                                         clknet_0_clk (net)
                      0.097160    0.001986    0.342447 ^ clkbuf_2_0__f_clk/A (sky130_fd_sc_hd__clkbuf_16)
    10    0.030935    0.081783    0.248926    0.591373 ^ clkbuf_2_0__f_clk/X (sky130_fd_sc_hd__clkbuf_16)
                                                         clknet_2_0__leaf_clk (net)
                      0.081826    0.001686    0.593058 ^ _1057_/CLK (sky130_fd_sc_hd__dfrtp_1)
     3    0.008731    0.149789    0.708207    1.301265 ^ _1057_/Q (sky130_fd_sc_hd__dfrtp_1)
                                                         accumulator[0] (net)
                      0.149789    0.000496    1.301762 ^ _0532_/A (sky130_fd_sc_hd__and3_1)
     3    0.009667    0.178217    0.389899    1.691661 ^ _0532_/X (sky130_fd_sc_hd__and3_1)
                                                         _0039_ (net)
                      0.178217    0.000471    1.692131 ^ _0542_/B1_N (sky130_fd_sc_hd__o21ba_1)
     1    0.002338    0.052860    0.301181    1.993312 v _0542_/X (sky130_fd_sc_hd__o21ba_1)
                                                         _0048_ (net)
                      0.052860    0.000108    1.993420 v _0543_/B (sky130_fd_sc_hd__nor2_1)
     2    0.008556    0.284516    0.254360    2.247780 ^ _0543_/Y (sky130_fd_sc_hd__nor2_1)
                                                         _0049_ (net)
                      0.284517    0.000490    2.248270 ^ _1021_/B2 (sky130_fd_sc_hd__a22o_1)
     1    0.003560    0.085610    0.327483    2.575753 ^ _1021_/X (sky130_fd_sc_hd__a22o_1)
                                                         _0022_ (net)
                      0.085610    0.000226    2.575979 ^ _1058_/D (sky130_fd_sc_hd__dfrtp_1)
                                              2.575979   data arrival time

                                  0.000000    0.000000   clock clk (rise edge)
                                  0.000000    0.000000   clock source latency
     1    0.013667    0.106385    0.071062    0.071062 ^ clk (in)
                                                         clk (net)
                      0.106405    0.000000    0.071062 ^ clkbuf_0_clk/A (sky130_fd_sc_hd__clkbuf_16)
     4    0.042516    0.097035    0.269399    0.340461 ^ clkbuf_0_clk/X (sky130_fd_sc_hd__clkbuf_16)
                                                         clknet_0_clk (net)
                      0.097160    0.001986    0.342447 ^ clkbuf_2_0__f_clk/A (sky130_fd_sc_hd__clkbuf_16)
    10    0.030935    0.081783    0.248926    0.591373 ^ clkbuf_2_0__f_clk/X (sky130_fd_sc_hd__clkbuf_16)
                                                         clknet_2_0__leaf_clk (net)
                      0.081818    0.001555    0.592928 ^ _1058_/CLK (sky130_fd_sc_hd__dfrtp_1)
                                  0.250000    0.842928   clock uncertainty
                                  0.000000    0.842928   clock reconvergence pessimism
                                 -0.078563    0.764365   library hold time
                                              0.764365   data required time
---------------------------------------------------------------------------------------------
                                              0.764365   data required time
                                             -2.575979   data arrival time
---------------------------------------------------------------------------------------------
                                              1.811614   slack (MET)


Startpoint: _1054_ (rising edge-triggered flip-flop clocked by clk)
Endpoint: _1054_ (rising edge-triggered flip-flop clocked by clk)
Path Group: clk
Path Type: min

Fanout         Cap        Slew       Delay        Time   Description
---------------------------------------------------------------------------------------------
                                  0.000000    0.000000   clock clk (rise edge)
                                  0.000000    0.000000   clock source latency
     1    0.013667    0.106385    0.071062    0.071062 ^ clk (in)
                                                         clk (net)
                      0.106405    0.000000    0.071062 ^ clkbuf_0_clk/A (sky130_fd_sc_hd__clkbuf_16)
     4    0.042516    0.097035    0.269399    0.340461 ^ clkbuf_0_clk/X (sky130_fd_sc_hd__clkbuf_16)
                                                         clknet_0_clk (net)
                      0.097139    0.001643    0.342104 ^ clkbuf_2_2__f_clk/A (sky130_fd_sc_hd__clkbuf_16)
    11    0.032699    0.084310    0.251075    0.593179 ^ clkbuf_2_2__f_clk/X (sky130_fd_sc_hd__clkbuf_16)
                                                         clknet_2_2__leaf_clk (net)
                      0.084405    0.002491    0.595670 ^ _1054_/CLK (sky130_fd_sc_hd__dfrtp_1)
     2    0.006553    0.122997    0.686542    1.282211 ^ _1054_/Q (sky130_fd_sc_hd__dfrtp_1)
                                                         net23 (net)
                      0.122997    0.000292    1.282504 ^ hold5/A (sky130_fd_sc_hd__dlygate4sd3_1)
     1    0.003197    0.096426    1.068164    2.350668 ^ hold5/X (sky130_fd_sc_hd__dlygate4sd3_1)
                                                         net84 (net)
                      0.096426    0.000181    2.350849 ^ _0970_/A0 (sky130_fd_sc_hd__mux2_1)
     1    0.002746    0.071631    0.234136    2.584984 ^ _0970_/X (sky130_fd_sc_hd__mux2_1)
                                                         _0018_ (net)
                      0.071631    0.000183    2.585167 ^ _1054_/D (sky130_fd_sc_hd__dfrtp_1)
                                              2.585167   data arrival time

                                  0.000000    0.000000   clock clk (rise edge)
                                  0.000000    0.000000   clock source latency
     1    0.013667    0.106385    0.071062    0.071062 ^ clk (in)
                                                         clk (net)
                      0.106405    0.000000    0.071062 ^ clkbuf_0_clk/A (sky130_fd_sc_hd__clkbuf_16)
     4    0.042516    0.097035    0.269399    0.340461 ^ clkbuf_0_clk/X (sky130_fd_sc_hd__clkbuf_16)
                                                         clknet_0_clk (net)
                      0.097139    0.001643    0.342104 ^ clkbuf_2_2__f_clk/A (sky130_fd_sc_hd__clkbuf_16)
    11    0.032699    0.084310    0.251075    0.593179 ^ clkbuf_2_2__f_clk/X (sky130_fd_sc_hd__clkbuf_16)
                                                         clknet_2_2__leaf_clk (net)
                      0.084405    0.002491    0.595670 ^ _1054_/CLK (sky130_fd_sc_hd__dfrtp_1)
                                  0.250000    0.845670   clock uncertainty
                                  0.000000    0.845670   clock reconvergence pessimism
                                 -0.074948    0.770721   library hold time
                                              0.770721   data required time
---------------------------------------------------------------------------------------------
                                              0.770721   data required time
                                             -2.585167   data arrival time
---------------------------------------------------------------------------------------------
                                              1.814446   slack (MET)


Startpoint: _1052_ (rising edge-triggered flip-flop clocked by clk)
Endpoint: _1052_ (rising edge-triggered flip-flop clocked by clk)
Path Group: clk
Path Type: min

Fanout         Cap        Slew       Delay        Time   Description
---------------------------------------------------------------------------------------------
                                  0.000000    0.000000   clock clk (rise edge)
                                  0.000000    0.000000   clock source latency
     1    0.013667    0.106385    0.071062    0.071062 ^ clk (in)
                                                         clk (net)
                      0.106405    0.000000    0.071062 ^ clkbuf_0_clk/A (sky130_fd_sc_hd__clkbuf_16)
     4    0.042516    0.097035    0.269399    0.340461 ^ clkbuf_0_clk/X (sky130_fd_sc_hd__clkbuf_16)
                                                         clknet_0_clk (net)
                      0.097139    0.001643    0.342104 ^ clkbuf_2_2__f_clk/A (sky130_fd_sc_hd__clkbuf_16)
    11    0.032699    0.084310    0.251075    0.593179 ^ clkbuf_2_2__f_clk/X (sky130_fd_sc_hd__clkbuf_16)
                                                         clknet_2_2__leaf_clk (net)
                      0.084355    0.001817    0.594996 ^ _1052_/CLK (sky130_fd_sc_hd__dfrtp_1)
     2    0.007503    0.134663    0.696459    1.291454 ^ _1052_/Q (sky130_fd_sc_hd__dfrtp_1)
                                                         net21 (net)
                      0.134663    0.000415    1.291869 ^ hold11/A (sky130_fd_sc_hd__dlygate4sd3_1)
     1    0.002070    0.083628    1.055510    2.347380 ^ hold11/X (sky130_fd_sc_hd__dlygate4sd3_1)
                                                         net90 (net)
                      0.083628    0.000137    2.347517 ^ _0886_/A0 (sky130_fd_sc_hd__mux2_1)
     1    0.003457    0.080114    0.238259    2.585776 ^ _0886_/X (sky130_fd_sc_hd__mux2_1)
                                                         _0016_ (net)
                      0.080114    0.000259    2.586035 ^ _1052_/D (sky130_fd_sc_hd__dfrtp_1)
                                              2.586035   data arrival time

                                  0.000000    0.000000   clock clk (rise edge)
                                  0.000000    0.000000   clock source latency
     1    0.013667    0.106385    0.071062    0.071062 ^ clk (in)
                                                         clk (net)
                      0.106405    0.000000    0.071062 ^ clkbuf_0_clk/A (sky130_fd_sc_hd__clkbuf_16)
     4    0.042516    0.097035    0.269399    0.340461 ^ clkbuf_0_clk/X (sky130_fd_sc_hd__clkbuf_16)
                                                         clknet_0_clk (net)
                      0.097139    0.001643    0.342104 ^ clkbuf_2_2__f_clk/A (sky130_fd_sc_hd__clkbuf_16)
    11    0.032699    0.084310    0.251075    0.593179 ^ clkbuf_2_2__f_clk/X (sky130_fd_sc_hd__clkbuf_16)
                                                         clknet_2_2__leaf_clk (net)
                      0.084355    0.001817    0.594996 ^ _1052_/CLK (sky130_fd_sc_hd__dfrtp_1)
                                  0.250000    0.844996   clock uncertainty
                                  0.000000    0.844996   clock reconvergence pessimism
                                 -0.076892    0.768103   library hold time
                                              0.768103   data required time
---------------------------------------------------------------------------------------------
                                              0.768103   data required time
                                             -2.586035   data arrival time
---------------------------------------------------------------------------------------------
                                              1.817932   slack (MET)


Startpoint: _1037_ (rising edge-triggered flip-flop clocked by clk)
Endpoint: _1067_ (rising edge-triggered flip-flop clocked by clk)
Path Group: clk
Path Type: min

Fanout         Cap        Slew       Delay        Time   Description
---------------------------------------------------------------------------------------------
                                  0.000000    0.000000   clock clk (rise edge)
                                  0.000000    0.000000   clock source latency
     1    0.013667    0.106385    0.071062    0.071062 ^ clk (in)
                                                         clk (net)
                      0.106405    0.000000    0.071062 ^ clkbuf_0_clk/A (sky130_fd_sc_hd__clkbuf_16)
     4    0.042516    0.097035    0.269399    0.340461 ^ clkbuf_0_clk/X (sky130_fd_sc_hd__clkbuf_16)
                                                         clknet_0_clk (net)
                      0.097160    0.001986    0.342447 ^ clkbuf_2_0__f_clk/A (sky130_fd_sc_hd__clkbuf_16)
    10    0.030935    0.081783    0.248926    0.591373 ^ clkbuf_2_0__f_clk/X (sky130_fd_sc_hd__clkbuf_16)
                                                         clknet_2_0__leaf_clk (net)
                      0.081814    0.001477    0.592850 ^ _1037_/CLK (sky130_fd_sc_hd__dfrtp_1)
     3    0.008237    0.143681    0.702987    1.295837 ^ _1037_/Q (sky130_fd_sc_hd__dfrtp_1)
                                                         pixel_count[1] (net)
                      0.143681    0.000478    1.296315 ^ _0520_/A (sky130_fd_sc_hd__nor4b_1)
     2    0.006778    0.093564    0.143312    1.439627 v _0520_/Y (sky130_fd_sc_hd__nor4b_1)
                                                         _0513_ (net)
                      0.093565    0.000462    1.440089 v _0523_/B (sky130_fd_sc_hd__nor2_1)
     2    0.013813    0.430379    0.377628    1.817717 ^ _0523_/Y (sky130_fd_sc_hd__nor2_1)
                                                         _0515_ (net)
                      0.430384    0.001289    1.819007 ^ fanout39/A (sky130_fd_sc_hd__clkbuf_2)
     7    0.029317    0.256264    0.474033    2.293040 ^ fanout39/X (sky130_fd_sc_hd__clkbuf_2)
                                                         net39 (net)
                      0.256270    0.001645    2.294685 ^ _1030_/B1 (sky130_fd_sc_hd__a22o_1)
     1    0.002520    0.072087    0.300669    2.595354 ^ _1030_/X (sky130_fd_sc_hd__a22o_1)
                                                         _0031_ (net)
                      0.072112    0.000184    2.595538 ^ _1067_/D (sky130_fd_sc_hd__dfrtp_1)
                                              2.595538   data arrival time

                                  0.000000    0.000000   clock clk (rise edge)
                                  0.000000    0.000000   clock source latency
     1    0.013667    0.106385    0.071062    0.071062 ^ clk (in)
                                                         clk (net)
                      0.106405    0.000000    0.071062 ^ clkbuf_0_clk/A (sky130_fd_sc_hd__clkbuf_16)
     4    0.042516    0.097035    0.269399    0.340461 ^ clkbuf_0_clk/X (sky130_fd_sc_hd__clkbuf_16)
                                                         clknet_0_clk (net)
                      0.097136    0.001586    0.342047 ^ clkbuf_2_3__f_clk/A (sky130_fd_sc_hd__clkbuf_16)
    11    0.034762    0.087318    0.253585    0.595631 ^ clkbuf_2_3__f_clk/X (sky130_fd_sc_hd__clkbuf_16)
                                                         clknet_2_3__leaf_clk (net)
                      0.087359    0.001851    0.597482 ^ _1067_/CLK (sky130_fd_sc_hd__dfrtp_1)
                                  0.250000    0.847482   clock uncertainty
                                  0.000000    0.847482   clock reconvergence pessimism
                                 -0.074573    0.772909   library hold time
                                              0.772909   data required time
---------------------------------------------------------------------------------------------
                                              0.772909   data required time
                                             -2.595538   data arrival time
---------------------------------------------------------------------------------------------
                                              1.822629   slack (MET)


Startpoint: _1037_ (rising edge-triggered flip-flop clocked by clk)
Endpoint: _1070_ (rising edge-triggered flip-flop clocked by clk)
Path Group: clk
Path Type: min

Fanout         Cap        Slew       Delay        Time   Description
---------------------------------------------------------------------------------------------
                                  0.000000    0.000000   clock clk (rise edge)
                                  0.000000    0.000000   clock source latency
     1    0.013667    0.106385    0.071062    0.071062 ^ clk (in)
                                                         clk (net)
                      0.106405    0.000000    0.071062 ^ clkbuf_0_clk/A (sky130_fd_sc_hd__clkbuf_16)
     4    0.042516    0.097035    0.269399    0.340461 ^ clkbuf_0_clk/X (sky130_fd_sc_hd__clkbuf_16)
                                                         clknet_0_clk (net)
                      0.097160    0.001986    0.342447 ^ clkbuf_2_0__f_clk/A (sky130_fd_sc_hd__clkbuf_16)
    10    0.030935    0.081783    0.248926    0.591373 ^ clkbuf_2_0__f_clk/X (sky130_fd_sc_hd__clkbuf_16)
                                                         clknet_2_0__leaf_clk (net)
                      0.081814    0.001477    0.592850 ^ _1037_/CLK (sky130_fd_sc_hd__dfrtp_1)
     3    0.008237    0.143681    0.702987    1.295837 ^ _1037_/Q (sky130_fd_sc_hd__dfrtp_1)
                                                         pixel_count[1] (net)
                      0.143681    0.000478    1.296315 ^ _0520_/A (sky130_fd_sc_hd__nor4b_1)
     2    0.006778    0.093564    0.143312    1.439627 v _0520_/Y (sky130_fd_sc_hd__nor4b_1)
                                                         _0513_ (net)
                      0.093565    0.000462    1.440089 v _0523_/B (sky130_fd_sc_hd__nor2_1)
     2    0.013813    0.430379    0.377628    1.817717 ^ _0523_/Y (sky130_fd_sc_hd__nor2_1)
                                                         _0515_ (net)
                      0.430384    0.001289    1.819007 ^ fanout39/A (sky130_fd_sc_hd__clkbuf_2)
     7    0.029317    0.256264    0.474033    2.293040 ^ fanout39/X (sky130_fd_sc_hd__clkbuf_2)
                                                         net39 (net)
                      0.256264    0.000765    2.293804 ^ _1033_/B1 (sky130_fd_sc_hd__a22o_1)
     1    0.002600    0.073112    0.301812    2.595617 ^ _1033_/X (sky130_fd_sc_hd__a22o_1)
                                                         _0034_ (net)
                      0.073112    0.000171    2.595788 ^ _1070_/D (sky130_fd_sc_hd__dfrtp_1)
                                              2.595788   data arrival time

                                  0.000000    0.000000   clock clk (rise edge)
                                  0.000000    0.000000   clock source latency
     1    0.013667    0.106385    0.071062    0.071062 ^ clk (in)
                                                         clk (net)
                      0.106405    0.000000    0.071062 ^ clkbuf_0_clk/A (sky130_fd_sc_hd__clkbuf_16)
     4    0.042516    0.097035    0.269399    0.340461 ^ clkbuf_0_clk/X (sky130_fd_sc_hd__clkbuf_16)
                                                         clknet_0_clk (net)
                      0.097136    0.001586    0.342047 ^ clkbuf_2_3__f_clk/A (sky130_fd_sc_hd__clkbuf_16)
    11    0.034762    0.087318    0.253585    0.595631 ^ clkbuf_2_3__f_clk/X (sky130_fd_sc_hd__clkbuf_16)
                                                         clknet_2_3__leaf_clk (net)
                      0.087343    0.001537    0.597169 ^ _1070_/CLK (sky130_fd_sc_hd__dfrtp_1)
                                  0.250000    0.847169   clock uncertainty
                                  0.000000    0.847169   clock reconvergence pessimism
                                 -0.074804    0.772364   library hold time
                                              0.772364   data required time
---------------------------------------------------------------------------------------------
                                              0.772364   data required time
                                             -2.595788   data arrival time
---------------------------------------------------------------------------------------------
                                              1.823424   slack (MET)


Startpoint: _1037_ (rising edge-triggered flip-flop clocked by clk)
Endpoint: _1069_ (rising edge-triggered flip-flop clocked by clk)
Path Group: clk
Path Type: min

Fanout         Cap        Slew       Delay        Time   Description
---------------------------------------------------------------------------------------------
                                  0.000000    0.000000   clock clk (rise edge)
                                  0.000000    0.000000   clock source latency
     1    0.013667    0.106385    0.071062    0.071062 ^ clk (in)
                                                         clk (net)
                      0.106405    0.000000    0.071062 ^ clkbuf_0_clk/A (sky130_fd_sc_hd__clkbuf_16)
     4    0.042516    0.097035    0.269399    0.340461 ^ clkbuf_0_clk/X (sky130_fd_sc_hd__clkbuf_16)
                                                         clknet_0_clk (net)
                      0.097160    0.001986    0.342447 ^ clkbuf_2_0__f_clk/A (sky130_fd_sc_hd__clkbuf_16)
    10    0.030935    0.081783    0.248926    0.591373 ^ clkbuf_2_0__f_clk/X (sky130_fd_sc_hd__clkbuf_16)
                                                         clknet_2_0__leaf_clk (net)
                      0.081814    0.001477    0.592850 ^ _1037_/CLK (sky130_fd_sc_hd__dfrtp_1)
     3    0.008237    0.143681    0.702987    1.295837 ^ _1037_/Q (sky130_fd_sc_hd__dfrtp_1)
                                                         pixel_count[1] (net)
                      0.143681    0.000478    1.296315 ^ _0520_/A (sky130_fd_sc_hd__nor4b_1)
     2    0.006778    0.093564    0.143312    1.439627 v _0520_/Y (sky130_fd_sc_hd__nor4b_1)
                                                         _0513_ (net)
                      0.093565    0.000462    1.440089 v _0523_/B (sky130_fd_sc_hd__nor2_1)
     2    0.013813    0.430379    0.377628    1.817717 ^ _0523_/Y (sky130_fd_sc_hd__nor2_1)
                                                         _0515_ (net)
                      0.430384    0.001289    1.819007 ^ fanout39/A (sky130_fd_sc_hd__clkbuf_2)
     7    0.029317    0.256264    0.474033    2.293040 ^ fanout39/X (sky130_fd_sc_hd__clkbuf_2)
                                                         net39 (net)
                      0.256264    0.000993    2.294033 ^ _1032_/B1 (sky130_fd_sc_hd__a22o_1)
     1    0.002709    0.074452    0.303361    2.597394 ^ _1032_/X (sky130_fd_sc_hd__a22o_1)
                                                         _0033_ (net)
                      0.074452    0.000176    2.597570 ^ _1069_/D (sky130_fd_sc_hd__dfrtp_1)
                                              2.597570   data arrival time

                                  0.000000    0.000000   clock clk (rise edge)
                                  0.000000    0.000000   clock source latency
     1    0.013667    0.106385    0.071062    0.071062 ^ clk (in)
                                                         clk (net)
                      0.106405    0.000000    0.071062 ^ clkbuf_0_clk/A (sky130_fd_sc_hd__clkbuf_16)
     4    0.042516    0.097035    0.269399    0.340461 ^ clkbuf_0_clk/X (sky130_fd_sc_hd__clkbuf_16)
                                                         clknet_0_clk (net)
                      0.097136    0.001586    0.342047 ^ clkbuf_2_3__f_clk/A (sky130_fd_sc_hd__clkbuf_16)
    11    0.034762    0.087318    0.253585    0.595631 ^ clkbuf_2_3__f_clk/X (sky130_fd_sc_hd__clkbuf_16)
                                                         clknet_2_3__leaf_clk (net)
                      0.087517    0.003590    0.599221 ^ _1069_/CLK (sky130_fd_sc_hd__dfrtp_1)
                                  0.250000    0.849221   clock uncertainty
                                  0.000000    0.849221   clock reconvergence pessimism
                                 -0.075082    0.774139   library hold time
                                              0.774139   data required time
---------------------------------------------------------------------------------------------
                                              0.774139   data required time
                                             -2.597570   data arrival time
---------------------------------------------------------------------------------------------
                                              1.823430   slack (MET)


Startpoint: _1037_ (rising edge-triggered flip-flop clocked by clk)
Endpoint: _1068_ (rising edge-triggered flip-flop clocked by clk)
Path Group: clk
Path Type: min

Fanout         Cap        Slew       Delay        Time   Description
---------------------------------------------------------------------------------------------
                                  0.000000    0.000000   clock clk (rise edge)
                                  0.000000    0.000000   clock source latency
     1    0.013667    0.106385    0.071062    0.071062 ^ clk (in)
                                                         clk (net)
                      0.106405    0.000000    0.071062 ^ clkbuf_0_clk/A (sky130_fd_sc_hd__clkbuf_16)
     4    0.042516    0.097035    0.269399    0.340461 ^ clkbuf_0_clk/X (sky130_fd_sc_hd__clkbuf_16)
                                                         clknet_0_clk (net)
                      0.097160    0.001986    0.342447 ^ clkbuf_2_0__f_clk/A (sky130_fd_sc_hd__clkbuf_16)
    10    0.030935    0.081783    0.248926    0.591373 ^ clkbuf_2_0__f_clk/X (sky130_fd_sc_hd__clkbuf_16)
                                                         clknet_2_0__leaf_clk (net)
                      0.081814    0.001477    0.592850 ^ _1037_/CLK (sky130_fd_sc_hd__dfrtp_1)
     3    0.008237    0.143681    0.702987    1.295837 ^ _1037_/Q (sky130_fd_sc_hd__dfrtp_1)
                                                         pixel_count[1] (net)
                      0.143681    0.000478    1.296315 ^ _0520_/A (sky130_fd_sc_hd__nor4b_1)
     2    0.006778    0.093564    0.143312    1.439627 v _0520_/Y (sky130_fd_sc_hd__nor4b_1)
                                                         _0513_ (net)
                      0.093565    0.000462    1.440089 v _0523_/B (sky130_fd_sc_hd__nor2_1)
     2    0.013813    0.430379    0.377628    1.817717 ^ _0523_/Y (sky130_fd_sc_hd__nor2_1)
                                                         _0515_ (net)
                      0.430384    0.001289    1.819007 ^ fanout39/A (sky130_fd_sc_hd__clkbuf_2)
     7    0.029317    0.256264    0.474033    2.293040 ^ fanout39/X (sky130_fd_sc_hd__clkbuf_2)
                                                         net39 (net)
                      0.256267    0.001372    2.294412 ^ _1031_/B1 (sky130_fd_sc_hd__a22o_1)
     1    0.002669    0.073983    0.302802    2.597214 ^ _1031_/X (sky130_fd_sc_hd__a22o_1)
                                                         _0032_ (net)
                      0.073983    0.000173    2.597387 ^ _1068_/D (sky130_fd_sc_hd__dfrtp_1)
                                              2.597387   data arrival time

                                  0.000000    0.000000   clock clk (rise edge)
                                  0.000000    0.000000   clock source latency
     1    0.013667    0.106385    0.071062    0.071062 ^ clk (in)
                                                         clk (net)
                      0.106405    0.000000    0.071062 ^ clkbuf_0_clk/A (sky130_fd_sc_hd__clkbuf_16)
     4    0.042516    0.097035    0.269399    0.340461 ^ clkbuf_0_clk/X (sky130_fd_sc_hd__clkbuf_16)
                                                         clknet_0_clk (net)
                      0.097136    0.001586    0.342047 ^ clkbuf_2_3__f_clk/A (sky130_fd_sc_hd__clkbuf_16)
    11    0.034762    0.087318    0.253585    0.595631 ^ clkbuf_2_3__f_clk/X (sky130_fd_sc_hd__clkbuf_16)
                                                         clknet_2_3__leaf_clk (net)
                      0.087345    0.001567    0.597198 ^ _1068_/CLK (sky130_fd_sc_hd__dfrtp_1)
                                  0.250000    0.847198   clock uncertainty
                                  0.000000    0.847198   clock reconvergence pessimism
                                 -0.075003    0.772195   library hold time
                                              0.772195   data required time
---------------------------------------------------------------------------------------------
                                              0.772195   data required time
                                             -2.597387   data arrival time
---------------------------------------------------------------------------------------------
                                              1.825191   slack (MET)


Startpoint: _1037_ (rising edge-triggered flip-flop clocked by clk)
Endpoint: _1072_ (rising edge-triggered flip-flop clocked by clk)
Path Group: clk
Path Type: min

Fanout         Cap        Slew       Delay        Time   Description
---------------------------------------------------------------------------------------------
                                  0.000000    0.000000   clock clk (rise edge)
                                  0.000000    0.000000   clock source latency
     1    0.013667    0.106385    0.071062    0.071062 ^ clk (in)
                                                         clk (net)
                      0.106405    0.000000    0.071062 ^ clkbuf_0_clk/A (sky130_fd_sc_hd__clkbuf_16)
     4    0.042516    0.097035    0.269399    0.340461 ^ clkbuf_0_clk/X (sky130_fd_sc_hd__clkbuf_16)
                                                         clknet_0_clk (net)
                      0.097160    0.001986    0.342447 ^ clkbuf_2_0__f_clk/A (sky130_fd_sc_hd__clkbuf_16)
    10    0.030935    0.081783    0.248926    0.591373 ^ clkbuf_2_0__f_clk/X (sky130_fd_sc_hd__clkbuf_16)
                                                         clknet_2_0__leaf_clk (net)
                      0.081814    0.001477    0.592850 ^ _1037_/CLK (sky130_fd_sc_hd__dfrtp_1)
     3    0.008237    0.143681    0.702987    1.295837 ^ _1037_/Q (sky130_fd_sc_hd__dfrtp_1)
                                                         pixel_count[1] (net)
                      0.143681    0.000478    1.296315 ^ _0520_/A (sky130_fd_sc_hd__nor4b_1)
     2    0.006778    0.093564    0.143312    1.439627 v _0520_/Y (sky130_fd_sc_hd__nor4b_1)
                                                         _0513_ (net)
                      0.093565    0.000462    1.440089 v _0523_/B (sky130_fd_sc_hd__nor2_1)
     2    0.013813    0.430379    0.377628    1.817717 ^ _0523_/Y (sky130_fd_sc_hd__nor2_1)
                                                         _0515_ (net)
                      0.430384    0.001289    1.819007 ^ fanout39/A (sky130_fd_sc_hd__clkbuf_2)
     7    0.029317    0.256264    0.474033    2.293040 ^ fanout39/X (sky130_fd_sc_hd__clkbuf_2)
                                                         net39 (net)
                      0.256264    0.001051    2.294090 ^ _1035_/B1 (sky130_fd_sc_hd__a22o_1)
     1    0.002715    0.074573    0.303460    2.597550 ^ _1035_/X (sky130_fd_sc_hd__a22o_1)
                                                         _0036_ (net)
                      0.074573    0.000173    2.597723 ^ _1072_/D (sky130_fd_sc_hd__dfrtp_1)
                                              2.597723   data arrival time

                                  0.000000    0.000000   clock clk (rise edge)
                                  0.000000    0.000000   clock source latency
     1    0.013667    0.106385    0.071062    0.071062 ^ clk (in)
                                                         clk (net)
                      0.106405    0.000000    0.071062 ^ clkbuf_0_clk/A (sky130_fd_sc_hd__clkbuf_16)
     4    0.042516    0.097035    0.269399    0.340461 ^ clkbuf_0_clk/X (sky130_fd_sc_hd__clkbuf_16)
                                                         clknet_0_clk (net)
                      0.097139    0.001643    0.342104 ^ clkbuf_2_2__f_clk/A (sky130_fd_sc_hd__clkbuf_16)
    11    0.032699    0.084310    0.251075    0.593179 ^ clkbuf_2_2__f_clk/X (sky130_fd_sc_hd__clkbuf_16)
                                                         clknet_2_2__leaf_clk (net)
                      0.084364    0.001958    0.595137 ^ _1072_/CLK (sky130_fd_sc_hd__dfrtp_1)
                                  0.250000    0.845137   clock uncertainty
                                  0.000000    0.845137   clock reconvergence pessimism
                                 -0.075627    0.769510   library hold time
                                              0.769510   data required time
---------------------------------------------------------------------------------------------
                                              0.769510   data required time
                                             -2.597723   data arrival time
---------------------------------------------------------------------------------------------
                                              1.828213   slack (MET)


Startpoint: _1056_ (rising edge-triggered flip-flop clocked by clk)
Endpoint: _1056_ (rising edge-triggered flip-flop clocked by clk)
Path Group: clk
Path Type: min

Fanout         Cap        Slew       Delay        Time   Description
---------------------------------------------------------------------------------------------
                                  0.000000    0.000000   clock clk (rise edge)
                                  0.000000    0.000000   clock source latency
     1    0.013667    0.106385    0.071062    0.071062 ^ clk (in)
                                                         clk (net)
                      0.106405    0.000000    0.071062 ^ clkbuf_0_clk/A (sky130_fd_sc_hd__clkbuf_16)
     4    0.042516    0.097035    0.269399    0.340461 ^ clkbuf_0_clk/X (sky130_fd_sc_hd__clkbuf_16)
                                                         clknet_0_clk (net)
                      0.097139    0.001643    0.342104 ^ clkbuf_2_2__f_clk/A (sky130_fd_sc_hd__clkbuf_16)
    11    0.032699    0.084310    0.251075    0.593179 ^ clkbuf_2_2__f_clk/X (sky130_fd_sc_hd__clkbuf_16)
                                                         clknet_2_2__leaf_clk (net)
                      0.084353    0.001787    0.594966 ^ _1056_/CLK (sky130_fd_sc_hd__dfrtp_1)
     2    0.004575    0.099748    0.665703    1.260669 ^ _1056_/Q (sky130_fd_sc_hd__dfrtp_1)
                                                         net25 (net)
                      0.099748    0.000157    1.260825 ^ hold18/A (sky130_fd_sc_hd__dlygate4sd3_1)
     1    0.003230    0.096833    1.059459    2.320284 ^ hold18/X (sky130_fd_sc_hd__dlygate4sd3_1)
                                                         net97 (net)
                      0.096833    0.000231    2.320515 ^ _1019_/A0 (sky130_fd_sc_hd__mux2_4)
     1    0.003477    0.064236    0.280499    2.601014 ^ _1019_/X (sky130_fd_sc_hd__mux2_4)
                                                         _0020_ (net)
                      0.064236    0.000234    2.601248 ^ _1056_/D (sky130_fd_sc_hd__dfrtp_1)
                                              2.601248   data arrival time

                                  0.000000    0.000000   clock clk (rise edge)
                                  0.000000    0.000000   clock source latency
     1    0.013667    0.106385    0.071062    0.071062 ^ clk (in)
                                                         clk (net)
                      0.106405    0.000000    0.071062 ^ clkbuf_0_clk/A (sky130_fd_sc_hd__clkbuf_16)
     4    0.042516    0.097035    0.269399    0.340461 ^ clkbuf_0_clk/X (sky130_fd_sc_hd__clkbuf_16)
                                                         clknet_0_clk (net)
                      0.097139    0.001643    0.342104 ^ clkbuf_2_2__f_clk/A (sky130_fd_sc_hd__clkbuf_16)
    11    0.032699    0.084310    0.251075    0.593179 ^ clkbuf_2_2__f_clk/X (sky130_fd_sc_hd__clkbuf_16)
                                                         clknet_2_2__leaf_clk (net)
                      0.084353    0.001787    0.594966 ^ _1056_/CLK (sky130_fd_sc_hd__dfrtp_1)
                                  0.250000    0.844966   clock uncertainty
                                  0.000000    0.844966   clock reconvergence pessimism
                                 -0.073270    0.771697   library hold time
                                              0.771697   data required time
---------------------------------------------------------------------------------------------
                                              0.771697   data required time
                                             -2.601248   data arrival time
---------------------------------------------------------------------------------------------
                                              1.829551   slack (MET)


Startpoint: _1037_ (rising edge-triggered flip-flop clocked by clk)
Endpoint: _1066_ (rising edge-triggered flip-flop clocked by clk)
Path Group: clk
Path Type: min

Fanout         Cap        Slew       Delay        Time   Description
---------------------------------------------------------------------------------------------
                                  0.000000    0.000000   clock clk (rise edge)
                                  0.000000    0.000000   clock source latency
     1    0.013667    0.106385    0.071062    0.071062 ^ clk (in)
                                                         clk (net)
                      0.106405    0.000000    0.071062 ^ clkbuf_0_clk/A (sky130_fd_sc_hd__clkbuf_16)
     4    0.042516    0.097035    0.269399    0.340461 ^ clkbuf_0_clk/X (sky130_fd_sc_hd__clkbuf_16)
                                                         clknet_0_clk (net)
                      0.097160    0.001986    0.342447 ^ clkbuf_2_0__f_clk/A (sky130_fd_sc_hd__clkbuf_16)
    10    0.030935    0.081783    0.248926    0.591373 ^ clkbuf_2_0__f_clk/X (sky130_fd_sc_hd__clkbuf_16)
                                                         clknet_2_0__leaf_clk (net)
                      0.081814    0.001477    0.592850 ^ _1037_/CLK (sky130_fd_sc_hd__dfrtp_1)
     3    0.008237    0.143681    0.702987    1.295837 ^ _1037_/Q (sky130_fd_sc_hd__dfrtp_1)
                                                         pixel_count[1] (net)
                      0.143681    0.000478    1.296315 ^ _0520_/A (sky130_fd_sc_hd__nor4b_1)
     2    0.006778    0.093564    0.143312    1.439627 v _0520_/Y (sky130_fd_sc_hd__nor4b_1)
                                                         _0513_ (net)
                      0.093565    0.000462    1.440089 v _0523_/B (sky130_fd_sc_hd__nor2_1)
     2    0.013813    0.430379    0.377628    1.817717 ^ _0523_/Y (sky130_fd_sc_hd__nor2_1)
                                                         _0515_ (net)
                      0.430384    0.001289    1.819007 ^ fanout39/A (sky130_fd_sc_hd__clkbuf_2)
     7    0.029317    0.256264    0.474033    2.293040 ^ fanout39/X (sky130_fd_sc_hd__clkbuf_2)
                                                         net39 (net)
                      0.256272    0.001734    2.294774 ^ _1029_/B1 (sky130_fd_sc_hd__a22o_1)
     1    0.003360    0.082967    0.312620    2.607394 ^ _1029_/X (sky130_fd_sc_hd__a22o_1)
                                                         _0030_ (net)
                      0.082967    0.000205    2.607598 ^ _1066_/D (sky130_fd_sc_hd__dfrtp_1)
                                              2.607598   data arrival time

                                  0.000000    0.000000   clock clk (rise edge)
                                  0.000000    0.000000   clock source latency
     1    0.013667    0.106385    0.071062    0.071062 ^ clk (in)
                                                         clk (net)
                      0.106405    0.000000    0.071062 ^ clkbuf_0_clk/A (sky130_fd_sc_hd__clkbuf_16)
     4    0.042516    0.097035    0.269399    0.340461 ^ clkbuf_0_clk/X (sky130_fd_sc_hd__clkbuf_16)
                                                         clknet_0_clk (net)
                      0.097136    0.001586    0.342047 ^ clkbuf_2_3__f_clk/A (sky130_fd_sc_hd__clkbuf_16)
    11    0.034762    0.087318    0.253585    0.595631 ^ clkbuf_2_3__f_clk/X (sky130_fd_sc_hd__clkbuf_16)
                                                         clknet_2_3__leaf_clk (net)
                      0.087394    0.002370    0.598001 ^ _1066_/CLK (sky130_fd_sc_hd__dfrtp_1)
                                  0.250000    0.848001   clock uncertainty
                                  0.000000    0.848001   clock reconvergence pessimism
                                 -0.077045    0.770956   library hold time
                                              0.770956   data required time
---------------------------------------------------------------------------------------------
                                              0.770956   data required time
                                             -2.607598   data arrival time
---------------------------------------------------------------------------------------------
                                              1.836642   slack (MET)


Startpoint: _1045_ (rising edge-triggered flip-flop clocked by clk)
Endpoint: _1045_ (rising edge-triggered flip-flop clocked by clk)
Path Group: clk
Path Type: min

Fanout         Cap        Slew       Delay        Time   Description
---------------------------------------------------------------------------------------------
                                  0.000000    0.000000   clock clk (rise edge)
                                  0.000000    0.000000   clock source latency
     1    0.013667    0.106385    0.071062    0.071062 ^ clk (in)
                                                         clk (net)
                      0.106405    0.000000    0.071062 ^ clkbuf_0_clk/A (sky130_fd_sc_hd__clkbuf_16)
     4    0.042516    0.097035    0.269399    0.340461 ^ clkbuf_0_clk/X (sky130_fd_sc_hd__clkbuf_16)
                                                         clknet_0_clk (net)
                      0.097169    0.002127    0.342588 ^ clkbuf_2_1__f_clk/A (sky130_fd_sc_hd__clkbuf_16)
     8    0.029645    0.079989    0.247182    0.589770 ^ clkbuf_2_1__f_clk/X (sky130_fd_sc_hd__clkbuf_16)
                                                         clknet_2_1__leaf_clk (net)
                      0.080036    0.001699    0.591469 ^ _1045_/CLK (sky130_fd_sc_hd__dfrtp_1)
     2    0.008345    0.145039    0.703227    1.294696 ^ _1045_/Q (sky130_fd_sc_hd__dfrtp_1)
                                                         net29 (net)
                      0.145039    0.000513    1.295209 ^ hold15/A (sky130_fd_sc_hd__dlygate4sd3_1)
     1    0.002912    0.092969    1.072490    2.367699 ^ hold15/X (sky130_fd_sc_hd__dlygate4sd3_1)
                                                         net94 (net)
                      0.092969    0.000173    2.367872 ^ _0603_/A0 (sky130_fd_sc_hd__mux2_1)
     1    0.003411    0.079534    0.241628    2.609499 ^ _0603_/X (sky130_fd_sc_hd__mux2_1)
                                                         _0009_ (net)
                      0.079534    0.000214    2.609713 ^ _1045_/D (sky130_fd_sc_hd__dfrtp_1)
                                              2.609713   data arrival time

                                  0.000000    0.000000   clock clk (rise edge)
                                  0.000000    0.000000   clock source latency
     1    0.013667    0.106385    0.071062    0.071062 ^ clk (in)
                                                         clk (net)
                      0.106405    0.000000    0.071062 ^ clkbuf_0_clk/A (sky130_fd_sc_hd__clkbuf_16)
     4    0.042516    0.097035    0.269399    0.340461 ^ clkbuf_0_clk/X (sky130_fd_sc_hd__clkbuf_16)
                                                         clknet_0_clk (net)
                      0.097169    0.002127    0.342588 ^ clkbuf_2_1__f_clk/A (sky130_fd_sc_hd__clkbuf_16)
     8    0.029645    0.079989    0.247182    0.589770 ^ clkbuf_2_1__f_clk/X (sky130_fd_sc_hd__clkbuf_16)
                                                         clknet_2_1__leaf_clk (net)
                      0.080036    0.001699    0.591469 ^ _1045_/CLK (sky130_fd_sc_hd__dfrtp_1)
                                  0.250000    0.841469   clock uncertainty
                                  0.000000    0.841469   clock reconvergence pessimism
                                 -0.077469    0.764000   library hold time
                                              0.764000   data required time
---------------------------------------------------------------------------------------------
                                              0.764000   data required time
                                             -2.609713   data arrival time
---------------------------------------------------------------------------------------------
                                              1.845714   slack (MET)


Startpoint: _1050_ (rising edge-triggered flip-flop clocked by clk)
Endpoint: _1050_ (rising edge-triggered flip-flop clocked by clk)
Path Group: clk
Path Type: min

Fanout         Cap        Slew       Delay        Time   Description
---------------------------------------------------------------------------------------------
                                  0.000000    0.000000   clock clk (rise edge)
                                  0.000000    0.000000   clock source latency
     1    0.013667    0.106385    0.071062    0.071062 ^ clk (in)
                                                         clk (net)
                      0.106405    0.000000    0.071062 ^ clkbuf_0_clk/A (sky130_fd_sc_hd__clkbuf_16)
     4    0.042516    0.097035    0.269399    0.340461 ^ clkbuf_0_clk/X (sky130_fd_sc_hd__clkbuf_16)
                                                         clknet_0_clk (net)
                      0.097136    0.001586    0.342047 ^ clkbuf_2_3__f_clk/A (sky130_fd_sc_hd__clkbuf_16)
    11    0.034762    0.087318    0.253585    0.595631 ^ clkbuf_2_3__f_clk/X (sky130_fd_sc_hd__clkbuf_16)
                                                         clknet_2_3__leaf_clk (net)
                      0.087530    0.003694    0.599325 ^ _1050_/CLK (sky130_fd_sc_hd__dfrtp_1)
     2    0.009802    0.163092    0.722213    1.321538 ^ _1050_/Q (sky130_fd_sc_hd__dfrtp_1)
                                                         net34 (net)
                      0.163092    0.000355    1.321893 ^ hold12/A (sky130_fd_sc_hd__dlygate4sd3_1)
     1    0.002658    0.090011    1.075700    2.397593 ^ hold12/X (sky130_fd_sc_hd__dlygate4sd3_1)
                                                         net91 (net)
                      0.090011    0.000196    2.397789 ^ _0801_/A0 (sky130_fd_sc_hd__mux2_1)
     1    0.002723    0.071354    0.231102    2.628891 ^ _0801_/X (sky130_fd_sc_hd__mux2_1)
                                                         _0014_ (net)
                      0.071354    0.000188    2.629079 ^ _1050_/D (sky130_fd_sc_hd__dfrtp_1)
                                              2.629079   data arrival time

                                  0.000000    0.000000   clock clk (rise edge)
                                  0.000000    0.000000   clock source latency
     1    0.013667    0.106385    0.071062    0.071062 ^ clk (in)
                                                         clk (net)
                      0.106405    0.000000    0.071062 ^ clkbuf_0_clk/A (sky130_fd_sc_hd__clkbuf_16)
     4    0.042516    0.097035    0.269399    0.340461 ^ clkbuf_0_clk/X (sky130_fd_sc_hd__clkbuf_16)
                                                         clknet_0_clk (net)
                      0.097136    0.001586    0.342047 ^ clkbuf_2_3__f_clk/A (sky130_fd_sc_hd__clkbuf_16)
    11    0.034762    0.087318    0.253585    0.595631 ^ clkbuf_2_3__f_clk/X (sky130_fd_sc_hd__clkbuf_16)
                                                         clknet_2_3__leaf_clk (net)
                      0.087530    0.003694    0.599325 ^ _1050_/CLK (sky130_fd_sc_hd__dfrtp_1)
                                  0.250000    0.849325   clock uncertainty
                                  0.000000    0.849325   clock reconvergence pessimism
                                 -0.074373    0.774952   library hold time
                                              0.774952   data required time
---------------------------------------------------------------------------------------------
                                              0.774952   data required time
                                             -2.629079   data arrival time
---------------------------------------------------------------------------------------------
                                              1.854127   slack (MET)


Startpoint: _1055_ (rising edge-triggered flip-flop clocked by clk)
Endpoint: _1055_ (rising edge-triggered flip-flop clocked by clk)
Path Group: clk
Path Type: min

Fanout         Cap        Slew       Delay        Time   Description
---------------------------------------------------------------------------------------------
                                  0.000000    0.000000   clock clk (rise edge)
                                  0.000000    0.000000   clock source latency
     1    0.013667    0.106385    0.071062    0.071062 ^ clk (in)
                                                         clk (net)
                      0.106405    0.000000    0.071062 ^ clkbuf_0_clk/A (sky130_fd_sc_hd__clkbuf_16)
     4    0.042516    0.097035    0.269399    0.340461 ^ clkbuf_0_clk/X (sky130_fd_sc_hd__clkbuf_16)
                                                         clknet_0_clk (net)
                      0.097139    0.001643    0.342104 ^ clkbuf_2_2__f_clk/A (sky130_fd_sc_hd__clkbuf_16)
    11    0.032699    0.084310    0.251075    0.593179 ^ clkbuf_2_2__f_clk/X (sky130_fd_sc_hd__clkbuf_16)
                                                         clknet_2_2__leaf_clk (net)
                      0.084331    0.001350    0.594529 ^ _1055_/CLK (sky130_fd_sc_hd__dfrtp_1)
     2    0.008685    0.149237    0.708856    1.303385 ^ _1055_/Q (sky130_fd_sc_hd__dfrtp_1)
                                                         net24 (net)
                      0.149237    0.000432    1.303816 ^ hold17/A (sky130_fd_sc_hd__dlygate4sd3_1)
     1    0.002162    0.084700    1.062670    2.366486 ^ hold17/X (sky130_fd_sc_hd__dlygate4sd3_1)
                                                         net96 (net)
                      0.084700    0.000099    2.366586 ^ _1002_/A0 (sky130_fd_sc_hd__mux2_2)
     1    0.002422    0.063973    0.268687    2.635273 ^ _1002_/X (sky130_fd_sc_hd__mux2_2)
                                                         _0019_ (net)
                      0.063973    0.000169    2.635442 ^ _1055_/D (sky130_fd_sc_hd__dfrtp_1)
                                              2.635442   data arrival time

                                  0.000000    0.000000   clock clk (rise edge)
                                  0.000000    0.000000   clock source latency
     1    0.013667    0.106385    0.071062    0.071062 ^ clk (in)
                                                         clk (net)
                      0.106405    0.000000    0.071062 ^ clkbuf_0_clk/A (sky130_fd_sc_hd__clkbuf_16)
     4    0.042516    0.097035    0.269399    0.340461 ^ clkbuf_0_clk/X (sky130_fd_sc_hd__clkbuf_16)
                                                         clknet_0_clk (net)
                      0.097139    0.001643    0.342104 ^ clkbuf_2_2__f_clk/A (sky130_fd_sc_hd__clkbuf_16)
    11    0.032699    0.084310    0.251075    0.593179 ^ clkbuf_2_2__f_clk/X (sky130_fd_sc_hd__clkbuf_16)
                                                         clknet_2_2__leaf_clk (net)
                      0.084331    0.001350    0.594529 ^ _1055_/CLK (sky130_fd_sc_hd__dfrtp_1)
                                  0.250000    0.844529   clock uncertainty
                                  0.000000    0.844529   clock reconvergence pessimism
                                 -0.073213    0.771316   library hold time
                                              0.771316   data required time
---------------------------------------------------------------------------------------------
                                              0.771316   data required time
                                             -2.635442   data arrival time
---------------------------------------------------------------------------------------------
                                              1.864126   slack (MET)


Startpoint: _1037_ (rising edge-triggered flip-flop clocked by clk)
Endpoint: _1064_ (rising edge-triggered flip-flop clocked by clk)
Path Group: clk
Path Type: min

Fanout         Cap        Slew       Delay        Time   Description
---------------------------------------------------------------------------------------------
                                  0.000000    0.000000   clock clk (rise edge)
                                  0.000000    0.000000   clock source latency
     1    0.013667    0.106385    0.071062    0.071062 ^ clk (in)
                                                         clk (net)
                      0.106405    0.000000    0.071062 ^ clkbuf_0_clk/A (sky130_fd_sc_hd__clkbuf_16)
     4    0.042516    0.097035    0.269399    0.340461 ^ clkbuf_0_clk/X (sky130_fd_sc_hd__clkbuf_16)
                                                         clknet_0_clk (net)
                      0.097160    0.001986    0.342447 ^ clkbuf_2_0__f_clk/A (sky130_fd_sc_hd__clkbuf_16)
    10    0.030935    0.081783    0.248926    0.591373 ^ clkbuf_2_0__f_clk/X (sky130_fd_sc_hd__clkbuf_16)
                                                         clknet_2_0__leaf_clk (net)
                      0.081814    0.001477    0.592850 ^ _1037_/CLK (sky130_fd_sc_hd__dfrtp_1)
     3    0.008237    0.143681    0.702987    1.295837 ^ _1037_/Q (sky130_fd_sc_hd__dfrtp_1)
                                                         pixel_count[1] (net)
                      0.143681    0.000478    1.296315 ^ _0520_/A (sky130_fd_sc_hd__nor4b_1)
     2    0.006778    0.093564    0.143312    1.439627 v _0520_/Y (sky130_fd_sc_hd__nor4b_1)
                                                         _0513_ (net)
                      0.093565    0.000462    1.440089 v _0523_/B (sky130_fd_sc_hd__nor2_1)
     2    0.013813    0.430379    0.377628    1.817717 ^ _0523_/Y (sky130_fd_sc_hd__nor2_1)
                                                         _0515_ (net)
                      0.430381    0.000796    1.818514 ^ fanout38/A (sky130_fd_sc_hd__buf_2)
    10    0.039523    0.312569    0.522241    2.340755 ^ fanout38/X (sky130_fd_sc_hd__buf_2)
                                                         net38 (net)
                      0.312609    0.003633    2.344388 ^ _1027_/B1 (sky130_fd_sc_hd__a22o_1)
     1    0.002449    0.071223    0.319801    2.664189 ^ _1027_/X (sky130_fd_sc_hd__a22o_1)
                                                         _0028_ (net)
                      0.071223    0.000176    2.664365 ^ _1064_/D (sky130_fd_sc_hd__dfrtp_1)
                                              2.664365   data arrival time

                                  0.000000    0.000000   clock clk (rise edge)
                                  0.000000    0.000000   clock source latency
     1    0.013667    0.106385    0.071062    0.071062 ^ clk (in)
                                                         clk (net)
                      0.106405    0.000000    0.071062 ^ clkbuf_0_clk/A (sky130_fd_sc_hd__clkbuf_16)
     4    0.042516    0.097035    0.269399    0.340461 ^ clkbuf_0_clk/X (sky130_fd_sc_hd__clkbuf_16)
                                                         clknet_0_clk (net)
                      0.097136    0.001586    0.342047 ^ clkbuf_2_3__f_clk/A (sky130_fd_sc_hd__clkbuf_16)
    11    0.034762    0.087318    0.253585    0.595631 ^ clkbuf_2_3__f_clk/X (sky130_fd_sc_hd__clkbuf_16)
                                                         clknet_2_3__leaf_clk (net)
                      0.087472    0.003210    0.598841 ^ _1064_/CLK (sky130_fd_sc_hd__dfrtp_1)
                                  0.250000    0.848841   clock uncertainty
                                  0.000000    0.848841   clock reconvergence pessimism
                                 -0.074352    0.774489   library hold time
                                              0.774489   data required time
---------------------------------------------------------------------------------------------
                                              0.774489   data required time
                                             -2.664365   data arrival time
---------------------------------------------------------------------------------------------
                                              1.889876   slack (MET)


Startpoint: _1037_ (rising edge-triggered flip-flop clocked by clk)
Endpoint: _1065_ (rising edge-triggered flip-flop clocked by clk)
Path Group: clk
Path Type: min

Fanout         Cap        Slew       Delay        Time   Description
---------------------------------------------------------------------------------------------
                                  0.000000    0.000000   clock clk (rise edge)
                                  0.000000    0.000000   clock source latency
     1    0.013667    0.106385    0.071062    0.071062 ^ clk (in)
                                                         clk (net)
                      0.106405    0.000000    0.071062 ^ clkbuf_0_clk/A (sky130_fd_sc_hd__clkbuf_16)
     4    0.042516    0.097035    0.269399    0.340461 ^ clkbuf_0_clk/X (sky130_fd_sc_hd__clkbuf_16)
                                                         clknet_0_clk (net)
                      0.097160    0.001986    0.342447 ^ clkbuf_2_0__f_clk/A (sky130_fd_sc_hd__clkbuf_16)
    10    0.030935    0.081783    0.248926    0.591373 ^ clkbuf_2_0__f_clk/X (sky130_fd_sc_hd__clkbuf_16)
                                                         clknet_2_0__leaf_clk (net)
                      0.081814    0.001477    0.592850 ^ _1037_/CLK (sky130_fd_sc_hd__dfrtp_1)
     3    0.008237    0.143681    0.702987    1.295837 ^ _1037_/Q (sky130_fd_sc_hd__dfrtp_1)
                                                         pixel_count[1] (net)
                      0.143681    0.000478    1.296315 ^ _0520_/A (sky130_fd_sc_hd__nor4b_1)
     2    0.006778    0.093564    0.143312    1.439627 v _0520_/Y (sky130_fd_sc_hd__nor4b_1)
                                                         _0513_ (net)
                      0.093565    0.000462    1.440089 v _0523_/B (sky130_fd_sc_hd__nor2_1)
     2    0.013813    0.430379    0.377628    1.817717 ^ _0523_/Y (sky130_fd_sc_hd__nor2_1)
                                                         _0515_ (net)
                      0.430381    0.000796    1.818514 ^ fanout38/A (sky130_fd_sc_hd__buf_2)
    10    0.039523    0.312569    0.522241    2.340755 ^ fanout38/X (sky130_fd_sc_hd__buf_2)
                                                         net38 (net)
                      0.312610    0.003670    2.344425 ^ _1028_/B1 (sky130_fd_sc_hd__a22o_1)
     1    0.002564    0.072665    0.321437    2.665862 ^ _1028_/X (sky130_fd_sc_hd__a22o_1)
                                                         _0029_ (net)
                      0.072665    0.000186    2.666048 ^ _1065_/D (sky130_fd_sc_hd__dfrtp_1)
                                              2.666048   data arrival time

                                  0.000000    0.000000   clock clk (rise edge)
                                  0.000000    0.000000   clock source latency
     1    0.013667    0.106385    0.071062    0.071062 ^ clk (in)
                                                         clk (net)
                      0.106405    0.000000    0.071062 ^ clkbuf_0_clk/A (sky130_fd_sc_hd__clkbuf_16)
     4    0.042516    0.097035    0.269399    0.340461 ^ clkbuf_0_clk/X (sky130_fd_sc_hd__clkbuf_16)
                                                         clknet_0_clk (net)
                      0.097136    0.001586    0.342047 ^ clkbuf_2_3__f_clk/A (sky130_fd_sc_hd__clkbuf_16)
    11    0.034762    0.087318    0.253585    0.595631 ^ clkbuf_2_3__f_clk/X (sky130_fd_sc_hd__clkbuf_16)
                                                         clknet_2_3__leaf_clk (net)
                      0.087506    0.003502    0.599133 ^ _1065_/CLK (sky130_fd_sc_hd__dfrtp_1)
                                  0.250000    0.849133   clock uncertainty
                                  0.000000    0.849133   clock reconvergence pessimism
                                 -0.074676    0.774457   library hold time
                                              0.774457   data required time
---------------------------------------------------------------------------------------------
                                              0.774457   data required time
                                             -2.666048   data arrival time
---------------------------------------------------------------------------------------------
                                              1.891590   slack (MET)


Startpoint: _1037_ (rising edge-triggered flip-flop clocked by clk)
Endpoint: _1062_ (rising edge-triggered flip-flop clocked by clk)
Path Group: clk
Path Type: min

Fanout         Cap        Slew       Delay        Time   Description
---------------------------------------------------------------------------------------------
                                  0.000000    0.000000   clock clk (rise edge)
                                  0.000000    0.000000   clock source latency
     1    0.013667    0.106385    0.071062    0.071062 ^ clk (in)
                                                         clk (net)
                      0.106405    0.000000    0.071062 ^ clkbuf_0_clk/A (sky130_fd_sc_hd__clkbuf_16)
     4    0.042516    0.097035    0.269399    0.340461 ^ clkbuf_0_clk/X (sky130_fd_sc_hd__clkbuf_16)
                                                         clknet_0_clk (net)
                      0.097160    0.001986    0.342447 ^ clkbuf_2_0__f_clk/A (sky130_fd_sc_hd__clkbuf_16)
    10    0.030935    0.081783    0.248926    0.591373 ^ clkbuf_2_0__f_clk/X (sky130_fd_sc_hd__clkbuf_16)
                                                         clknet_2_0__leaf_clk (net)
                      0.081814    0.001477    0.592850 ^ _1037_/CLK (sky130_fd_sc_hd__dfrtp_1)
     3    0.008237    0.143681    0.702987    1.295837 ^ _1037_/Q (sky130_fd_sc_hd__dfrtp_1)
                                                         pixel_count[1] (net)
                      0.143681    0.000478    1.296315 ^ _0520_/A (sky130_fd_sc_hd__nor4b_1)
     2    0.006778    0.093564    0.143312    1.439627 v _0520_/Y (sky130_fd_sc_hd__nor4b_1)
                                                         _0513_ (net)
                      0.093565    0.000462    1.440089 v _0523_/B (sky130_fd_sc_hd__nor2_1)
     2    0.013813    0.430379    0.377628    1.817717 ^ _0523_/Y (sky130_fd_sc_hd__nor2_1)
                                                         _0515_ (net)
                      0.430381    0.000796    1.818514 ^ fanout38/A (sky130_fd_sc_hd__buf_2)
    10    0.039523    0.312569    0.522241    2.340755 ^ fanout38/X (sky130_fd_sc_hd__buf_2)
                                                         net38 (net)
                      0.312600    0.003287    2.344042 ^ _1025_/B1 (sky130_fd_sc_hd__a22o_1)
     1    0.002281    0.069117    0.317383    2.661425 ^ _1025_/X (sky130_fd_sc_hd__a22o_1)
                                                         _0026_ (net)
                      0.069117    0.000157    2.661582 ^ _1062_/D (sky130_fd_sc_hd__dfrtp_1)
                                              2.661582   data arrival time

                                  0.000000    0.000000   clock clk (rise edge)
                                  0.000000    0.000000   clock source latency
     1    0.013667    0.106385    0.071062    0.071062 ^ clk (in)
                                                         clk (net)
                      0.106405    0.000000    0.071062 ^ clkbuf_0_clk/A (sky130_fd_sc_hd__clkbuf_16)
     4    0.042516    0.097035    0.269399    0.340461 ^ clkbuf_0_clk/X (sky130_fd_sc_hd__clkbuf_16)
                                                         clknet_0_clk (net)
                      0.097169    0.002127    0.342588 ^ clkbuf_2_1__f_clk/A (sky130_fd_sc_hd__clkbuf_16)
     8    0.029645    0.079989    0.247182    0.589770 ^ clkbuf_2_1__f_clk/X (sky130_fd_sc_hd__clkbuf_16)
                                                         clknet_2_1__leaf_clk (net)
                      0.080032    0.001638    0.591408 ^ _1062_/CLK (sky130_fd_sc_hd__dfrtp_1)
                                  0.250000    0.841408   clock uncertainty
                                  0.000000    0.841408   clock reconvergence pessimism
                                 -0.075092    0.766316   library hold time
                                              0.766316   data required time
---------------------------------------------------------------------------------------------
                                              0.766316   data required time
                                             -2.661582   data arrival time
---------------------------------------------------------------------------------------------
                                              1.895266   slack (MET)


Startpoint: _1037_ (rising edge-triggered flip-flop clocked by clk)
Endpoint: _1059_ (rising edge-triggered flip-flop clocked by clk)
Path Group: clk
Path Type: min

Fanout         Cap        Slew       Delay        Time   Description
---------------------------------------------------------------------------------------------
                                  0.000000    0.000000   clock clk (rise edge)
                                  0.000000    0.000000   clock source latency
     1    0.013667    0.106385    0.071062    0.071062 ^ clk (in)
                                                         clk (net)
                      0.106405    0.000000    0.071062 ^ clkbuf_0_clk/A (sky130_fd_sc_hd__clkbuf_16)
     4    0.042516    0.097035    0.269399    0.340461 ^ clkbuf_0_clk/X (sky130_fd_sc_hd__clkbuf_16)
                                                         clknet_0_clk (net)
                      0.097160    0.001986    0.342447 ^ clkbuf_2_0__f_clk/A (sky130_fd_sc_hd__clkbuf_16)
    10    0.030935    0.081783    0.248926    0.591373 ^ clkbuf_2_0__f_clk/X (sky130_fd_sc_hd__clkbuf_16)
                                                         clknet_2_0__leaf_clk (net)
                      0.081814    0.001477    0.592850 ^ _1037_/CLK (sky130_fd_sc_hd__dfrtp_1)
     3    0.008237    0.143681    0.702987    1.295837 ^ _1037_/Q (sky130_fd_sc_hd__dfrtp_1)
                                                         pixel_count[1] (net)
                      0.143681    0.000478    1.296315 ^ _0520_/A (sky130_fd_sc_hd__nor4b_1)
     2    0.006778    0.093564    0.143312    1.439627 v _0520_/Y (sky130_fd_sc_hd__nor4b_1)
                                                         _0513_ (net)
                      0.093565    0.000462    1.440089 v _0523_/B (sky130_fd_sc_hd__nor2_1)
     2    0.013813    0.430379    0.377628    1.817717 ^ _0523_/Y (sky130_fd_sc_hd__nor2_1)
                                                         _0515_ (net)
                      0.430381    0.000796    1.818514 ^ fanout38/A (sky130_fd_sc_hd__buf_2)
    10    0.039523    0.312569    0.522241    2.340755 ^ fanout38/X (sky130_fd_sc_hd__buf_2)
                                                         net38 (net)
                      0.312569    0.001202    2.341957 ^ _1022_/B1 (sky130_fd_sc_hd__a22o_1)
     1    0.002626    0.073427    0.322327    2.664284 ^ _1022_/X (sky130_fd_sc_hd__a22o_1)
                                                         _0023_ (net)
                      0.073427    0.000173    2.664457 ^ _1059_/D (sky130_fd_sc_hd__dfrtp_1)
                                              2.664457   data arrival time

                                  0.000000    0.000000   clock clk (rise edge)
                                  0.000000    0.000000   clock source latency
     1    0.013667    0.106385    0.071062    0.071062 ^ clk (in)
                                                         clk (net)
                      0.106405    0.000000    0.071062 ^ clkbuf_0_clk/A (sky130_fd_sc_hd__clkbuf_16)
     4    0.042516    0.097035    0.269399    0.340461 ^ clkbuf_0_clk/X (sky130_fd_sc_hd__clkbuf_16)
                                                         clknet_0_clk (net)
                      0.097160    0.001986    0.342447 ^ clkbuf_2_0__f_clk/A (sky130_fd_sc_hd__clkbuf_16)
    10    0.030935    0.081783    0.248926    0.591373 ^ clkbuf_2_0__f_clk/X (sky130_fd_sc_hd__clkbuf_16)
                                                         clknet_2_0__leaf_clk (net)
                      0.081825    0.001673    0.593046 ^ _1059_/CLK (sky130_fd_sc_hd__dfrtp_1)
                                  0.250000    0.843046   clock uncertainty
                                  0.000000    0.843046   clock reconvergence pessimism
                                 -0.075782    0.767264   library hold time
                                              0.767264   data required time
---------------------------------------------------------------------------------------------
                                              0.767264   data required time
                                             -2.664457   data arrival time
---------------------------------------------------------------------------------------------
                                              1.897192   slack (MET)


Startpoint: _1037_ (rising edge-triggered flip-flop clocked by clk)
Endpoint: _1061_ (rising edge-triggered flip-flop clocked by clk)
Path Group: clk
Path Type: min

Fanout         Cap        Slew       Delay        Time   Description
---------------------------------------------------------------------------------------------
                                  0.000000    0.000000   clock clk (rise edge)
                                  0.000000    0.000000   clock source latency
     1    0.013667    0.106385    0.071062    0.071062 ^ clk (in)
                                                         clk (net)
                      0.106405    0.000000    0.071062 ^ clkbuf_0_clk/A (sky130_fd_sc_hd__clkbuf_16)
     4    0.042516    0.097035    0.269399    0.340461 ^ clkbuf_0_clk/X (sky130_fd_sc_hd__clkbuf_16)
                                                         clknet_0_clk (net)
                      0.097160    0.001986    0.342447 ^ clkbuf_2_0__f_clk/A (sky130_fd_sc_hd__clkbuf_16)
    10    0.030935    0.081783    0.248926    0.591373 ^ clkbuf_2_0__f_clk/X (sky130_fd_sc_hd__clkbuf_16)
                                                         clknet_2_0__leaf_clk (net)
                      0.081814    0.001477    0.592850 ^ _1037_/CLK (sky130_fd_sc_hd__dfrtp_1)
     3    0.008237    0.143681    0.702987    1.295837 ^ _1037_/Q (sky130_fd_sc_hd__dfrtp_1)
                                                         pixel_count[1] (net)
                      0.143681    0.000478    1.296315 ^ _0520_/A (sky130_fd_sc_hd__nor4b_1)
     2    0.006778    0.093564    0.143312    1.439627 v _0520_/Y (sky130_fd_sc_hd__nor4b_1)
                                                         _0513_ (net)
                      0.093565    0.000462    1.440089 v _0523_/B (sky130_fd_sc_hd__nor2_1)
     2    0.013813    0.430379    0.377628    1.817717 ^ _0523_/Y (sky130_fd_sc_hd__nor2_1)
                                                         _0515_ (net)
                      0.430381    0.000796    1.818514 ^ fanout38/A (sky130_fd_sc_hd__buf_2)
    10    0.039523    0.312569    0.522241    2.340755 ^ fanout38/X (sky130_fd_sc_hd__buf_2)
                                                         net38 (net)
                      0.312602    0.003374    2.344129 ^ _1024_/B1 (sky130_fd_sc_hd__a22o_1)
     1    0.002504    0.071902    0.320573    2.664702 ^ _1024_/X (sky130_fd_sc_hd__a22o_1)
                                                         _0025_ (net)
                      0.071926    0.000182    2.664884 ^ _1061_/D (sky130_fd_sc_hd__dfrtp_1)
                                              2.664884   data arrival time

                                  0.000000    0.000000   clock clk (rise edge)
                                  0.000000    0.000000   clock source latency
     1    0.013667    0.106385    0.071062    0.071062 ^ clk (in)
                                                         clk (net)
                      0.106405    0.000000    0.071062 ^ clkbuf_0_clk/A (sky130_fd_sc_hd__clkbuf_16)
     4    0.042516    0.097035    0.269399    0.340461 ^ clkbuf_0_clk/X (sky130_fd_sc_hd__clkbuf_16)
                                                         clknet_0_clk (net)
                      0.097169    0.002127    0.342588 ^ clkbuf_2_1__f_clk/A (sky130_fd_sc_hd__clkbuf_16)
     8    0.029645    0.079989    0.247182    0.589770 ^ clkbuf_2_1__f_clk/X (sky130_fd_sc_hd__clkbuf_16)
                                                         clknet_2_1__leaf_clk (net)
                      0.080033    0.001663    0.591432 ^ _1061_/CLK (sky130_fd_sc_hd__dfrtp_1)
                                  0.250000    0.841433   clock uncertainty
                                  0.000000    0.841433   clock reconvergence pessimism
                                 -0.075733    0.765699   library hold time
                                              0.765699   data required time
---------------------------------------------------------------------------------------------
                                              0.765699   data required time
                                             -2.664884   data arrival time
---------------------------------------------------------------------------------------------
                                              1.899184   slack (MET)


Startpoint: _1037_ (rising edge-triggered flip-flop clocked by clk)
Endpoint: _1063_ (rising edge-triggered flip-flop clocked by clk)
Path Group: clk
Path Type: min

Fanout         Cap        Slew       Delay        Time   Description
---------------------------------------------------------------------------------------------
                                  0.000000    0.000000   clock clk (rise edge)
                                  0.000000    0.000000   clock source latency
     1    0.013667    0.106385    0.071062    0.071062 ^ clk (in)
                                                         clk (net)
                      0.106405    0.000000    0.071062 ^ clkbuf_0_clk/A (sky130_fd_sc_hd__clkbuf_16)
     4    0.042516    0.097035    0.269399    0.340461 ^ clkbuf_0_clk/X (sky130_fd_sc_hd__clkbuf_16)
                                                         clknet_0_clk (net)
                      0.097160    0.001986    0.342447 ^ clkbuf_2_0__f_clk/A (sky130_fd_sc_hd__clkbuf_16)
    10    0.030935    0.081783    0.248926    0.591373 ^ clkbuf_2_0__f_clk/X (sky130_fd_sc_hd__clkbuf_16)
                                                         clknet_2_0__leaf_clk (net)
                      0.081814    0.001477    0.592850 ^ _1037_/CLK (sky130_fd_sc_hd__dfrtp_1)
     3    0.008237    0.143681    0.702987    1.295837 ^ _1037_/Q (sky130_fd_sc_hd__dfrtp_1)
                                                         pixel_count[1] (net)
                      0.143681    0.000478    1.296315 ^ _0520_/A (sky130_fd_sc_hd__nor4b_1)
     2    0.006778    0.093564    0.143312    1.439627 v _0520_/Y (sky130_fd_sc_hd__nor4b_1)
                                                         _0513_ (net)
                      0.093565    0.000462    1.440089 v _0523_/B (sky130_fd_sc_hd__nor2_1)
     2    0.013813    0.430379    0.377628    1.817717 ^ _0523_/Y (sky130_fd_sc_hd__nor2_1)
                                                         _0515_ (net)
                      0.430381    0.000796    1.818514 ^ fanout38/A (sky130_fd_sc_hd__buf_2)
    10    0.039523    0.312569    0.522241    2.340755 ^ fanout38/X (sky130_fd_sc_hd__buf_2)
                                                         net38 (net)
                      0.312604    0.003425    2.344180 ^ _1026_/B1 (sky130_fd_sc_hd__a22o_1)
     1    0.003250    0.081493    0.331284    2.675464 ^ _1026_/X (sky130_fd_sc_hd__a22o_1)
                                                         _0027_ (net)
                      0.081493    0.000205    2.675669 ^ _1063_/D (sky130_fd_sc_hd__dfrtp_1)
                                              2.675669   data arrival time

                                  0.000000    0.000000   clock clk (rise edge)
                                  0.000000    0.000000   clock source latency
     1    0.013667    0.106385    0.071062    0.071062 ^ clk (in)
                                                         clk (net)
                      0.106405    0.000000    0.071062 ^ clkbuf_0_clk/A (sky130_fd_sc_hd__clkbuf_16)
     4    0.042516    0.097035    0.269399    0.340461 ^ clkbuf_0_clk/X (sky130_fd_sc_hd__clkbuf_16)
                                                         clknet_0_clk (net)
                      0.097169    0.002127    0.342588 ^ clkbuf_2_1__f_clk/A (sky130_fd_sc_hd__clkbuf_16)
     8    0.029645    0.079989    0.247182    0.589770 ^ clkbuf_2_1__f_clk/X (sky130_fd_sc_hd__clkbuf_16)
                                                         clknet_2_1__leaf_clk (net)
                      0.080023    0.001489    0.591259 ^ _1063_/CLK (sky130_fd_sc_hd__dfrtp_1)
                                  0.250000    0.841259   clock uncertainty
                                  0.000000    0.841259   clock reconvergence pessimism
                                 -0.077918    0.763341   library hold time
                                              0.763341   data required time
---------------------------------------------------------------------------------------------
                                              0.763341   data required time
                                             -2.675669   data arrival time
---------------------------------------------------------------------------------------------
                                              1.912328   slack (MET)


Startpoint: _1037_ (rising edge-triggered flip-flop clocked by clk)
Endpoint: _1060_ (rising edge-triggered flip-flop clocked by clk)
Path Group: clk
Path Type: min

Fanout         Cap        Slew       Delay        Time   Description
---------------------------------------------------------------------------------------------
                                  0.000000    0.000000   clock clk (rise edge)
                                  0.000000    0.000000   clock source latency
     1    0.013667    0.106385    0.071062    0.071062 ^ clk (in)
                                                         clk (net)
                      0.106405    0.000000    0.071062 ^ clkbuf_0_clk/A (sky130_fd_sc_hd__clkbuf_16)
     4    0.042516    0.097035    0.269399    0.340461 ^ clkbuf_0_clk/X (sky130_fd_sc_hd__clkbuf_16)
                                                         clknet_0_clk (net)
                      0.097160    0.001986    0.342447 ^ clkbuf_2_0__f_clk/A (sky130_fd_sc_hd__clkbuf_16)
    10    0.030935    0.081783    0.248926    0.591373 ^ clkbuf_2_0__f_clk/X (sky130_fd_sc_hd__clkbuf_16)
                                                         clknet_2_0__leaf_clk (net)
                      0.081814    0.001477    0.592850 ^ _1037_/CLK (sky130_fd_sc_hd__dfrtp_1)
     3    0.008237    0.143681    0.702987    1.295837 ^ _1037_/Q (sky130_fd_sc_hd__dfrtp_1)
                                                         pixel_count[1] (net)
                      0.143681    0.000478    1.296315 ^ _0520_/A (sky130_fd_sc_hd__nor4b_1)
     2    0.006778    0.093564    0.143312    1.439627 v _0520_/Y (sky130_fd_sc_hd__nor4b_1)
                                                         _0513_ (net)
                      0.093565    0.000462    1.440089 v _0523_/B (sky130_fd_sc_hd__nor2_1)
     2    0.013813    0.430379    0.377628    1.817717 ^ _0523_/Y (sky130_fd_sc_hd__nor2_1)
                                                         _0515_ (net)
                      0.430381    0.000796    1.818514 ^ fanout38/A (sky130_fd_sc_hd__buf_2)
    10    0.039523    0.312569    0.522241    2.340755 ^ fanout38/X (sky130_fd_sc_hd__buf_2)
                                                         net38 (net)
                      0.312569    0.001271    2.342026 ^ _1023_/B1 (sky130_fd_sc_hd__a22o_1)
     1    0.006278    0.122451    0.369240    2.711266 ^ _1023_/X (sky130_fd_sc_hd__a22o_1)
                                                         _0024_ (net)
                      0.122451    0.000421    2.711686 ^ _1060_/D (sky130_fd_sc_hd__dfrtp_1)
                                              2.711686   data arrival time

                                  0.000000    0.000000   clock clk (rise edge)
                                  0.000000    0.000000   clock source latency
     1    0.013667    0.106385    0.071062    0.071062 ^ clk (in)
                                                         clk (net)
                      0.106405    0.000000    0.071062 ^ clkbuf_0_clk/A (sky130_fd_sc_hd__clkbuf_16)
     4    0.042516    0.097035    0.269399    0.340461 ^ clkbuf_0_clk/X (sky130_fd_sc_hd__clkbuf_16)
                                                         clknet_0_clk (net)
                      0.097160    0.001986    0.342447 ^ clkbuf_2_0__f_clk/A (sky130_fd_sc_hd__clkbuf_16)
    10    0.030935    0.081783    0.248926    0.591373 ^ clkbuf_2_0__f_clk/X (sky130_fd_sc_hd__clkbuf_16)
                                                         clknet_2_0__leaf_clk (net)
                      0.081828    0.001726    0.593098 ^ _1060_/CLK (sky130_fd_sc_hd__dfrtp_1)
                                  0.250000    0.843099   clock uncertainty
                                  0.000000    0.843099   clock reconvergence pessimism
                                 -0.086969    0.756129   library hold time
                                              0.756129   data required time
---------------------------------------------------------------------------------------------
                                              0.756129   data required time
                                             -2.711686   data arrival time
---------------------------------------------------------------------------------------------
                                              1.955557   slack (MET)


Startpoint: _1040_ (rising edge-triggered flip-flop clocked by clk)
Endpoint: valid_out (output port clocked by clk)
Path Group: clk
Path Type: min

Fanout         Cap        Slew       Delay        Time   Description
---------------------------------------------------------------------------------------------
                                  0.000000    0.000000   clock clk (rise edge)
                                  0.000000    0.000000   clock source latency
     1    0.013667    0.106385    0.071062    0.071062 ^ clk (in)
                                                         clk (net)
                      0.106405    0.000000    0.071062 ^ clkbuf_0_clk/A (sky130_fd_sc_hd__clkbuf_16)
     4    0.042516    0.097035    0.269399    0.340461 ^ clkbuf_0_clk/X (sky130_fd_sc_hd__clkbuf_16)
                                                         clknet_0_clk (net)
                      0.097139    0.001643    0.342104 ^ clkbuf_2_2__f_clk/A (sky130_fd_sc_hd__clkbuf_16)
    11    0.032699    0.084310    0.251075    0.593179 ^ clkbuf_2_2__f_clk/X (sky130_fd_sc_hd__clkbuf_16)
                                                         clknet_2_2__leaf_clk (net)
                      0.084334    0.001415    0.594593 ^ _1040_/CLK (sky130_fd_sc_hd__dfrtp_1)
     1    0.002061    0.069953    0.631321    1.225914 ^ _1040_/Q (sky130_fd_sc_hd__dfrtp_1)
                                                         net35 (net)
                      0.069953    0.000096    1.226010 ^ output35/A (sky130_fd_sc_hd__buf_2)
     1    0.034460    0.273755    0.343832    1.569842 ^ output35/X (sky130_fd_sc_hd__buf_2)
                                                         valid_out (net)
                      0.273760    0.001615    1.571457 ^ valid_out (out)
                                              1.571457   data arrival time

                                  0.000000    0.000000   clock clk (rise edge)
                                  0.000000    0.000000   clock network delay (propagated)
                                  0.250000    0.250000   clock uncertainty
                                  0.000000    0.250000   clock reconvergence pessimism
                                 -2.000000   -1.750000   output external delay
                                             -1.750000   data required time
---------------------------------------------------------------------------------------------
                                             -1.750000   data required time
                                             -1.571457   data arrival time
---------------------------------------------------------------------------------------------
                                              3.321457   slack (MET)


Startpoint: _1042_ (rising edge-triggered flip-flop clocked by clk)
Endpoint: mac_out[1] (output port clocked by clk)
Path Group: clk
Path Type: min

Fanout         Cap        Slew       Delay        Time   Description
---------------------------------------------------------------------------------------------
                                  0.000000    0.000000   clock clk (rise edge)
                                  0.000000    0.000000   clock source latency
     1    0.013667    0.106385    0.071062    0.071062 ^ clk (in)
                                                         clk (net)
                      0.106405    0.000000    0.071062 ^ clkbuf_0_clk/A (sky130_fd_sc_hd__clkbuf_16)
     4    0.042516    0.097035    0.269399    0.340461 ^ clkbuf_0_clk/X (sky130_fd_sc_hd__clkbuf_16)
                                                         clknet_0_clk (net)
                      0.097160    0.001986    0.342447 ^ clkbuf_2_0__f_clk/A (sky130_fd_sc_hd__clkbuf_16)
    10    0.030935    0.081783    0.248926    0.591373 ^ clkbuf_2_0__f_clk/X (sky130_fd_sc_hd__clkbuf_16)
                                                         clknet_2_0__leaf_clk (net)
                      0.081811    0.001414    0.592787 ^ _1042_/CLK (sky130_fd_sc_hd__dfrtp_1)
     2    0.004417    0.097789    0.662394    1.255181 ^ _1042_/Q (sky130_fd_sc_hd__dfrtp_1)
                                                         net26 (net)
                      0.097789    0.000258    1.255439 ^ output26/A (sky130_fd_sc_hd__buf_2)
     1    0.034375    0.273169    0.356360    1.611799 ^ output26/X (sky130_fd_sc_hd__buf_2)
                                                         mac_out[1] (net)
                      0.273174    0.001582    1.613381 ^ mac_out[1] (out)
                                              1.613381   data arrival time

                                  0.000000    0.000000   clock clk (rise edge)
                                  0.000000    0.000000   clock network delay (propagated)
                                  0.250000    0.250000   clock uncertainty
                                  0.000000    0.250000   clock reconvergence pessimism
                                 -2.000000   -1.750000   output external delay
                                             -1.750000   data required time
---------------------------------------------------------------------------------------------
                                             -1.750000   data required time
                                             -1.613381   data arrival time
---------------------------------------------------------------------------------------------
                                              3.363381   slack (MET)


Startpoint: _1051_ (rising edge-triggered flip-flop clocked by clk)
Endpoint: mac_out[10] (output port clocked by clk)
Path Group: clk
Path Type: min

Fanout         Cap        Slew       Delay        Time   Description
---------------------------------------------------------------------------------------------
                                  0.000000    0.000000   clock clk (rise edge)
                                  0.000000    0.000000   clock source latency
     1    0.013667    0.106385    0.071062    0.071062 ^ clk (in)
                                                         clk (net)
                      0.106405    0.000000    0.071062 ^ clkbuf_0_clk/A (sky130_fd_sc_hd__clkbuf_16)
     4    0.042516    0.097035    0.269399    0.340461 ^ clkbuf_0_clk/X (sky130_fd_sc_hd__clkbuf_16)
                                                         clknet_0_clk (net)
                      0.097139    0.001643    0.342104 ^ clkbuf_2_2__f_clk/A (sky130_fd_sc_hd__clkbuf_16)
    11    0.032699    0.084310    0.251075    0.593179 ^ clkbuf_2_2__f_clk/X (sky130_fd_sc_hd__clkbuf_16)
                                                         clknet_2_2__leaf_clk (net)
                      0.084364    0.001961    0.595140 ^ _1051_/CLK (sky130_fd_sc_hd__dfrtp_1)
     2    0.004524    0.099140    0.665058    1.260198 ^ _1051_/Q (sky130_fd_sc_hd__dfrtp_1)
                                                         net20 (net)
                      0.099140    0.000262    1.260461 ^ output20/A (sky130_fd_sc_hd__buf_2)
     1    0.034370    0.273140    0.356962    1.617423 ^ output20/X (sky130_fd_sc_hd__buf_2)
                                                         mac_out[10] (net)
                      0.273146    0.001596    1.619019 ^ mac_out[10] (out)
                                              1.619019   data arrival time

                                  0.000000    0.000000   clock clk (rise edge)
                                  0.000000    0.000000   clock network delay (propagated)
                                  0.250000    0.250000   clock uncertainty
                                  0.000000    0.250000   clock reconvergence pessimism
                                 -2.000000   -1.750000   output external delay
                                             -1.750000   data required time
---------------------------------------------------------------------------------------------
                                             -1.750000   data required time
                                             -1.619019   data arrival time
---------------------------------------------------------------------------------------------
                                              3.369019   slack (MET)


Startpoint: _1047_ (rising edge-triggered flip-flop clocked by clk)
Endpoint: mac_out[6] (output port clocked by clk)
Path Group: clk
Path Type: min

Fanout         Cap        Slew       Delay        Time   Description
---------------------------------------------------------------------------------------------
                                  0.000000    0.000000   clock clk (rise edge)
                                  0.000000    0.000000   clock source latency
     1    0.013667    0.106385    0.071062    0.071062 ^ clk (in)
                                                         clk (net)
                      0.106405    0.000000    0.071062 ^ clkbuf_0_clk/A (sky130_fd_sc_hd__clkbuf_16)
     4    0.042516    0.097035    0.269399    0.340461 ^ clkbuf_0_clk/X (sky130_fd_sc_hd__clkbuf_16)
                                                         clknet_0_clk (net)
                      0.097169    0.002127    0.342588 ^ clkbuf_2_1__f_clk/A (sky130_fd_sc_hd__clkbuf_16)
     8    0.029645    0.079989    0.247182    0.589770 ^ clkbuf_2_1__f_clk/X (sky130_fd_sc_hd__clkbuf_16)
                                                         clknet_2_1__leaf_clk (net)
                      0.080011    0.001246    0.591015 ^ _1047_/CLK (sky130_fd_sc_hd__dfrtp_1)
     2    0.005011    0.104741    0.668216    1.259231 ^ _1047_/Q (sky130_fd_sc_hd__dfrtp_1)
                                                         net31 (net)
                      0.104741    0.000349    1.259580 ^ output31/A (sky130_fd_sc_hd__buf_2)
     1    0.034081    0.271009    0.358028    1.617608 ^ output31/X (sky130_fd_sc_hd__buf_2)
                                                         mac_out[6] (net)
                      0.271014    0.001625    1.619232 ^ mac_out[6] (out)
                                              1.619232   data arrival time

                                  0.000000    0.000000   clock clk (rise edge)
                                  0.000000    0.000000   clock network delay (propagated)
                                  0.250000    0.250000   clock uncertainty
                                  0.000000    0.250000   clock reconvergence pessimism
                                 -2.000000   -1.750000   output external delay
                                             -1.750000   data required time
---------------------------------------------------------------------------------------------
                                             -1.750000   data required time
                                             -1.619232   data arrival time
---------------------------------------------------------------------------------------------
                                              3.369233   slack (MET)


Startpoint: _1044_ (rising edge-triggered flip-flop clocked by clk)
Endpoint: mac_out[3] (output port clocked by clk)
Path Group: clk
Path Type: min

Fanout         Cap        Slew       Delay        Time   Description
---------------------------------------------------------------------------------------------
                                  0.000000    0.000000   clock clk (rise edge)
                                  0.000000    0.000000   clock source latency
     1    0.013667    0.106385    0.071062    0.071062 ^ clk (in)
                                                         clk (net)
                      0.106405    0.000000    0.071062 ^ clkbuf_0_clk/A (sky130_fd_sc_hd__clkbuf_16)
     4    0.042516    0.097035    0.269399    0.340461 ^ clkbuf_0_clk/X (sky130_fd_sc_hd__clkbuf_16)
                                                         clknet_0_clk (net)
                      0.097160    0.001986    0.342447 ^ clkbuf_2_0__f_clk/A (sky130_fd_sc_hd__clkbuf_16)
    10    0.030935    0.081783    0.248926    0.591373 ^ clkbuf_2_0__f_clk/X (sky130_fd_sc_hd__clkbuf_16)
                                                         clknet_2_0__leaf_clk (net)
                      0.081819    0.001559    0.592931 ^ _1044_/CLK (sky130_fd_sc_hd__dfrtp_1)
     2    0.004931    0.103826    0.668249    1.261181 ^ _1044_/Q (sky130_fd_sc_hd__dfrtp_1)
                                                         net28 (net)
                      0.103826    0.000297    1.261477 ^ output28/A (sky130_fd_sc_hd__buf_2)
     1    0.034115    0.271279    0.357727    1.619204 ^ output28/X (sky130_fd_sc_hd__buf_2)
                                                         mac_out[3] (net)
                      0.271285    0.001702    1.620906 ^ mac_out[3] (out)
                                              1.620906   data arrival time

                                  0.000000    0.000000   clock clk (rise edge)
                                  0.000000    0.000000   clock network delay (propagated)
                                  0.250000    0.250000   clock uncertainty
                                  0.000000    0.250000   clock reconvergence pessimism
                                 -2.000000   -1.750000   output external delay
                                             -1.750000   data required time
---------------------------------------------------------------------------------------------
                                             -1.750000   data required time
                                             -1.620906   data arrival time
---------------------------------------------------------------------------------------------
                                              3.370906   slack (MET)


Startpoint: _1056_ (rising edge-triggered flip-flop clocked by clk)
Endpoint: mac_out[15] (output port clocked by clk)
Path Group: clk
Path Type: min

Fanout         Cap        Slew       Delay        Time   Description
---------------------------------------------------------------------------------------------
                                  0.000000    0.000000   clock clk (rise edge)
                                  0.000000    0.000000   clock source latency
     1    0.013667    0.106385    0.071062    0.071062 ^ clk (in)
                                                         clk (net)
                      0.106405    0.000000    0.071062 ^ clkbuf_0_clk/A (sky130_fd_sc_hd__clkbuf_16)
     4    0.042516    0.097035    0.269399    0.340461 ^ clkbuf_0_clk/X (sky130_fd_sc_hd__clkbuf_16)
                                                         clknet_0_clk (net)
                      0.097139    0.001643    0.342104 ^ clkbuf_2_2__f_clk/A (sky130_fd_sc_hd__clkbuf_16)
    11    0.032699    0.084310    0.251075    0.593179 ^ clkbuf_2_2__f_clk/X (sky130_fd_sc_hd__clkbuf_16)
                                                         clknet_2_2__leaf_clk (net)
                      0.084353    0.001787    0.594966 ^ _1056_/CLK (sky130_fd_sc_hd__dfrtp_1)
     2    0.004575    0.099748    0.665703    1.260669 ^ _1056_/Q (sky130_fd_sc_hd__dfrtp_1)
                                                         net25 (net)
                      0.099748    0.000238    1.260907 ^ output25/A (sky130_fd_sc_hd__buf_2)
     1    0.034603    0.274887    0.358425    1.619331 ^ output25/X (sky130_fd_sc_hd__buf_2)
                                                         mac_out[15] (net)
                      0.274893    0.001683    1.621014 ^ mac_out[15] (out)
                                              1.621014   data arrival time

                                  0.000000    0.000000   clock clk (rise edge)
                                  0.000000    0.000000   clock network delay (propagated)
                                  0.250000    0.250000   clock uncertainty
                                  0.000000    0.250000   clock reconvergence pessimism
                                 -2.000000   -1.750000   output external delay
                                             -1.750000   data required time
---------------------------------------------------------------------------------------------
                                             -1.750000   data required time
                                             -1.621014   data arrival time
---------------------------------------------------------------------------------------------
                                              3.371014   slack (MET)


Startpoint: _1049_ (rising edge-triggered flip-flop clocked by clk)
Endpoint: mac_out[8] (output port clocked by clk)
Path Group: clk
Path Type: min

Fanout         Cap        Slew       Delay        Time   Description
---------------------------------------------------------------------------------------------
                                  0.000000    0.000000   clock clk (rise edge)
                                  0.000000    0.000000   clock source latency
     1    0.013667    0.106385    0.071062    0.071062 ^ clk (in)
                                                         clk (net)
                      0.106405    0.000000    0.071062 ^ clkbuf_0_clk/A (sky130_fd_sc_hd__clkbuf_16)
     4    0.042516    0.097035    0.269399    0.340461 ^ clkbuf_0_clk/X (sky130_fd_sc_hd__clkbuf_16)
                                                         clknet_0_clk (net)
                      0.097169    0.002127    0.342588 ^ clkbuf_2_1__f_clk/A (sky130_fd_sc_hd__clkbuf_16)
     8    0.029645    0.079989    0.247182    0.589770 ^ clkbuf_2_1__f_clk/X (sky130_fd_sc_hd__clkbuf_16)
                                                         clknet_2_1__leaf_clk (net)
                      0.080007    0.001158    0.590928 ^ _1049_/CLK (sky130_fd_sc_hd__dfrtp_1)
     2    0.005772    0.113690    0.676237    1.267165 ^ _1049_/Q (sky130_fd_sc_hd__dfrtp_1)
                                                         net33 (net)
                      0.113690    0.000367    1.267532 ^ output33/A (sky130_fd_sc_hd__buf_2)
     1    0.034128    0.271379    0.362467    1.629998 ^ output33/X (sky130_fd_sc_hd__buf_2)
                                                         mac_out[8] (net)
                      0.271385    0.001641    1.631639 ^ mac_out[8] (out)
                                              1.631639   data arrival time

                                  0.000000    0.000000   clock clk (rise edge)
                                  0.000000    0.000000   clock network delay (propagated)
                                  0.250000    0.250000   clock uncertainty
                                  0.000000    0.250000   clock reconvergence pessimism
                                 -2.000000   -1.750000   output external delay
                                             -1.750000   data required time
---------------------------------------------------------------------------------------------
                                             -1.750000   data required time
                                             -1.631639   data arrival time
---------------------------------------------------------------------------------------------
                                              3.381639   slack (MET)


Startpoint: _1053_ (rising edge-triggered flip-flop clocked by clk)
Endpoint: mac_out[12] (output port clocked by clk)
Path Group: clk
Path Type: min

Fanout         Cap        Slew       Delay        Time   Description
---------------------------------------------------------------------------------------------
                                  0.000000    0.000000   clock clk (rise edge)
                                  0.000000    0.000000   clock source latency
     1    0.013667    0.106385    0.071062    0.071062 ^ clk (in)
                                                         clk (net)
                      0.106405    0.000000    0.071062 ^ clkbuf_0_clk/A (sky130_fd_sc_hd__clkbuf_16)
     4    0.042516    0.097035    0.269399    0.340461 ^ clkbuf_0_clk/X (sky130_fd_sc_hd__clkbuf_16)
                                                         clknet_0_clk (net)
                      0.097139    0.001643    0.342104 ^ clkbuf_2_2__f_clk/A (sky130_fd_sc_hd__clkbuf_16)
    11    0.032699    0.084310    0.251075    0.593179 ^ clkbuf_2_2__f_clk/X (sky130_fd_sc_hd__clkbuf_16)
                                                         clknet_2_2__leaf_clk (net)
                      0.084397    0.002399    0.595578 ^ _1053_/CLK (sky130_fd_sc_hd__dfrtp_1)
     2    0.005555    0.111127    0.676038    1.271616 ^ _1053_/Q (sky130_fd_sc_hd__dfrtp_1)
                                                         net22 (net)
                      0.111127    0.000239    1.271855 ^ output22/A (sky130_fd_sc_hd__buf_2)
     1    0.035062    0.278330    0.366134    1.637988 ^ output22/X (sky130_fd_sc_hd__buf_2)
                                                         mac_out[12] (net)
                      0.278337    0.001775    1.639764 ^ mac_out[12] (out)
                                              1.639764   data arrival time

                                  0.000000    0.000000   clock clk (rise edge)
                                  0.000000    0.000000   clock network delay (propagated)
                                  0.250000    0.250000   clock uncertainty
                                  0.000000    0.250000   clock reconvergence pessimism
                                 -2.000000   -1.750000   output external delay
                                             -1.750000   data required time
---------------------------------------------------------------------------------------------
                                             -1.750000   data required time
                                             -1.639764   data arrival time
---------------------------------------------------------------------------------------------
                                              3.389764   slack (MET)


Startpoint: _1046_ (rising edge-triggered flip-flop clocked by clk)
Endpoint: mac_out[5] (output port clocked by clk)
Path Group: clk
Path Type: min

Fanout         Cap        Slew       Delay        Time   Description
---------------------------------------------------------------------------------------------
                                  0.000000    0.000000   clock clk (rise edge)
                                  0.000000    0.000000   clock source latency
     1    0.013667    0.106385    0.071062    0.071062 ^ clk (in)
                                                         clk (net)
                      0.106405    0.000000    0.071062 ^ clkbuf_0_clk/A (sky130_fd_sc_hd__clkbuf_16)
     4    0.042516    0.097035    0.269399    0.340461 ^ clkbuf_0_clk/X (sky130_fd_sc_hd__clkbuf_16)
                                                         clknet_0_clk (net)
                      0.097169    0.002127    0.342588 ^ clkbuf_2_1__f_clk/A (sky130_fd_sc_hd__clkbuf_16)
     8    0.029645    0.079989    0.247182    0.589770 ^ clkbuf_2_1__f_clk/X (sky130_fd_sc_hd__clkbuf_16)
                                                         clknet_2_1__leaf_clk (net)
                      0.080004    0.001075    0.590844 ^ _1046_/CLK (sky130_fd_sc_hd__dfrtp_1)
     2    0.006850    0.126712    0.687534    1.278378 ^ _1046_/Q (sky130_fd_sc_hd__dfrtp_1)
                                                         net30 (net)
                      0.126712    0.000419    1.278797 ^ output30/A (sky130_fd_sc_hd__buf_2)
     1    0.034205    0.271984    0.368933    1.647731 ^ output30/X (sky130_fd_sc_hd__buf_2)
                                                         mac_out[5] (net)
                      0.271991    0.001705    1.649435 ^ mac_out[5] (out)
                                              1.649435   data arrival time

                                  0.000000    0.000000   clock clk (rise edge)
                                  0.000000    0.000000   clock network delay (propagated)
                                  0.250000    0.250000   clock uncertainty
                                  0.000000    0.250000   clock reconvergence pessimism
                                 -2.000000   -1.750000   output external delay
                                             -1.750000   data required time
---------------------------------------------------------------------------------------------
                                             -1.750000   data required time
                                             -1.649435   data arrival time
---------------------------------------------------------------------------------------------
                                              3.399436   slack (MET)


Startpoint: _1041_ (rising edge-triggered flip-flop clocked by clk)
Endpoint: mac_out[0] (output port clocked by clk)
Path Group: clk
Path Type: min

Fanout         Cap        Slew       Delay        Time   Description
---------------------------------------------------------------------------------------------
                                  0.000000    0.000000   clock clk (rise edge)
                                  0.000000    0.000000   clock source latency
     1    0.013667    0.106385    0.071062    0.071062 ^ clk (in)
                                                         clk (net)
                      0.106405    0.000000    0.071062 ^ clkbuf_0_clk/A (sky130_fd_sc_hd__clkbuf_16)
     4    0.042516    0.097035    0.269399    0.340461 ^ clkbuf_0_clk/X (sky130_fd_sc_hd__clkbuf_16)
                                                         clknet_0_clk (net)
                      0.097139    0.001643    0.342104 ^ clkbuf_2_2__f_clk/A (sky130_fd_sc_hd__clkbuf_16)
    11    0.032699    0.084310    0.251075    0.593179 ^ clkbuf_2_2__f_clk/X (sky130_fd_sc_hd__clkbuf_16)
                                                         clknet_2_2__leaf_clk (net)
                      0.084440    0.002859    0.596038 ^ _1041_/CLK (sky130_fd_sc_hd__dfrtp_1)
     2    0.006087    0.117440    0.681618    1.277655 ^ _1041_/Q (sky130_fd_sc_hd__dfrtp_1)
                                                         net19 (net)
                      0.117440    0.000383    1.278039 ^ output19/A (sky130_fd_sc_hd__buf_2)
     1    0.035982    0.285217    0.373835    1.651874 ^ output19/X (sky130_fd_sc_hd__buf_2)
                                                         mac_out[0] (net)
                      0.285226    0.001970    1.653843 ^ mac_out[0] (out)
                                              1.653843   data arrival time

                                  0.000000    0.000000   clock clk (rise edge)
                                  0.000000    0.000000   clock network delay (propagated)
                                  0.250000    0.250000   clock uncertainty
                                  0.000000    0.250000   clock reconvergence pessimism
                                 -2.000000   -1.750000   output external delay
                                             -1.750000   data required time
---------------------------------------------------------------------------------------------
                                             -1.750000   data required time
                                             -1.653843   data arrival time
---------------------------------------------------------------------------------------------
                                              3.403843   slack (MET)


Startpoint: _1054_ (rising edge-triggered flip-flop clocked by clk)
Endpoint: mac_out[13] (output port clocked by clk)
Path Group: clk
Path Type: min

Fanout         Cap        Slew       Delay        Time   Description
---------------------------------------------------------------------------------------------
                                  0.000000    0.000000   clock clk (rise edge)
                                  0.000000    0.000000   clock source latency
     1    0.013667    0.106385    0.071062    0.071062 ^ clk (in)
                                                         clk (net)
                      0.106405    0.000000    0.071062 ^ clkbuf_0_clk/A (sky130_fd_sc_hd__clkbuf_16)
     4    0.042516    0.097035    0.269399    0.340461 ^ clkbuf_0_clk/X (sky130_fd_sc_hd__clkbuf_16)
                                                         clknet_0_clk (net)
                      0.097139    0.001643    0.342104 ^ clkbuf_2_2__f_clk/A (sky130_fd_sc_hd__clkbuf_16)
    11    0.032699    0.084310    0.251075    0.593179 ^ clkbuf_2_2__f_clk/X (sky130_fd_sc_hd__clkbuf_16)
                                                         clknet_2_2__leaf_clk (net)
                      0.084405    0.002491    0.595670 ^ _1054_/CLK (sky130_fd_sc_hd__dfrtp_1)
     2    0.006553    0.122997    0.686542    1.282211 ^ _1054_/Q (sky130_fd_sc_hd__dfrtp_1)
                                                         net23 (net)
                      0.122997    0.000319    1.282531 ^ output23/A (sky130_fd_sc_hd__buf_2)
     1    0.036492    0.289032    0.379080    1.661611 ^ output23/X (sky130_fd_sc_hd__buf_2)
                                                         mac_out[13] (net)
                      0.289043    0.002090    1.663701 ^ mac_out[13] (out)
                                              1.663701   data arrival time

                                  0.000000    0.000000   clock clk (rise edge)
                                  0.000000    0.000000   clock network delay (propagated)
                                  0.250000    0.250000   clock uncertainty
                                  0.000000    0.250000   clock reconvergence pessimism
                                 -2.000000   -1.750000   output external delay
                                             -1.750000   data required time
---------------------------------------------------------------------------------------------
                                             -1.750000   data required time
                                             -1.663701   data arrival time
---------------------------------------------------------------------------------------------
                                              3.413701   slack (MET)


Startpoint: _1043_ (rising edge-triggered flip-flop clocked by clk)
Endpoint: mac_out[2] (output port clocked by clk)
Path Group: clk
Path Type: min

Fanout         Cap        Slew       Delay        Time   Description
---------------------------------------------------------------------------------------------
                                  0.000000    0.000000   clock clk (rise edge)
                                  0.000000    0.000000   clock source latency
     1    0.013667    0.106385    0.071062    0.071062 ^ clk (in)
                                                         clk (net)
                      0.106405    0.000000    0.071062 ^ clkbuf_0_clk/A (sky130_fd_sc_hd__clkbuf_16)
     4    0.042516    0.097035    0.269399    0.340461 ^ clkbuf_0_clk/X (sky130_fd_sc_hd__clkbuf_16)
                                                         clknet_0_clk (net)
                      0.097160    0.001986    0.342447 ^ clkbuf_2_0__f_clk/A (sky130_fd_sc_hd__clkbuf_16)
    10    0.030935    0.081783    0.248926    0.591373 ^ clkbuf_2_0__f_clk/X (sky130_fd_sc_hd__clkbuf_16)
                                                         clknet_2_0__leaf_clk (net)
                      0.081820    0.001592    0.592965 ^ _1043_/CLK (sky130_fd_sc_hd__dfrtp_1)
     2    0.007511    0.134759    0.695332    1.288297 ^ _1043_/Q (sky130_fd_sc_hd__dfrtp_1)
                                                         net27 (net)
                      0.134759    0.000550    1.288847 ^ output27/A (sky130_fd_sc_hd__buf_2)
     1    0.035251    0.279795    0.378158    1.667005 ^ output27/X (sky130_fd_sc_hd__buf_2)
                                                         mac_out[2] (net)
                      0.279802    0.001843    1.668847 ^ mac_out[2] (out)
                                              1.668847   data arrival time

                                  0.000000    0.000000   clock clk (rise edge)
                                  0.000000    0.000000   clock network delay (propagated)
                                  0.250000    0.250000   clock uncertainty
                                  0.000000    0.250000   clock reconvergence pessimism
                                 -2.000000   -1.750000   output external delay
                                             -1.750000   data required time
---------------------------------------------------------------------------------------------
                                             -1.750000   data required time
                                             -1.668847   data arrival time
---------------------------------------------------------------------------------------------
                                              3.418848   slack (MET)


Startpoint: _1052_ (rising edge-triggered flip-flop clocked by clk)
Endpoint: mac_out[11] (output port clocked by clk)
Path Group: clk
Path Type: min

Fanout         Cap        Slew       Delay        Time   Description
---------------------------------------------------------------------------------------------
                                  0.000000    0.000000   clock clk (rise edge)
                                  0.000000    0.000000   clock source latency
     1    0.013667    0.106385    0.071062    0.071062 ^ clk (in)
                                                         clk (net)
                      0.106405    0.000000    0.071062 ^ clkbuf_0_clk/A (sky130_fd_sc_hd__clkbuf_16)
     4    0.042516    0.097035    0.269399    0.340461 ^ clkbuf_0_clk/X (sky130_fd_sc_hd__clkbuf_16)
                                                         clknet_0_clk (net)
                      0.097139    0.001643    0.342104 ^ clkbuf_2_2__f_clk/A (sky130_fd_sc_hd__clkbuf_16)
    11    0.032699    0.084310    0.251075    0.593179 ^ clkbuf_2_2__f_clk/X (sky130_fd_sc_hd__clkbuf_16)
                                                         clknet_2_2__leaf_clk (net)
                      0.084355    0.001817    0.594996 ^ _1052_/CLK (sky130_fd_sc_hd__dfrtp_1)
     2    0.007503    0.134663    0.696459    1.291454 ^ _1052_/Q (sky130_fd_sc_hd__dfrtp_1)
                                                         net21 (net)
                      0.134663    0.000513    1.291968 ^ output21/A (sky130_fd_sc_hd__buf_2)
     1    0.035655    0.282812    0.380220    1.672188 ^ output21/X (sky130_fd_sc_hd__buf_2)
                                                         mac_out[11] (net)
                      0.282821    0.001923    1.674111 ^ mac_out[11] (out)
                                              1.674111   data arrival time

                                  0.000000    0.000000   clock clk (rise edge)
                                  0.000000    0.000000   clock network delay (propagated)
                                  0.250000    0.250000   clock uncertainty
                                  0.000000    0.250000   clock reconvergence pessimism
                                 -2.000000   -1.750000   output external delay
                                             -1.750000   data required time
---------------------------------------------------------------------------------------------
                                             -1.750000   data required time
                                             -1.674111   data arrival time
---------------------------------------------------------------------------------------------
                                              3.424110   slack (MET)


Startpoint: _1045_ (rising edge-triggered flip-flop clocked by clk)
Endpoint: mac_out[4] (output port clocked by clk)
Path Group: clk
Path Type: min

Fanout         Cap        Slew       Delay        Time   Description
---------------------------------------------------------------------------------------------
                                  0.000000    0.000000   clock clk (rise edge)
                                  0.000000    0.000000   clock source latency
     1    0.013667    0.106385    0.071062    0.071062 ^ clk (in)
                                                         clk (net)
                      0.106405    0.000000    0.071062 ^ clkbuf_0_clk/A (sky130_fd_sc_hd__clkbuf_16)
     4    0.042516    0.097035    0.269399    0.340461 ^ clkbuf_0_clk/X (sky130_fd_sc_hd__clkbuf_16)
                                                         clknet_0_clk (net)
                      0.097169    0.002127    0.342588 ^ clkbuf_2_1__f_clk/A (sky130_fd_sc_hd__clkbuf_16)
     8    0.029645    0.079989    0.247182    0.589770 ^ clkbuf_2_1__f_clk/X (sky130_fd_sc_hd__clkbuf_16)
                                                         clknet_2_1__leaf_clk (net)
                      0.080036    0.001699    0.591469 ^ _1045_/CLK (sky130_fd_sc_hd__dfrtp_1)
     2    0.008345    0.145039    0.703227    1.294696 ^ _1045_/Q (sky130_fd_sc_hd__dfrtp_1)
                                                         net29 (net)
                      0.145040    0.000729    1.295425 ^ output29/A (sky130_fd_sc_hd__buf_2)
     1    0.034713    0.275804    0.380197    1.675621 ^ output29/X (sky130_fd_sc_hd__buf_2)
                                                         mac_out[4] (net)
                      0.275811    0.001740    1.677361 ^ mac_out[4] (out)
                                              1.677361   data arrival time

                                  0.000000    0.000000   clock clk (rise edge)
                                  0.000000    0.000000   clock network delay (propagated)
                                  0.250000    0.250000   clock uncertainty
                                  0.000000    0.250000   clock reconvergence pessimism
                                 -2.000000   -1.750000   output external delay
                                             -1.750000   data required time
---------------------------------------------------------------------------------------------
                                             -1.750000   data required time
                                             -1.677361   data arrival time
---------------------------------------------------------------------------------------------
                                              3.427361   slack (MET)


Startpoint: _1048_ (rising edge-triggered flip-flop clocked by clk)
Endpoint: mac_out[7] (output port clocked by clk)
Path Group: clk
Path Type: min

Fanout         Cap        Slew       Delay        Time   Description
---------------------------------------------------------------------------------------------
                                  0.000000    0.000000   clock clk (rise edge)
                                  0.000000    0.000000   clock source latency
     1    0.013667    0.106385    0.071062    0.071062 ^ clk (in)
                                                         clk (net)
                      0.106405    0.000000    0.071062 ^ clkbuf_0_clk/A (sky130_fd_sc_hd__clkbuf_16)
     4    0.042516    0.097035    0.269399    0.340461 ^ clkbuf_0_clk/X (sky130_fd_sc_hd__clkbuf_16)
                                                         clknet_0_clk (net)
                      0.097136    0.001586    0.342047 ^ clkbuf_2_3__f_clk/A (sky130_fd_sc_hd__clkbuf_16)
    11    0.034762    0.087318    0.253585    0.595631 ^ clkbuf_2_3__f_clk/X (sky130_fd_sc_hd__clkbuf_16)
                                                         clknet_2_3__leaf_clk (net)
                      0.087517    0.003592    0.599224 ^ _1048_/CLK (sky130_fd_sc_hd__dfrtp_1)
     2    0.007059    0.129250    0.693290    1.292514 ^ _1048_/Q (sky130_fd_sc_hd__dfrtp_1)
                                                         net32 (net)
                      0.129250    0.000427    1.292941 ^ output32/A (sky130_fd_sc_hd__buf_2)
     1    0.036567    0.289628    0.382306    1.675246 ^ output32/X (sky130_fd_sc_hd__buf_2)
                                                         mac_out[7] (net)
                      0.289641    0.002225    1.677471 ^ mac_out[7] (out)
                                              1.677471   data arrival time

                                  0.000000    0.000000   clock clk (rise edge)
                                  0.000000    0.000000   clock network delay (propagated)
                                  0.250000    0.250000   clock uncertainty
                                  0.000000    0.250000   clock reconvergence pessimism
                                 -2.000000   -1.750000   output external delay
                                             -1.750000   data required time
---------------------------------------------------------------------------------------------
                                             -1.750000   data required time
                                             -1.677471   data arrival time
---------------------------------------------------------------------------------------------
                                              3.427471   slack (MET)


Startpoint: _1055_ (rising edge-triggered flip-flop clocked by clk)
Endpoint: mac_out[14] (output port clocked by clk)
Path Group: clk
Path Type: min

Fanout         Cap        Slew       Delay        Time   Description
---------------------------------------------------------------------------------------------
                                  0.000000    0.000000   clock clk (rise edge)
                                  0.000000    0.000000   clock source latency
     1    0.013667    0.106385    0.071062    0.071062 ^ clk (in)
                                                         clk (net)
                      0.106405    0.000000    0.071062 ^ clkbuf_0_clk/A (sky130_fd_sc_hd__clkbuf_16)
     4    0.042516    0.097035    0.269399    0.340461 ^ clkbuf_0_clk/X (sky130_fd_sc_hd__clkbuf_16)
                                                         clknet_0_clk (net)
                      0.097139    0.001643    0.342104 ^ clkbuf_2_2__f_clk/A (sky130_fd_sc_hd__clkbuf_16)
    11    0.032699    0.084310    0.251075    0.593179 ^ clkbuf_2_2__f_clk/X (sky130_fd_sc_hd__clkbuf_16)
                                                         clknet_2_2__leaf_clk (net)
                      0.084331    0.001350    0.594529 ^ _1055_/CLK (sky130_fd_sc_hd__dfrtp_1)
     2    0.008685    0.149237    0.708856    1.303385 ^ _1055_/Q (sky130_fd_sc_hd__dfrtp_1)
                                                         net24 (net)
                      0.149237    0.000632    1.304017 ^ output24/A (sky130_fd_sc_hd__buf_2)
     1    0.037233    0.294599    0.395283    1.699300 ^ output24/X (sky130_fd_sc_hd__buf_2)
                                                         mac_out[14] (net)
                      0.294611    0.002199    1.701499 ^ mac_out[14] (out)
                                              1.701499   data arrival time

                                  0.000000    0.000000   clock clk (rise edge)
                                  0.000000    0.000000   clock network delay (propagated)
                                  0.250000    0.250000   clock uncertainty
                                  0.000000    0.250000   clock reconvergence pessimism
                                 -2.000000   -1.750000   output external delay
                                             -1.750000   data required time
---------------------------------------------------------------------------------------------
                                             -1.750000   data required time
                                             -1.701499   data arrival time
---------------------------------------------------------------------------------------------
                                              3.451499   slack (MET)


Startpoint: _1050_ (rising edge-triggered flip-flop clocked by clk)
Endpoint: mac_out[9] (output port clocked by clk)
Path Group: clk
Path Type: min

Fanout         Cap        Slew       Delay        Time   Description
---------------------------------------------------------------------------------------------
                                  0.000000    0.000000   clock clk (rise edge)
                                  0.000000    0.000000   clock source latency
     1    0.013667    0.106385    0.071062    0.071062 ^ clk (in)
                                                         clk (net)
                      0.106405    0.000000    0.071062 ^ clkbuf_0_clk/A (sky130_fd_sc_hd__clkbuf_16)
     4    0.042516    0.097035    0.269399    0.340461 ^ clkbuf_0_clk/X (sky130_fd_sc_hd__clkbuf_16)
                                                         clknet_0_clk (net)
                      0.097136    0.001586    0.342047 ^ clkbuf_2_3__f_clk/A (sky130_fd_sc_hd__clkbuf_16)
    11    0.034762    0.087318    0.253585    0.595631 ^ clkbuf_2_3__f_clk/X (sky130_fd_sc_hd__clkbuf_16)
                                                         clknet_2_3__leaf_clk (net)
                      0.087530    0.003694    0.599325 ^ _1050_/CLK (sky130_fd_sc_hd__dfrtp_1)
     2    0.009802    0.163092    0.722213    1.321538 ^ _1050_/Q (sky130_fd_sc_hd__dfrtp_1)
                                                         net34 (net)
                      0.163092    0.000461    1.321999 ^ output34/A (sky130_fd_sc_hd__buf_2)
     1    0.037333    0.295375    0.402288    1.724287 ^ output34/X (sky130_fd_sc_hd__buf_2)
                                                         mac_out[9] (net)
                      0.295388    0.002244    1.726531 ^ mac_out[9] (out)
                                              1.726531   data arrival time

                                  0.000000    0.000000   clock clk (rise edge)
                                  0.000000    0.000000   clock network delay (propagated)
                                  0.250000    0.250000   clock uncertainty
                                  0.000000    0.250000   clock reconvergence pessimism
                                 -2.000000   -1.750000   output external delay
                                             -1.750000   data required time
---------------------------------------------------------------------------------------------
                                             -1.750000   data required time
                                             -1.726531   data arrival time
---------------------------------------------------------------------------------------------
                                              3.476531   slack (MET)



%OL_END_REPORT
%OL_CREATE_REPORT max.rpt

===========================================================================
report_checks -path_delay max (Setup)
============================================================================
======================= max_ss_100C_1v60 Corner ===================================

Startpoint: weight_in[0] (input port clocked by clk)
Endpoint: _1056_ (rising edge-triggered flip-flop clocked by clk)
Path Group: clk
Path Type: max

Fanout         Cap        Slew       Delay        Time   Description
---------------------------------------------------------------------------------------------
                                  0.000000    0.000000   clock clk (rise edge)
                                  0.000000    0.000000   clock network delay (propagated)
                                  2.000000    2.000000 v input external delay
     1    0.002919    0.018911    0.009655    2.009655 v weight_in[0] (in)
                                                         weight_in[0] (net)
                      0.018912    0.000000    2.009655 v input11/A (sky130_fd_sc_hd__clkbuf_2)
     6    0.026529    0.190670    0.274644    2.284299 v input11/X (sky130_fd_sc_hd__clkbuf_2)
                                                         net11 (net)
                      0.190716    0.002870    2.287169 v fanout76/A (sky130_fd_sc_hd__clkbuf_2)
    10    0.033061    0.233655    0.386527    2.673697 v fanout76/X (sky130_fd_sc_hd__clkbuf_2)
                                                         net76 (net)
                      0.233681    0.002544    2.676240 v _0813_/A (sky130_fd_sc_hd__and3_1)
     3    0.008288    0.115418    0.417699    3.093939 v _0813_/X (sky130_fd_sc_hd__and3_1)
                                                         _0310_ (net)
                      0.115418    0.000290    3.094229 v _0815_/A (sky130_fd_sc_hd__or3_4)
     3    0.014982    0.147392    0.820473    3.914701 v _0815_/X (sky130_fd_sc_hd__or3_4)
                                                         _0312_ (net)
                      0.147392    0.000894    3.915595 v _0818_/A2 (sky130_fd_sc_hd__a211oi_4)
     1    0.010587    0.343804    0.484060    4.399655 ^ _0818_/Y (sky130_fd_sc_hd__a211oi_4)
                                                         _0315_ (net)
                      0.343804    0.000854    4.400509 ^ _0819_/A (sky130_fd_sc_hd__nor2_4)
     2    0.011562    0.084924    0.169717    4.570226 v _0819_/Y (sky130_fd_sc_hd__nor2_4)
                                                         _0316_ (net)
                      0.084926    0.000771    4.570997 v _0826_/B (sky130_fd_sc_hd__xnor2_2)
     2    0.011302    0.171077    0.283762    4.854759 v _0826_/Y (sky130_fd_sc_hd__xnor2_2)
                                                         _0323_ (net)
                      0.171080    0.000871    4.855630 v _0829_/B (sky130_fd_sc_hd__xnor2_2)
     2    0.006940    0.115448    0.293860    5.149490 v _0829_/Y (sky130_fd_sc_hd__xnor2_2)
                                                         _0326_ (net)
                      0.115448    0.000429    5.149920 v _0830_/A (sky130_fd_sc_hd__or2_4)
     4    0.021816    0.125552    0.552668    5.702588 v _0830_/X (sky130_fd_sc_hd__or2_4)
                                                         _0327_ (net)
                      0.125558    0.001013    5.703600 v _0833_/A2 (sky130_fd_sc_hd__a211o_4)
     2    0.011915    0.095671    0.638353    6.341953 v _0833_/X (sky130_fd_sc_hd__a211o_4)
                                                         _0330_ (net)
                      0.095671    0.000715    6.342669 v _0835_/A1 (sky130_fd_sc_hd__a211o_1)
     3    0.010934    0.158037    0.577641    6.920309 v _0835_/X (sky130_fd_sc_hd__a211o_1)
                                                         _0332_ (net)
                      0.158038    0.000779    6.921088 v _0838_/A1 (sky130_fd_sc_hd__a211o_1)
     2    0.004546    0.103097    0.541437    7.462525 v _0838_/X (sky130_fd_sc_hd__a211o_1)
                                                         _0335_ (net)
                      0.103097    0.000246    7.462771 v _0839_/A (sky130_fd_sc_hd__and3_1)
     3    0.008289    0.115417    0.355100    7.817871 v _0839_/X (sky130_fd_sc_hd__and3_1)
                                                         _0336_ (net)
                      0.115417    0.000425    7.818296 v _0887_/A2 (sky130_fd_sc_hd__a21o_1)
     2    0.008644    0.105801    0.382172    8.200468 v _0887_/X (sky130_fd_sc_hd__a21o_1)
                                                         _0382_ (net)
                      0.105802    0.000584    8.201053 v _0927_/A1 (sky130_fd_sc_hd__o311a_4)
     3    0.016546    0.118187    0.727741    8.928794 v _0927_/X (sky130_fd_sc_hd__o311a_4)
                                                         _0422_ (net)
                      0.118198    0.001209    8.930003 v _0999_/C (sky130_fd_sc_hd__nor3_4)
     2    0.010498    0.285527    0.269361    9.199365 ^ _0999_/Y (sky130_fd_sc_hd__nor3_4)
                                                         _0492_ (net)
                      0.285528    0.000662    9.200026 ^ _1003_/A1 (sky130_fd_sc_hd__o31ai_2)
     1    0.004857    0.110635    0.227582    9.427608 v _1003_/Y (sky130_fd_sc_hd__o31ai_2)
                                                         _0495_ (net)
                      0.110635    0.000360    9.427968 v _1018_/B (sky130_fd_sc_hd__xnor2_1)
     2    0.007485    0.183458    0.275582    9.703550 v _1018_/Y (sky130_fd_sc_hd__xnor2_1)
                                                         _0510_ (net)
                      0.183458    0.000474    9.704024 v _1019_/A1 (sky130_fd_sc_hd__mux2_4)
     1    0.003462    0.080781    0.514422   10.218447 v _1019_/X (sky130_fd_sc_hd__mux2_4)
                                                         _0020_ (net)
                      0.080781    0.000233   10.218679 v _1056_/D (sky130_fd_sc_hd__dfrtp_1)
                                             10.218679   data arrival time

                                 10.000000   10.000000   clock clk (rise edge)
                                  0.000000   10.000000   clock source latency
     1    0.013667    0.106385    0.071061   10.071061 ^ clk (in)
                                                         clk (net)
                      0.106405    0.000000   10.071061 ^ clkbuf_0_clk/A (sky130_fd_sc_hd__clkbuf_16)
     4    0.042516    0.097035    0.269400   10.340461 ^ clkbuf_0_clk/X (sky130_fd_sc_hd__clkbuf_16)
                                                         clknet_0_clk (net)
                      0.097139    0.001642   10.342103 ^ clkbuf_2_2__f_clk/A (sky130_fd_sc_hd__clkbuf_16)
    11    0.032699    0.084310    0.251076   10.593179 ^ clkbuf_2_2__f_clk/X (sky130_fd_sc_hd__clkbuf_16)
                                                         clknet_2_2__leaf_clk (net)
                      0.084353    0.001787   10.594966 ^ _1056_/CLK (sky130_fd_sc_hd__dfrtp_1)
                                 -0.250000   10.344966   clock uncertainty
                                  0.000000   10.344966   clock reconvergence pessimism
                                 -0.277234   10.067732   library setup time
                                             10.067732   data required time
---------------------------------------------------------------------------------------------
                                             10.067732   data required time
                                            -10.218679   data arrival time
---------------------------------------------------------------------------------------------
                                             -0.150948   slack (VIOLATED)


Startpoint: weight_in[0] (input port clocked by clk)
Endpoint: _1055_ (rising edge-triggered flip-flop clocked by clk)
Path Group: clk
Path Type: max

Fanout         Cap        Slew       Delay        Time   Description
---------------------------------------------------------------------------------------------
                                  0.000000    0.000000   clock clk (rise edge)
                                  0.000000    0.000000   clock network delay (propagated)
                                  2.000000    2.000000 v input external delay
     1    0.002919    0.018911    0.009655    2.009655 v weight_in[0] (in)
                                                         weight_in[0] (net)
                      0.018912    0.000000    2.009655 v input11/A (sky130_fd_sc_hd__clkbuf_2)
     6    0.026529    0.190670    0.274644    2.284299 v input11/X (sky130_fd_sc_hd__clkbuf_2)
                                                         net11 (net)
                      0.190716    0.002870    2.287169 v fanout76/A (sky130_fd_sc_hd__clkbuf_2)
    10    0.033061    0.233655    0.386527    2.673697 v fanout76/X (sky130_fd_sc_hd__clkbuf_2)
                                                         net76 (net)
                      0.233681    0.002544    2.676240 v _0813_/A (sky130_fd_sc_hd__and3_1)
     3    0.008288    0.115418    0.417699    3.093939 v _0813_/X (sky130_fd_sc_hd__and3_1)
                                                         _0310_ (net)
                      0.115418    0.000290    3.094229 v _0815_/A (sky130_fd_sc_hd__or3_4)
     3    0.014982    0.147392    0.820473    3.914701 v _0815_/X (sky130_fd_sc_hd__or3_4)
                                                         _0312_ (net)
                      0.147392    0.000894    3.915595 v _0818_/A2 (sky130_fd_sc_hd__a211oi_4)
     1    0.010587    0.343804    0.484060    4.399655 ^ _0818_/Y (sky130_fd_sc_hd__a211oi_4)
                                                         _0315_ (net)
                      0.343804    0.000854    4.400509 ^ _0819_/A (sky130_fd_sc_hd__nor2_4)
     2    0.011562    0.084924    0.169717    4.570226 v _0819_/Y (sky130_fd_sc_hd__nor2_4)
                                                         _0316_ (net)
                      0.084926    0.000771    4.570997 v _0826_/B (sky130_fd_sc_hd__xnor2_2)
     2    0.011302    0.171077    0.283762    4.854759 v _0826_/Y (sky130_fd_sc_hd__xnor2_2)
                                                         _0323_ (net)
                      0.171080    0.000871    4.855630 v _0829_/B (sky130_fd_sc_hd__xnor2_2)
     2    0.006940    0.115448    0.293860    5.149490 v _0829_/Y (sky130_fd_sc_hd__xnor2_2)
                                                         _0326_ (net)
                      0.115448    0.000429    5.149920 v _0830_/A (sky130_fd_sc_hd__or2_4)
     4    0.021816    0.125552    0.552668    5.702588 v _0830_/X (sky130_fd_sc_hd__or2_4)
                                                         _0327_ (net)
                      0.125558    0.001013    5.703600 v _0833_/A2 (sky130_fd_sc_hd__a211o_4)
     2    0.011915    0.095671    0.638353    6.341953 v _0833_/X (sky130_fd_sc_hd__a211o_4)
                                                         _0330_ (net)
                      0.095671    0.000715    6.342669 v _0835_/A1 (sky130_fd_sc_hd__a211o_1)
     3    0.010934    0.158037    0.577641    6.920309 v _0835_/X (sky130_fd_sc_hd__a211o_1)
                                                         _0332_ (net)
                      0.158038    0.000779    6.921088 v _0838_/A1 (sky130_fd_sc_hd__a211o_1)
     2    0.004546    0.103097    0.541437    7.462525 v _0838_/X (sky130_fd_sc_hd__a211o_1)
                                                         _0335_ (net)
                      0.103097    0.000246    7.462771 v _0839_/A (sky130_fd_sc_hd__and3_1)
     3    0.008289    0.115417    0.355100    7.817871 v _0839_/X (sky130_fd_sc_hd__and3_1)
                                                         _0336_ (net)
                      0.115417    0.000425    7.818296 v _0887_/A2 (sky130_fd_sc_hd__a21o_1)
     2    0.008644    0.105801    0.382172    8.200468 v _0887_/X (sky130_fd_sc_hd__a21o_1)
                                                         _0382_ (net)
                      0.105802    0.000584    8.201053 v _0927_/A1 (sky130_fd_sc_hd__o311a_4)
     3    0.016546    0.118187    0.727741    8.928794 v _0927_/X (sky130_fd_sc_hd__o311a_4)
                                                         _0422_ (net)
                      0.118198    0.001209    8.930003 v _0999_/C (sky130_fd_sc_hd__nor3_4)
     2    0.010498    0.285527    0.269361    9.199365 ^ _0999_/Y (sky130_fd_sc_hd__nor3_4)
                                                         _0492_ (net)
                      0.285528    0.000616    9.199980 ^ _1000_/A (sky130_fd_sc_hd__nor2_2)
     1    0.009079    0.084925    0.171871    9.371851 v _1000_/Y (sky130_fd_sc_hd__nor2_2)
                                                         _0493_ (net)
                      0.084931    0.000712    9.372563 v _1001_/B (sky130_fd_sc_hd__xnor2_2)
     2    0.006703    0.113357    0.253507    9.626071 v _1001_/Y (sky130_fd_sc_hd__xnor2_2)
                                                         _0494_ (net)
                      0.113358    0.000429    9.626500 v _1002_/A1 (sky130_fd_sc_hd__mux2_2)
     1    0.002407    0.086565    0.549915   10.176414 v _1002_/X (sky130_fd_sc_hd__mux2_2)
                                                         _0019_ (net)
                      0.086565    0.000168   10.176582 v _1055_/D (sky130_fd_sc_hd__dfrtp_1)
                                             10.176582   data arrival time

                                 10.000000   10.000000   clock clk (rise edge)
                                  0.000000   10.000000   clock source latency
     1    0.013667    0.106385    0.071061   10.071061 ^ clk (in)
                                                         clk (net)
                      0.106405    0.000000   10.071061 ^ clkbuf_0_clk/A (sky130_fd_sc_hd__clkbuf_16)
     4    0.042516    0.097035    0.269400   10.340461 ^ clkbuf_0_clk/X (sky130_fd_sc_hd__clkbuf_16)
                                                         clknet_0_clk (net)
                      0.097139    0.001642   10.342103 ^ clkbuf_2_2__f_clk/A (sky130_fd_sc_hd__clkbuf_16)
    11    0.032699    0.084310    0.251076   10.593179 ^ clkbuf_2_2__f_clk/X (sky130_fd_sc_hd__clkbuf_16)
                                                         clknet_2_2__leaf_clk (net)
                      0.084331    0.001350   10.594529 ^ _1055_/CLK (sky130_fd_sc_hd__dfrtp_1)
                                 -0.250000   10.344529   clock uncertainty
                                  0.000000   10.344529   clock reconvergence pessimism
                                 -0.279652   10.064878   library setup time
                                             10.064878   data required time
---------------------------------------------------------------------------------------------
                                             10.064878   data required time
                                            -10.176582   data arrival time
---------------------------------------------------------------------------------------------
                                             -0.111705   slack (VIOLATED)


Startpoint: weight_in[0] (input port clocked by clk)
Endpoint: _1054_ (rising edge-triggered flip-flop clocked by clk)
Path Group: clk
Path Type: max

Fanout         Cap        Slew       Delay        Time   Description
---------------------------------------------------------------------------------------------
                                  0.000000    0.000000   clock clk (rise edge)
                                  0.000000    0.000000   clock network delay (propagated)
                                  2.000000    2.000000 v input external delay
     1    0.002919    0.018911    0.009655    2.009655 v weight_in[0] (in)
                                                         weight_in[0] (net)
                      0.018912    0.000000    2.009655 v input11/A (sky130_fd_sc_hd__clkbuf_2)
     6    0.026529    0.190670    0.274644    2.284299 v input11/X (sky130_fd_sc_hd__clkbuf_2)
                                                         net11 (net)
                      0.190716    0.002870    2.287169 v fanout76/A (sky130_fd_sc_hd__clkbuf_2)
    10    0.033061    0.233655    0.386527    2.673697 v fanout76/X (sky130_fd_sc_hd__clkbuf_2)
                                                         net76 (net)
                      0.233681    0.002544    2.676240 v _0813_/A (sky130_fd_sc_hd__and3_1)
     3    0.008288    0.115418    0.417699    3.093939 v _0813_/X (sky130_fd_sc_hd__and3_1)
                                                         _0310_ (net)
                      0.115418    0.000290    3.094229 v _0815_/A (sky130_fd_sc_hd__or3_4)
     3    0.014982    0.147392    0.820473    3.914701 v _0815_/X (sky130_fd_sc_hd__or3_4)
                                                         _0312_ (net)
                      0.147392    0.000894    3.915595 v _0818_/A2 (sky130_fd_sc_hd__a211oi_4)
     1    0.010587    0.343804    0.484060    4.399655 ^ _0818_/Y (sky130_fd_sc_hd__a211oi_4)
                                                         _0315_ (net)
                      0.343804    0.000854    4.400509 ^ _0819_/A (sky130_fd_sc_hd__nor2_4)
     2    0.011562    0.084924    0.169717    4.570226 v _0819_/Y (sky130_fd_sc_hd__nor2_4)
                                                         _0316_ (net)
                      0.084926    0.000771    4.570997 v _0826_/B (sky130_fd_sc_hd__xnor2_2)
     2    0.011302    0.171077    0.283762    4.854759 v _0826_/Y (sky130_fd_sc_hd__xnor2_2)
                                                         _0323_ (net)
                      0.171080    0.000871    4.855630 v _0829_/B (sky130_fd_sc_hd__xnor2_2)
     2    0.006940    0.115448    0.293860    5.149490 v _0829_/Y (sky130_fd_sc_hd__xnor2_2)
                                                         _0326_ (net)
                      0.115448    0.000429    5.149920 v _0830_/A (sky130_fd_sc_hd__or2_4)
     4    0.021816    0.125552    0.552668    5.702588 v _0830_/X (sky130_fd_sc_hd__or2_4)
                                                         _0327_ (net)
                      0.125558    0.001013    5.703600 v _0833_/A2 (sky130_fd_sc_hd__a211o_4)
     2    0.011915    0.095671    0.638353    6.341953 v _0833_/X (sky130_fd_sc_hd__a211o_4)
                                                         _0330_ (net)
                      0.095671    0.000715    6.342669 v _0835_/A1 (sky130_fd_sc_hd__a211o_1)
     3    0.010934    0.158037    0.577641    6.920309 v _0835_/X (sky130_fd_sc_hd__a211o_1)
                                                         _0332_ (net)
                      0.158038    0.000779    6.921088 v _0838_/A1 (sky130_fd_sc_hd__a211o_1)
     2    0.004546    0.103097    0.541437    7.462525 v _0838_/X (sky130_fd_sc_hd__a211o_1)
                                                         _0335_ (net)
                      0.103097    0.000246    7.462771 v _0839_/A (sky130_fd_sc_hd__and3_1)
     3    0.008289    0.115417    0.355100    7.817871 v _0839_/X (sky130_fd_sc_hd__and3_1)
                                                         _0336_ (net)
                      0.115417    0.000425    7.818296 v _0887_/A2 (sky130_fd_sc_hd__a21o_1)
     2    0.008644    0.105801    0.382172    8.200468 v _0887_/X (sky130_fd_sc_hd__a21o_1)
                                                         _0382_ (net)
                      0.105802    0.000584    8.201053 v _0927_/A1 (sky130_fd_sc_hd__o311a_4)
     3    0.016546    0.118187    0.727741    8.928794 v _0927_/X (sky130_fd_sc_hd__o311a_4)
                                                         _0422_ (net)
                      0.118197    0.001158    8.929952 v _0968_/B (sky130_fd_sc_hd__nor2_1)
     1    0.004794    0.182928    0.201592    9.131544 ^ _0968_/Y (sky130_fd_sc_hd__nor2_1)
                                                         _0462_ (net)
                      0.182928    0.000226    9.131769 ^ _0969_/B (sky130_fd_sc_hd__xnor2_1)
     2    0.011310    0.217302    0.258698    9.390468 v _0969_/Y (sky130_fd_sc_hd__xnor2_1)
                                                         _0463_ (net)
                      0.217302    0.000894    9.391361 v _0970_/A1 (sky130_fd_sc_hd__mux2_1)
     1    0.002731    0.109355    0.706182   10.097543 v _0970_/X (sky130_fd_sc_hd__mux2_1)
                                                         _0018_ (net)
                      0.109355    0.000182   10.097725 v _1054_/D (sky130_fd_sc_hd__dfrtp_1)
                                             10.097725   data arrival time

                                 10.000000   10.000000   clock clk (rise edge)
                                  0.000000   10.000000   clock source latency
     1    0.013667    0.106385    0.071061   10.071061 ^ clk (in)
                                                         clk (net)
                      0.106405    0.000000   10.071061 ^ clkbuf_0_clk/A (sky130_fd_sc_hd__clkbuf_16)
     4    0.042516    0.097035    0.269400   10.340461 ^ clkbuf_0_clk/X (sky130_fd_sc_hd__clkbuf_16)
                                                         clknet_0_clk (net)
                      0.097139    0.001642   10.342103 ^ clkbuf_2_2__f_clk/A (sky130_fd_sc_hd__clkbuf_16)
    11    0.032699    0.084310    0.251076   10.593179 ^ clkbuf_2_2__f_clk/X (sky130_fd_sc_hd__clkbuf_16)
                                                         clknet_2_2__leaf_clk (net)
                      0.084405    0.002490   10.595670 ^ _1054_/CLK (sky130_fd_sc_hd__dfrtp_1)
                                 -0.250000   10.345670   clock uncertainty
                                  0.000000   10.345670   clock reconvergence pessimism
                                 -0.289135   10.056535   library setup time
                                             10.056535   data required time
---------------------------------------------------------------------------------------------
                                             10.056535   data required time
                                            -10.097725   data arrival time
---------------------------------------------------------------------------------------------
                                             -0.041190   slack (VIOLATED)


Startpoint: weight_in[1] (input port clocked by clk)
Endpoint: _1052_ (rising edge-triggered flip-flop clocked by clk)
Path Group: clk
Path Type: max

Fanout         Cap        Slew       Delay        Time   Description
---------------------------------------------------------------------------------------------
                                  0.000000    0.000000   clock clk (rise edge)
                                  0.000000    0.000000   clock network delay (propagated)
                                  2.000000    2.000000 ^ input external delay
     1    0.003208    0.034954    0.018021    2.018021 ^ weight_in[1] (in)
                                                         weight_in[1] (net)
                      0.034954    0.000000    2.018021 ^ input12/A (sky130_fd_sc_hd__clkbuf_1)
     1    0.004541    0.102733    0.157677    2.175698 ^ input12/X (sky130_fd_sc_hd__clkbuf_1)
                                                         net12 (net)
                      0.102733    0.000317    2.176015 ^ fanout74/A (sky130_fd_sc_hd__buf_2)
     9    0.050678    0.395243    0.440251    2.616266 ^ fanout74/X (sky130_fd_sc_hd__buf_2)
                                                         net74 (net)
                      0.395249    0.001315    2.617581 ^ fanout73/A (sky130_fd_sc_hd__buf_4)
    10    0.032348    0.159014    0.414060    3.031641 ^ fanout73/X (sky130_fd_sc_hd__buf_4)
                                                         net73 (net)
                      0.159061    0.002672    3.034312 ^ _0587_/C_N (sky130_fd_sc_hd__or4bb_4)
     2    0.009056    0.171598    1.106683    4.140995 v _0587_/X (sky130_fd_sc_hd__or4bb_4)
                                                         _0090_ (net)
                      0.171598    0.000431    4.141426 v _0590_/A2 (sky130_fd_sc_hd__a211o_1)
     3    0.008783    0.138117    0.640946    4.782372 v _0590_/X (sky130_fd_sc_hd__a211o_1)
                                                         _0093_ (net)
                      0.138117    0.000484    4.782856 v _0621_/A2 (sky130_fd_sc_hd__a21bo_1)
     2    0.006262    0.089747    0.395754    5.178610 v _0621_/X (sky130_fd_sc_hd__a21bo_1)
                                                         _0123_ (net)
                      0.089772    0.000412    5.179022 v _0623_/B1 (sky130_fd_sc_hd__a21o_1)
     3    0.008240    0.102614    0.328674    5.507696 v _0623_/X (sky130_fd_sc_hd__a21o_1)
                                                         _0125_ (net)
                      0.102614    0.000426    5.508122 v _0661_/A2 (sky130_fd_sc_hd__a21bo_1)
     2    0.004953    0.080126    0.371052    5.879174 v _0661_/X (sky130_fd_sc_hd__a21bo_1)
                                                         _0162_ (net)
                      0.080126    0.000155    5.879328 v _0662_/C (sky130_fd_sc_hd__and3_1)
     2    0.008103    0.113904    0.412258    6.291586 v _0662_/X (sky130_fd_sc_hd__and3_1)
                                                         _0163_ (net)
                      0.113904    0.000488    6.292074 v _0664_/A_N (sky130_fd_sc_hd__and2b_1)
     1    0.005108    0.100262    0.411794    6.703868 ^ _0664_/X (sky130_fd_sc_hd__and2b_1)
                                                         _0165_ (net)
                      0.100262    0.000246    6.704115 ^ _0665_/B (sky130_fd_sc_hd__xnor2_1)
     2    0.009782    0.193715    0.209130    6.913244 v _0665_/Y (sky130_fd_sc_hd__xnor2_1)
                                                         _0166_ (net)
                      0.193715    0.000712    6.913956 v _0666_/B (sky130_fd_sc_hd__or2_4)
     5    0.013905    0.103434    0.519920    7.433876 v _0666_/X (sky130_fd_sc_hd__or2_4)
                                                         _0167_ (net)
                      0.103434    0.000821    7.434697 v _0710_/A (sky130_fd_sc_hd__and4_1)
     3    0.008235    0.116501    0.364032    7.798729 v _0710_/X (sky130_fd_sc_hd__and4_1)
                                                         _0210_ (net)
                      0.116502    0.000539    7.799268 v _0842_/A1 (sky130_fd_sc_hd__o211a_1)
     3    0.011005    0.143323    0.499029    8.298297 v _0842_/X (sky130_fd_sc_hd__o211a_1)
                                                         _0339_ (net)
                      0.143323    0.000401    8.298698 v _0844_/A (sky130_fd_sc_hd__nor2_1)
     2    0.009945    0.324373    0.344416    8.643115 ^ _0844_/Y (sky130_fd_sc_hd__nor2_1)
                                                         _0341_ (net)
                      0.324374    0.000504    8.643619 ^ _0845_/A (sky130_fd_sc_hd__inv_2)
     1    0.003410    0.063464    0.122275    8.765893 v _0845_/Y (sky130_fd_sc_hd__inv_2)
                                                         _0342_ (net)
                      0.063464    0.000140    8.766033 v _0848_/A2 (sky130_fd_sc_hd__a21oi_1)
     1    0.005118    0.235370    0.276651    9.042685 ^ _0848_/Y (sky130_fd_sc_hd__a21oi_1)
                                                         _0344_ (net)
                      0.235370    0.000249    9.042933 ^ _0885_/A (sky130_fd_sc_hd__xnor2_1)
     2    0.012594    0.238041    0.314672    9.357605 v _0885_/Y (sky130_fd_sc_hd__xnor2_1)
                                                         _0381_ (net)
                      0.238042    0.001013    9.358618 v _0886_/A1 (sky130_fd_sc_hd__mux2_1)
     1    0.003442    0.116598    0.727221   10.085839 v _0886_/X (sky130_fd_sc_hd__mux2_1)
                                                         _0016_ (net)
                      0.116598    0.000258   10.086098 v _1052_/D (sky130_fd_sc_hd__dfrtp_1)
                                             10.086098   data arrival time

                                 10.000000   10.000000   clock clk (rise edge)
                                  0.000000   10.000000   clock source latency
     1    0.013667    0.106385    0.071061   10.071061 ^ clk (in)
                                                         clk (net)
                      0.106405    0.000000   10.071061 ^ clkbuf_0_clk/A (sky130_fd_sc_hd__clkbuf_16)
     4    0.042516    0.097035    0.269400   10.340461 ^ clkbuf_0_clk/X (sky130_fd_sc_hd__clkbuf_16)
                                                         clknet_0_clk (net)
                      0.097139    0.001642   10.342103 ^ clkbuf_2_2__f_clk/A (sky130_fd_sc_hd__clkbuf_16)
    11    0.032699    0.084310    0.251076   10.593179 ^ clkbuf_2_2__f_clk/X (sky130_fd_sc_hd__clkbuf_16)
                                                         clknet_2_2__leaf_clk (net)
                      0.084355    0.001816   10.594995 ^ _1052_/CLK (sky130_fd_sc_hd__dfrtp_1)
                                 -0.250000   10.344995   clock uncertainty
                                  0.000000   10.344995   clock reconvergence pessimism
                                 -0.292168   10.052827   library setup time
                                             10.052827   data required time
---------------------------------------------------------------------------------------------
                                             10.052827   data required time
                                            -10.086098   data arrival time
---------------------------------------------------------------------------------------------
                                             -0.033270   slack (VIOLATED)


Startpoint: weight_in[0] (input port clocked by clk)
Endpoint: _1072_ (rising edge-triggered flip-flop clocked by clk)
Path Group: clk
Path Type: max

Fanout         Cap        Slew       Delay        Time   Description
---------------------------------------------------------------------------------------------
                                  0.000000    0.000000   clock clk (rise edge)
                                  0.000000    0.000000   clock network delay (propagated)
                                  2.000000    2.000000 v input external delay
     1    0.002919    0.018911    0.009655    2.009655 v weight_in[0] (in)
                                                         weight_in[0] (net)
                      0.018912    0.000000    2.009655 v input11/A (sky130_fd_sc_hd__clkbuf_2)
     6    0.026529    0.190670    0.274644    2.284299 v input11/X (sky130_fd_sc_hd__clkbuf_2)
                                                         net11 (net)
                      0.190716    0.002870    2.287169 v fanout76/A (sky130_fd_sc_hd__clkbuf_2)
    10    0.033061    0.233655    0.386527    2.673697 v fanout76/X (sky130_fd_sc_hd__clkbuf_2)
                                                         net76 (net)
                      0.233681    0.002544    2.676240 v _0813_/A (sky130_fd_sc_hd__and3_1)
     3    0.008288    0.115418    0.417699    3.093939 v _0813_/X (sky130_fd_sc_hd__and3_1)
                                                         _0310_ (net)
                      0.115418    0.000290    3.094229 v _0815_/A (sky130_fd_sc_hd__or3_4)
     3    0.014982    0.147392    0.820473    3.914701 v _0815_/X (sky130_fd_sc_hd__or3_4)
                                                         _0312_ (net)
                      0.147392    0.000894    3.915595 v _0818_/A2 (sky130_fd_sc_hd__a211oi_4)
     1    0.010587    0.343804    0.484060    4.399655 ^ _0818_/Y (sky130_fd_sc_hd__a211oi_4)
                                                         _0315_ (net)
                      0.343804    0.000854    4.400509 ^ _0819_/A (sky130_fd_sc_hd__nor2_4)
     2    0.011562    0.084924    0.169717    4.570226 v _0819_/Y (sky130_fd_sc_hd__nor2_4)
                                                         _0316_ (net)
                      0.084926    0.000771    4.570997 v _0826_/B (sky130_fd_sc_hd__xnor2_2)
     2    0.011302    0.171077    0.283762    4.854759 v _0826_/Y (sky130_fd_sc_hd__xnor2_2)
                                                         _0323_ (net)
                      0.171080    0.000871    4.855630 v _0829_/B (sky130_fd_sc_hd__xnor2_2)
     2    0.006940    0.115448    0.293860    5.149490 v _0829_/Y (sky130_fd_sc_hd__xnor2_2)
                                                         _0326_ (net)
                      0.115448    0.000429    5.149920 v _0830_/A (sky130_fd_sc_hd__or2_4)
     4    0.021816    0.125552    0.552668    5.702588 v _0830_/X (sky130_fd_sc_hd__or2_4)
                                                         _0327_ (net)
                      0.125558    0.001013    5.703600 v _0833_/A2 (sky130_fd_sc_hd__a211o_4)
     2    0.011915    0.095671    0.638353    6.341953 v _0833_/X (sky130_fd_sc_hd__a211o_4)
                                                         _0330_ (net)
                      0.095671    0.000715    6.342669 v _0835_/A1 (sky130_fd_sc_hd__a211o_1)
     3    0.010934    0.158037    0.577641    6.920309 v _0835_/X (sky130_fd_sc_hd__a211o_1)
                                                         _0332_ (net)
                      0.158038    0.000779    6.921088 v _0838_/A1 (sky130_fd_sc_hd__a211o_1)
     2    0.004546    0.103097    0.541437    7.462525 v _0838_/X (sky130_fd_sc_hd__a211o_1)
                                                         _0335_ (net)
                      0.103097    0.000246    7.462771 v _0839_/A (sky130_fd_sc_hd__and3_1)
     3    0.008289    0.115417    0.355100    7.817871 v _0839_/X (sky130_fd_sc_hd__and3_1)
                                                         _0336_ (net)
                      0.115417    0.000425    7.818296 v _0887_/A2 (sky130_fd_sc_hd__a21o_1)
     2    0.008644    0.105801    0.382172    8.200468 v _0887_/X (sky130_fd_sc_hd__a21o_1)
                                                         _0382_ (net)
                      0.105802    0.000584    8.201053 v _0927_/A1 (sky130_fd_sc_hd__o311a_4)
     3    0.016546    0.118187    0.727741    8.928794 v _0927_/X (sky130_fd_sc_hd__o311a_4)
                                                         _0422_ (net)
                      0.118198    0.001209    8.930003 v _0999_/C (sky130_fd_sc_hd__nor3_4)
     2    0.010498    0.285527    0.269361    9.199365 ^ _0999_/Y (sky130_fd_sc_hd__nor3_4)
                                                         _0492_ (net)
                      0.285528    0.000662    9.200026 ^ _1003_/A1 (sky130_fd_sc_hd__o31ai_2)
     1    0.004857    0.110635    0.227582    9.427608 v _1003_/Y (sky130_fd_sc_hd__o31ai_2)
                                                         _0495_ (net)
                      0.110635    0.000360    9.427968 v _1018_/B (sky130_fd_sc_hd__xnor2_1)
     2    0.007485    0.183458    0.275582    9.703550 v _1018_/Y (sky130_fd_sc_hd__xnor2_1)
                                                         _0510_ (net)
                      0.183458    0.000428    9.703979 v _1035_/B2 (sky130_fd_sc_hd__a22o_1)
     1    0.002700    0.070120    0.396453   10.100431 v _1035_/X (sky130_fd_sc_hd__a22o_1)
                                                         _0036_ (net)
                      0.070120    0.000172   10.100603 v _1072_/D (sky130_fd_sc_hd__dfrtp_1)
                                             10.100603   data arrival time

                                 10.000000   10.000000   clock clk (rise edge)
                                  0.000000   10.000000   clock source latency
     1    0.013667    0.106385    0.071061   10.071061 ^ clk (in)
                                                         clk (net)
                      0.106405    0.000000   10.071061 ^ clkbuf_0_clk/A (sky130_fd_sc_hd__clkbuf_16)
     4    0.042516    0.097035    0.269400   10.340461 ^ clkbuf_0_clk/X (sky130_fd_sc_hd__clkbuf_16)
                                                         clknet_0_clk (net)
                      0.097139    0.001642   10.342103 ^ clkbuf_2_2__f_clk/A (sky130_fd_sc_hd__clkbuf_16)
    11    0.032699    0.084310    0.251076   10.593179 ^ clkbuf_2_2__f_clk/X (sky130_fd_sc_hd__clkbuf_16)
                                                         clknet_2_2__leaf_clk (net)
                      0.084364    0.001958   10.595138 ^ _1072_/CLK (sky130_fd_sc_hd__dfrtp_1)
                                 -0.250000   10.345138   clock uncertainty
                                  0.000000   10.345138   clock reconvergence pessimism
                                 -0.272786   10.072351   library setup time
                                             10.072351   data required time
---------------------------------------------------------------------------------------------
                                             10.072351   data required time
                                            -10.100603   data arrival time
---------------------------------------------------------------------------------------------
                                             -0.028252   slack (VIOLATED)


Startpoint: weight_in[1] (input port clocked by clk)
Endpoint: _1053_ (rising edge-triggered flip-flop clocked by clk)
Path Group: clk
Path Type: max

Fanout         Cap        Slew       Delay        Time   Description
---------------------------------------------------------------------------------------------
                                  0.000000    0.000000   clock clk (rise edge)
                                  0.000000    0.000000   clock network delay (propagated)
                                  2.000000    2.000000 ^ input external delay
     1    0.003208    0.034954    0.018021    2.018021 ^ weight_in[1] (in)
                                                         weight_in[1] (net)
                      0.034954    0.000000    2.018021 ^ input12/A (sky130_fd_sc_hd__clkbuf_1)
     1    0.004541    0.102733    0.157677    2.175698 ^ input12/X (sky130_fd_sc_hd__clkbuf_1)
                                                         net12 (net)
                      0.102733    0.000317    2.176015 ^ fanout74/A (sky130_fd_sc_hd__buf_2)
     9    0.050678    0.395243    0.440251    2.616266 ^ fanout74/X (sky130_fd_sc_hd__buf_2)
                                                         net74 (net)
                      0.395249    0.001315    2.617581 ^ fanout73/A (sky130_fd_sc_hd__buf_4)
    10    0.032348    0.159014    0.414060    3.031641 ^ fanout73/X (sky130_fd_sc_hd__buf_4)
                                                         net73 (net)
                      0.159061    0.002672    3.034312 ^ _0587_/C_N (sky130_fd_sc_hd__or4bb_4)
     2    0.009056    0.171598    1.106683    4.140995 v _0587_/X (sky130_fd_sc_hd__or4bb_4)
                                                         _0090_ (net)
                      0.171598    0.000431    4.141426 v _0590_/A2 (sky130_fd_sc_hd__a211o_1)
     3    0.008783    0.138117    0.640946    4.782372 v _0590_/X (sky130_fd_sc_hd__a211o_1)
                                                         _0093_ (net)
                      0.138117    0.000484    4.782856 v _0621_/A2 (sky130_fd_sc_hd__a21bo_1)
     2    0.006262    0.089747    0.395754    5.178610 v _0621_/X (sky130_fd_sc_hd__a21bo_1)
                                                         _0123_ (net)
                      0.089772    0.000412    5.179022 v _0623_/B1 (sky130_fd_sc_hd__a21o_1)
     3    0.008240    0.102614    0.328674    5.507696 v _0623_/X (sky130_fd_sc_hd__a21o_1)
                                                         _0125_ (net)
                      0.102614    0.000426    5.508122 v _0661_/A2 (sky130_fd_sc_hd__a21bo_1)
     2    0.004953    0.080126    0.371052    5.879174 v _0661_/X (sky130_fd_sc_hd__a21bo_1)
                                                         _0162_ (net)
                      0.080126    0.000155    5.879328 v _0662_/C (sky130_fd_sc_hd__and3_1)
     2    0.008103    0.113904    0.412258    6.291586 v _0662_/X (sky130_fd_sc_hd__and3_1)
                                                         _0163_ (net)
                      0.113904    0.000488    6.292074 v _0664_/A_N (sky130_fd_sc_hd__and2b_1)
     1    0.005108    0.100262    0.411794    6.703868 ^ _0664_/X (sky130_fd_sc_hd__and2b_1)
                                                         _0165_ (net)
                      0.100262    0.000246    6.704115 ^ _0665_/B (sky130_fd_sc_hd__xnor2_1)
     2    0.009782    0.193715    0.209130    6.913244 v _0665_/Y (sky130_fd_sc_hd__xnor2_1)
                                                         _0166_ (net)
                      0.193715    0.000712    6.913956 v _0666_/B (sky130_fd_sc_hd__or2_4)
     5    0.013905    0.103434    0.519920    7.433876 v _0666_/X (sky130_fd_sc_hd__or2_4)
                                                         _0167_ (net)
                      0.103434    0.000821    7.434697 v _0710_/A (sky130_fd_sc_hd__and4_1)
     3    0.008235    0.116501    0.364032    7.798729 v _0710_/X (sky130_fd_sc_hd__and4_1)
                                                         _0210_ (net)
                      0.116502    0.000539    7.799268 v _0842_/A1 (sky130_fd_sc_hd__o211a_1)
     3    0.011005    0.143323    0.499029    8.298297 v _0842_/X (sky130_fd_sc_hd__o211a_1)
                                                         _0339_ (net)
                      0.143323    0.000363    8.298660 v _0889_/A1 (sky130_fd_sc_hd__o31a_1)
     1    0.005013    0.105012    0.606053    8.904714 v _0889_/X (sky130_fd_sc_hd__o31a_1)
                                                         _0384_ (net)
                      0.105012    0.000330    8.905044 v _0928_/A (sky130_fd_sc_hd__nor2_1)
     1    0.005456    0.202559    0.235347    9.140391 ^ _0928_/Y (sky130_fd_sc_hd__nor2_1)
                                                         _0423_ (net)
                      0.202559    0.000501    9.140892 ^ _0929_/B (sky130_fd_sc_hd__nor2_1)
     2    0.009247    0.098291    0.171966    9.312858 v _0929_/Y (sky130_fd_sc_hd__nor2_1)
                                                         _0424_ (net)
                      0.098296    0.000819    9.313676 v _0930_/A1 (sky130_fd_sc_hd__mux2_1)
     1    0.003699    0.119529    0.675903    9.989579 v _0930_/X (sky130_fd_sc_hd__mux2_1)
                                                         _0017_ (net)
                      0.119529    0.000246    9.989825 v _1053_/D (sky130_fd_sc_hd__dfrtp_1)
                                              9.989825   data arrival time

                                 10.000000   10.000000   clock clk (rise edge)
                                  0.000000   10.000000   clock source latency
     1    0.013667    0.106385    0.071061   10.071061 ^ clk (in)
                                                         clk (net)
                      0.106405    0.000000   10.071061 ^ clkbuf_0_clk/A (sky130_fd_sc_hd__clkbuf_16)
     4    0.042516    0.097035    0.269400   10.340461 ^ clkbuf_0_clk/X (sky130_fd_sc_hd__clkbuf_16)
                                                         clknet_0_clk (net)
                      0.097139    0.001642   10.342103 ^ clkbuf_2_2__f_clk/A (sky130_fd_sc_hd__clkbuf_16)
    11    0.032699    0.084310    0.251076   10.593179 ^ clkbuf_2_2__f_clk/X (sky130_fd_sc_hd__clkbuf_16)
                                                         clknet_2_2__leaf_clk (net)
                      0.084397    0.002399   10.595578 ^ _1053_/CLK (sky130_fd_sc_hd__dfrtp_1)
                                 -0.250000   10.345578   clock uncertainty
                                  0.000000   10.345578   clock reconvergence pessimism
                                 -0.293378   10.052199   library setup time
                                             10.052199   data required time
---------------------------------------------------------------------------------------------
                                             10.052199   data required time
                                             -9.989825   data arrival time
---------------------------------------------------------------------------------------------
                                              0.062374   slack (MET)


Startpoint: weight_in[0] (input port clocked by clk)
Endpoint: _1071_ (rising edge-triggered flip-flop clocked by clk)
Path Group: clk
Path Type: max

Fanout         Cap        Slew       Delay        Time   Description
---------------------------------------------------------------------------------------------
                                  0.000000    0.000000   clock clk (rise edge)
                                  0.000000    0.000000   clock network delay (propagated)
                                  2.000000    2.000000 v input external delay
     1    0.002919    0.018911    0.009655    2.009655 v weight_in[0] (in)
                                                         weight_in[0] (net)
                      0.018912    0.000000    2.009655 v input11/A (sky130_fd_sc_hd__clkbuf_2)
     6    0.026529    0.190670    0.274644    2.284299 v input11/X (sky130_fd_sc_hd__clkbuf_2)
                                                         net11 (net)
                      0.190716    0.002870    2.287169 v fanout76/A (sky130_fd_sc_hd__clkbuf_2)
    10    0.033061    0.233655    0.386527    2.673697 v fanout76/X (sky130_fd_sc_hd__clkbuf_2)
                                                         net76 (net)
                      0.233681    0.002544    2.676240 v _0813_/A (sky130_fd_sc_hd__and3_1)
     3    0.008288    0.115418    0.417699    3.093939 v _0813_/X (sky130_fd_sc_hd__and3_1)
                                                         _0310_ (net)
                      0.115418    0.000290    3.094229 v _0815_/A (sky130_fd_sc_hd__or3_4)
     3    0.014982    0.147392    0.820473    3.914701 v _0815_/X (sky130_fd_sc_hd__or3_4)
                                                         _0312_ (net)
                      0.147392    0.000894    3.915595 v _0818_/A2 (sky130_fd_sc_hd__a211oi_4)
     1    0.010587    0.343804    0.484060    4.399655 ^ _0818_/Y (sky130_fd_sc_hd__a211oi_4)
                                                         _0315_ (net)
                      0.343804    0.000854    4.400509 ^ _0819_/A (sky130_fd_sc_hd__nor2_4)
     2    0.011562    0.084924    0.169717    4.570226 v _0819_/Y (sky130_fd_sc_hd__nor2_4)
                                                         _0316_ (net)
                      0.084926    0.000771    4.570997 v _0826_/B (sky130_fd_sc_hd__xnor2_2)
     2    0.011302    0.171077    0.283762    4.854759 v _0826_/Y (sky130_fd_sc_hd__xnor2_2)
                                                         _0323_ (net)
                      0.171080    0.000871    4.855630 v _0829_/B (sky130_fd_sc_hd__xnor2_2)
     2    0.006940    0.115448    0.293860    5.149490 v _0829_/Y (sky130_fd_sc_hd__xnor2_2)
                                                         _0326_ (net)
                      0.115448    0.000429    5.149920 v _0830_/A (sky130_fd_sc_hd__or2_4)
     4    0.021816    0.125552    0.552668    5.702588 v _0830_/X (sky130_fd_sc_hd__or2_4)
                                                         _0327_ (net)
                      0.125558    0.001013    5.703600 v _0833_/A2 (sky130_fd_sc_hd__a211o_4)
     2    0.011915    0.095671    0.638353    6.341953 v _0833_/X (sky130_fd_sc_hd__a211o_4)
                                                         _0330_ (net)
                      0.095671    0.000715    6.342669 v _0835_/A1 (sky130_fd_sc_hd__a211o_1)
     3    0.010934    0.158037    0.577641    6.920309 v _0835_/X (sky130_fd_sc_hd__a211o_1)
                                                         _0332_ (net)
                      0.158038    0.000779    6.921088 v _0838_/A1 (sky130_fd_sc_hd__a211o_1)
     2    0.004546    0.103097    0.541437    7.462525 v _0838_/X (sky130_fd_sc_hd__a211o_1)
                                                         _0335_ (net)
                      0.103097    0.000246    7.462771 v _0839_/A (sky130_fd_sc_hd__and3_1)
     3    0.008289    0.115417    0.355100    7.817871 v _0839_/X (sky130_fd_sc_hd__and3_1)
                                                         _0336_ (net)
                      0.115417    0.000425    7.818296 v _0887_/A2 (sky130_fd_sc_hd__a21o_1)
     2    0.008644    0.105801    0.382172    8.200468 v _0887_/X (sky130_fd_sc_hd__a21o_1)
                                                         _0382_ (net)
                      0.105802    0.000584    8.201053 v _0927_/A1 (sky130_fd_sc_hd__o311a_4)
     3    0.016546    0.118187    0.727741    8.928794 v _0927_/X (sky130_fd_sc_hd__o311a_4)
                                                         _0422_ (net)
                      0.118198    0.001209    8.930003 v _0999_/C (sky130_fd_sc_hd__nor3_4)
     2    0.010498    0.285527    0.269361    9.199365 ^ _0999_/Y (sky130_fd_sc_hd__nor3_4)
                                                         _0492_ (net)
                      0.285528    0.000616    9.199980 ^ _1000_/A (sky130_fd_sc_hd__nor2_2)
     1    0.009079    0.084925    0.171871    9.371851 v _1000_/Y (sky130_fd_sc_hd__nor2_2)
                                                         _0493_ (net)
                      0.084931    0.000712    9.372563 v _1001_/B (sky130_fd_sc_hd__xnor2_2)
     2    0.006703    0.113357    0.253507    9.626071 v _1001_/Y (sky130_fd_sc_hd__xnor2_2)
                                                         _0494_ (net)
                      0.113358    0.000523    9.626594 v _1034_/B2 (sky130_fd_sc_hd__a22o_1)
     1    0.002472    0.068004    0.365713    9.992307 v _1034_/X (sky130_fd_sc_hd__a22o_1)
                                                         _0035_ (net)
                      0.068004    0.000163    9.992470 v _1071_/D (sky130_fd_sc_hd__dfrtp_1)
                                              9.992470   data arrival time

                                 10.000000   10.000000   clock clk (rise edge)
                                  0.000000   10.000000   clock source latency
     1    0.013667    0.106385    0.071061   10.071061 ^ clk (in)
                                                         clk (net)
                      0.106405    0.000000   10.071061 ^ clkbuf_0_clk/A (sky130_fd_sc_hd__clkbuf_16)
     4    0.042516    0.097035    0.269400   10.340461 ^ clkbuf_0_clk/X (sky130_fd_sc_hd__clkbuf_16)
                                                         clknet_0_clk (net)
                      0.097136    0.001585   10.342047 ^ clkbuf_2_3__f_clk/A (sky130_fd_sc_hd__clkbuf_16)
    11    0.034762    0.087318    0.253585   10.595632 ^ clkbuf_2_3__f_clk/X (sky130_fd_sc_hd__clkbuf_16)
                                                         clknet_2_3__leaf_clk (net)
                      0.087538    0.003761   10.599393 ^ _1071_/CLK (sky130_fd_sc_hd__dfrtp_1)
                                 -0.250000   10.349393   clock uncertainty
                                  0.000000   10.349393   clock reconvergence pessimism
                                 -0.271058   10.078335   library setup time
                                             10.078335   data required time
---------------------------------------------------------------------------------------------
                                             10.078335   data required time
                                             -9.992470   data arrival time
---------------------------------------------------------------------------------------------
                                              0.085866   slack (MET)


Startpoint: weight_in[0] (input port clocked by clk)
Endpoint: _1070_ (rising edge-triggered flip-flop clocked by clk)
Path Group: clk
Path Type: max

Fanout         Cap        Slew       Delay        Time   Description
---------------------------------------------------------------------------------------------
                                  0.000000    0.000000   clock clk (rise edge)
                                  0.000000    0.000000   clock network delay (propagated)
                                  2.000000    2.000000 v input external delay
     1    0.002919    0.018911    0.009655    2.009655 v weight_in[0] (in)
                                                         weight_in[0] (net)
                      0.018912    0.000000    2.009655 v input11/A (sky130_fd_sc_hd__clkbuf_2)
     6    0.026529    0.190670    0.274644    2.284299 v input11/X (sky130_fd_sc_hd__clkbuf_2)
                                                         net11 (net)
                      0.190716    0.002870    2.287169 v fanout76/A (sky130_fd_sc_hd__clkbuf_2)
    10    0.033061    0.233655    0.386527    2.673697 v fanout76/X (sky130_fd_sc_hd__clkbuf_2)
                                                         net76 (net)
                      0.233681    0.002544    2.676240 v _0813_/A (sky130_fd_sc_hd__and3_1)
     3    0.008288    0.115418    0.417699    3.093939 v _0813_/X (sky130_fd_sc_hd__and3_1)
                                                         _0310_ (net)
                      0.115418    0.000290    3.094229 v _0815_/A (sky130_fd_sc_hd__or3_4)
     3    0.014982    0.147392    0.820473    3.914701 v _0815_/X (sky130_fd_sc_hd__or3_4)
                                                         _0312_ (net)
                      0.147392    0.000894    3.915595 v _0818_/A2 (sky130_fd_sc_hd__a211oi_4)
     1    0.010587    0.343804    0.484060    4.399655 ^ _0818_/Y (sky130_fd_sc_hd__a211oi_4)
                                                         _0315_ (net)
                      0.343804    0.000854    4.400509 ^ _0819_/A (sky130_fd_sc_hd__nor2_4)
     2    0.011562    0.084924    0.169717    4.570226 v _0819_/Y (sky130_fd_sc_hd__nor2_4)
                                                         _0316_ (net)
                      0.084926    0.000771    4.570997 v _0826_/B (sky130_fd_sc_hd__xnor2_2)
     2    0.011302    0.171077    0.283762    4.854759 v _0826_/Y (sky130_fd_sc_hd__xnor2_2)
                                                         _0323_ (net)
                      0.171080    0.000871    4.855630 v _0829_/B (sky130_fd_sc_hd__xnor2_2)
     2    0.006940    0.115448    0.293860    5.149490 v _0829_/Y (sky130_fd_sc_hd__xnor2_2)
                                                         _0326_ (net)
                      0.115448    0.000429    5.149920 v _0830_/A (sky130_fd_sc_hd__or2_4)
     4    0.021816    0.125552    0.552668    5.702588 v _0830_/X (sky130_fd_sc_hd__or2_4)
                                                         _0327_ (net)
                      0.125558    0.001013    5.703600 v _0833_/A2 (sky130_fd_sc_hd__a211o_4)
     2    0.011915    0.095671    0.638353    6.341953 v _0833_/X (sky130_fd_sc_hd__a211o_4)
                                                         _0330_ (net)
                      0.095671    0.000715    6.342669 v _0835_/A1 (sky130_fd_sc_hd__a211o_1)
     3    0.010934    0.158037    0.577641    6.920309 v _0835_/X (sky130_fd_sc_hd__a211o_1)
                                                         _0332_ (net)
                      0.158038    0.000779    6.921088 v _0838_/A1 (sky130_fd_sc_hd__a211o_1)
     2    0.004546    0.103097    0.541437    7.462525 v _0838_/X (sky130_fd_sc_hd__a211o_1)
                                                         _0335_ (net)
                      0.103097    0.000246    7.462771 v _0839_/A (sky130_fd_sc_hd__and3_1)
     3    0.008289    0.115417    0.355100    7.817871 v _0839_/X (sky130_fd_sc_hd__and3_1)
                                                         _0336_ (net)
                      0.115417    0.000425    7.818296 v _0887_/A2 (sky130_fd_sc_hd__a21o_1)
     2    0.008644    0.105801    0.382172    8.200468 v _0887_/X (sky130_fd_sc_hd__a21o_1)
                                                         _0382_ (net)
                      0.105802    0.000584    8.201053 v _0927_/A1 (sky130_fd_sc_hd__o311a_4)
     3    0.016546    0.118187    0.727741    8.928794 v _0927_/X (sky130_fd_sc_hd__o311a_4)
                                                         _0422_ (net)
                      0.118197    0.001158    8.929952 v _0968_/B (sky130_fd_sc_hd__nor2_1)
     1    0.004794    0.182928    0.201592    9.131544 ^ _0968_/Y (sky130_fd_sc_hd__nor2_1)
                                                         _0462_ (net)
                      0.182928    0.000226    9.131769 ^ _0969_/B (sky130_fd_sc_hd__xnor2_1)
     2    0.011310    0.217302    0.258698    9.390468 v _0969_/Y (sky130_fd_sc_hd__xnor2_1)
                                                         _0463_ (net)
                      0.217302    0.000727    9.391193 v _1033_/B2 (sky130_fd_sc_hd__a22o_1)
     1    0.002585    0.069114    0.408508    9.799702 v _1033_/X (sky130_fd_sc_hd__a22o_1)
                                                         _0034_ (net)
                      0.069114    0.000171    9.799872 v _1070_/D (sky130_fd_sc_hd__dfrtp_1)
                                              9.799872   data arrival time

                                 10.000000   10.000000   clock clk (rise edge)
                                  0.000000   10.000000   clock source latency
     1    0.013667    0.106385    0.071061   10.071061 ^ clk (in)
                                                         clk (net)
                      0.106405    0.000000   10.071061 ^ clkbuf_0_clk/A (sky130_fd_sc_hd__clkbuf_16)
     4    0.042516    0.097035    0.269400   10.340461 ^ clkbuf_0_clk/X (sky130_fd_sc_hd__clkbuf_16)
                                                         clknet_0_clk (net)
                      0.097136    0.001585   10.342047 ^ clkbuf_2_3__f_clk/A (sky130_fd_sc_hd__clkbuf_16)
    11    0.034762    0.087318    0.253585   10.595632 ^ clkbuf_2_3__f_clk/X (sky130_fd_sc_hd__clkbuf_16)
                                                         clknet_2_3__leaf_clk (net)
                      0.087343    0.001537   10.597169 ^ _1070_/CLK (sky130_fd_sc_hd__dfrtp_1)
                                 -0.250000   10.347169   clock uncertainty
                                  0.000000   10.347169   clock reconvergence pessimism
                                 -0.271573   10.075596   library setup time
                                             10.075596   data required time
---------------------------------------------------------------------------------------------
                                             10.075596   data required time
                                             -9.799872   data arrival time
---------------------------------------------------------------------------------------------
                                              0.275723   slack (MET)


Startpoint: weight_in[1] (input port clocked by clk)
Endpoint: _1068_ (rising edge-triggered flip-flop clocked by clk)
Path Group: clk
Path Type: max

Fanout         Cap        Slew       Delay        Time   Description
---------------------------------------------------------------------------------------------
                                  0.000000    0.000000   clock clk (rise edge)
                                  0.000000    0.000000   clock network delay (propagated)
                                  2.000000    2.000000 ^ input external delay
     1    0.003208    0.034954    0.018021    2.018021 ^ weight_in[1] (in)
                                                         weight_in[1] (net)
                      0.034954    0.000000    2.018021 ^ input12/A (sky130_fd_sc_hd__clkbuf_1)
     1    0.004541    0.102733    0.157677    2.175698 ^ input12/X (sky130_fd_sc_hd__clkbuf_1)
                                                         net12 (net)
                      0.102733    0.000317    2.176015 ^ fanout74/A (sky130_fd_sc_hd__buf_2)
     9    0.050678    0.395243    0.440251    2.616266 ^ fanout74/X (sky130_fd_sc_hd__buf_2)
                                                         net74 (net)
                      0.395249    0.001315    2.617581 ^ fanout73/A (sky130_fd_sc_hd__buf_4)
    10    0.032348    0.159014    0.414060    3.031641 ^ fanout73/X (sky130_fd_sc_hd__buf_4)
                                                         net73 (net)
                      0.159061    0.002672    3.034312 ^ _0587_/C_N (sky130_fd_sc_hd__or4bb_4)
     2    0.009056    0.171598    1.106683    4.140995 v _0587_/X (sky130_fd_sc_hd__or4bb_4)
                                                         _0090_ (net)
                      0.171598    0.000431    4.141426 v _0590_/A2 (sky130_fd_sc_hd__a211o_1)
     3    0.008783    0.138117    0.640946    4.782372 v _0590_/X (sky130_fd_sc_hd__a211o_1)
                                                         _0093_ (net)
                      0.138117    0.000484    4.782856 v _0621_/A2 (sky130_fd_sc_hd__a21bo_1)
     2    0.006262    0.089747    0.395754    5.178610 v _0621_/X (sky130_fd_sc_hd__a21bo_1)
                                                         _0123_ (net)
                      0.089772    0.000412    5.179022 v _0623_/B1 (sky130_fd_sc_hd__a21o_1)
     3    0.008240    0.102614    0.328674    5.507696 v _0623_/X (sky130_fd_sc_hd__a21o_1)
                                                         _0125_ (net)
                      0.102614    0.000426    5.508122 v _0661_/A2 (sky130_fd_sc_hd__a21bo_1)
     2    0.004953    0.080126    0.371052    5.879174 v _0661_/X (sky130_fd_sc_hd__a21bo_1)
                                                         _0162_ (net)
                      0.080126    0.000155    5.879328 v _0662_/C (sky130_fd_sc_hd__and3_1)
     2    0.008103    0.113904    0.412258    6.291586 v _0662_/X (sky130_fd_sc_hd__and3_1)
                                                         _0163_ (net)
                      0.113904    0.000488    6.292074 v _0664_/A_N (sky130_fd_sc_hd__and2b_1)
     1    0.005108    0.100262    0.411794    6.703868 ^ _0664_/X (sky130_fd_sc_hd__and2b_1)
                                                         _0165_ (net)
                      0.100262    0.000246    6.704115 ^ _0665_/B (sky130_fd_sc_hd__xnor2_1)
     2    0.009782    0.193715    0.209130    6.913244 v _0665_/Y (sky130_fd_sc_hd__xnor2_1)
                                                         _0166_ (net)
                      0.193715    0.000712    6.913956 v _0666_/B (sky130_fd_sc_hd__or2_4)
     5    0.013905    0.103434    0.519920    7.433876 v _0666_/X (sky130_fd_sc_hd__or2_4)
                                                         _0167_ (net)
                      0.103434    0.000821    7.434697 v _0710_/A (sky130_fd_sc_hd__and4_1)
     3    0.008235    0.116501    0.364032    7.798729 v _0710_/X (sky130_fd_sc_hd__and4_1)
                                                         _0210_ (net)
                      0.116502    0.000539    7.799268 v _0842_/A1 (sky130_fd_sc_hd__o211a_1)
     3    0.011005    0.143323    0.499029    8.298297 v _0842_/X (sky130_fd_sc_hd__o211a_1)
                                                         _0339_ (net)
                      0.143323    0.000401    8.298698 v _0844_/A (sky130_fd_sc_hd__nor2_1)
     2    0.009945    0.324373    0.344416    8.643115 ^ _0844_/Y (sky130_fd_sc_hd__nor2_1)
                                                         _0341_ (net)
                      0.324374    0.000504    8.643619 ^ _0845_/A (sky130_fd_sc_hd__inv_2)
     1    0.003410    0.063464    0.122275    8.765893 v _0845_/Y (sky130_fd_sc_hd__inv_2)
                                                         _0342_ (net)
                      0.063464    0.000140    8.766033 v _0848_/A2 (sky130_fd_sc_hd__a21oi_1)
     1    0.005118    0.235370    0.276651    9.042685 ^ _0848_/Y (sky130_fd_sc_hd__a21oi_1)
                                                         _0344_ (net)
                      0.235370    0.000249    9.042933 ^ _0885_/A (sky130_fd_sc_hd__xnor2_1)
     2    0.012594    0.238041    0.314672    9.357605 v _0885_/Y (sky130_fd_sc_hd__xnor2_1)
                                                         _0381_ (net)
                      0.238041    0.000888    9.358493 v _1031_/B2 (sky130_fd_sc_hd__a22o_1)
     1    0.002654    0.069709    0.417868    9.776361 v _1031_/X (sky130_fd_sc_hd__a22o_1)
                                                         _0032_ (net)
                      0.069709    0.000171    9.776533 v _1068_/D (sky130_fd_sc_hd__dfrtp_1)
                                              9.776533   data arrival time

                                 10.000000   10.000000   clock clk (rise edge)
                                  0.000000   10.000000   clock source latency
     1    0.013667    0.106385    0.071061   10.071061 ^ clk (in)
                                                         clk (net)
                      0.106405    0.000000   10.071061 ^ clkbuf_0_clk/A (sky130_fd_sc_hd__clkbuf_16)
     4    0.042516    0.097035    0.269400   10.340461 ^ clkbuf_0_clk/X (sky130_fd_sc_hd__clkbuf_16)
                                                         clknet_0_clk (net)
                      0.097136    0.001585   10.342047 ^ clkbuf_2_3__f_clk/A (sky130_fd_sc_hd__clkbuf_16)
    11    0.034762    0.087318    0.253585   10.595632 ^ clkbuf_2_3__f_clk/X (sky130_fd_sc_hd__clkbuf_16)
                                                         clknet_2_3__leaf_clk (net)
                      0.087345    0.001567   10.597198 ^ _1068_/CLK (sky130_fd_sc_hd__dfrtp_1)
                                 -0.250000   10.347198   clock uncertainty
                                  0.000000   10.347198   clock reconvergence pessimism
                                 -0.271821   10.075377   library setup time
                                             10.075377   data required time
---------------------------------------------------------------------------------------------
                                             10.075377   data required time
                                             -9.776533   data arrival time
---------------------------------------------------------------------------------------------
                                              0.298845   slack (MET)


Startpoint: weight_in[1] (input port clocked by clk)
Endpoint: _1051_ (rising edge-triggered flip-flop clocked by clk)
Path Group: clk
Path Type: max

Fanout         Cap        Slew       Delay        Time   Description
---------------------------------------------------------------------------------------------
                                  0.000000    0.000000   clock clk (rise edge)
                                  0.000000    0.000000   clock network delay (propagated)
                                  2.000000    2.000000 ^ input external delay
     1    0.003208    0.034954    0.018021    2.018021 ^ weight_in[1] (in)
                                                         weight_in[1] (net)
                      0.034954    0.000000    2.018021 ^ input12/A (sky130_fd_sc_hd__clkbuf_1)
     1    0.004541    0.102733    0.157677    2.175698 ^ input12/X (sky130_fd_sc_hd__clkbuf_1)
                                                         net12 (net)
                      0.102733    0.000317    2.176015 ^ fanout74/A (sky130_fd_sc_hd__buf_2)
     9    0.050678    0.395243    0.440251    2.616266 ^ fanout74/X (sky130_fd_sc_hd__buf_2)
                                                         net74 (net)
                      0.395249    0.001315    2.617581 ^ fanout73/A (sky130_fd_sc_hd__buf_4)
    10    0.032348    0.159014    0.414060    3.031641 ^ fanout73/X (sky130_fd_sc_hd__buf_4)
                                                         net73 (net)
                      0.159061    0.002672    3.034312 ^ _0587_/C_N (sky130_fd_sc_hd__or4bb_4)
     2    0.009056    0.171598    1.106683    4.140995 v _0587_/X (sky130_fd_sc_hd__or4bb_4)
                                                         _0090_ (net)
                      0.171598    0.000431    4.141426 v _0590_/A2 (sky130_fd_sc_hd__a211o_1)
     3    0.008783    0.138117    0.640946    4.782372 v _0590_/X (sky130_fd_sc_hd__a211o_1)
                                                         _0093_ (net)
                      0.138117    0.000484    4.782856 v _0621_/A2 (sky130_fd_sc_hd__a21bo_1)
     2    0.006262    0.089747    0.395754    5.178610 v _0621_/X (sky130_fd_sc_hd__a21bo_1)
                                                         _0123_ (net)
                      0.089772    0.000412    5.179022 v _0623_/B1 (sky130_fd_sc_hd__a21o_1)
     3    0.008240    0.102614    0.328674    5.507696 v _0623_/X (sky130_fd_sc_hd__a21o_1)
                                                         _0125_ (net)
                      0.102614    0.000426    5.508122 v _0661_/A2 (sky130_fd_sc_hd__a21bo_1)
     2    0.004953    0.080126    0.371052    5.879174 v _0661_/X (sky130_fd_sc_hd__a21bo_1)
                                                         _0162_ (net)
                      0.080126    0.000155    5.879328 v _0662_/C (sky130_fd_sc_hd__and3_1)
     2    0.008103    0.113904    0.412258    6.291586 v _0662_/X (sky130_fd_sc_hd__and3_1)
                                                         _0163_ (net)
                      0.113904    0.000488    6.292074 v _0664_/A_N (sky130_fd_sc_hd__and2b_1)
     1    0.005108    0.100262    0.411794    6.703868 ^ _0664_/X (sky130_fd_sc_hd__and2b_1)
                                                         _0165_ (net)
                      0.100262    0.000246    6.704115 ^ _0665_/B (sky130_fd_sc_hd__xnor2_1)
     2    0.009782    0.193715    0.209130    6.913244 v _0665_/Y (sky130_fd_sc_hd__xnor2_1)
                                                         _0166_ (net)
                      0.193715    0.000712    6.913956 v _0666_/B (sky130_fd_sc_hd__or2_4)
     5    0.013905    0.103434    0.519920    7.433876 v _0666_/X (sky130_fd_sc_hd__or2_4)
                                                         _0167_ (net)
                      0.103434    0.000821    7.434697 v _0710_/A (sky130_fd_sc_hd__and4_1)
     3    0.008235    0.116501    0.364032    7.798729 v _0710_/X (sky130_fd_sc_hd__and4_1)
                                                         _0210_ (net)
                      0.116502    0.000539    7.799268 v _0842_/A1 (sky130_fd_sc_hd__o211a_1)
     3    0.011005    0.143323    0.499029    8.298297 v _0842_/X (sky130_fd_sc_hd__o211a_1)
                                                         _0339_ (net)
                      0.143323    0.000401    8.298698 v _0844_/A (sky130_fd_sc_hd__nor2_1)
     2    0.009945    0.324373    0.344416    8.643115 ^ _0844_/Y (sky130_fd_sc_hd__nor2_1)
                                                         _0341_ (net)
                      0.324374    0.000353    8.643469 ^ _0846_/B (sky130_fd_sc_hd__xnor2_1)
     2    0.013371    0.249305    0.334901    8.978370 v _0846_/Y (sky130_fd_sc_hd__xnor2_1)
                                                         _0343_ (net)
                      0.249311    0.001047    8.979417 v _0847_/A1 (sky130_fd_sc_hd__mux2_1)
     1    0.002160    0.103752    0.710266    9.689682 v _0847_/X (sky130_fd_sc_hd__mux2_1)
                                                         _0015_ (net)
                      0.103752    0.000102    9.689784 v _1051_/D (sky130_fd_sc_hd__dfrtp_1)
                                              9.689784   data arrival time

                                 10.000000   10.000000   clock clk (rise edge)
                                  0.000000   10.000000   clock source latency
     1    0.013667    0.106385    0.071061   10.071061 ^ clk (in)
                                                         clk (net)
                      0.106405    0.000000   10.071061 ^ clkbuf_0_clk/A (sky130_fd_sc_hd__clkbuf_16)
     4    0.042516    0.097035    0.269400   10.340461 ^ clkbuf_0_clk/X (sky130_fd_sc_hd__clkbuf_16)
                                                         clknet_0_clk (net)
                      0.097139    0.001642   10.342103 ^ clkbuf_2_2__f_clk/A (sky130_fd_sc_hd__clkbuf_16)
    11    0.032699    0.084310    0.251076   10.593179 ^ clkbuf_2_2__f_clk/X (sky130_fd_sc_hd__clkbuf_16)
                                                         clknet_2_2__leaf_clk (net)
                      0.084364    0.001961   10.595140 ^ _1051_/CLK (sky130_fd_sc_hd__dfrtp_1)
                                 -0.250000   10.345140   clock uncertainty
                                  0.000000   10.345140   clock reconvergence pessimism
                                 -0.286809   10.058331   library setup time
                                             10.058331   data required time
---------------------------------------------------------------------------------------------
                                             10.058331   data required time
                                             -9.689784   data arrival time
---------------------------------------------------------------------------------------------
                                              0.368546   slack (MET)


Startpoint: weight_in[1] (input port clocked by clk)
Endpoint: _1069_ (rising edge-triggered flip-flop clocked by clk)
Path Group: clk
Path Type: max

Fanout         Cap        Slew       Delay        Time   Description
---------------------------------------------------------------------------------------------
                                  0.000000    0.000000   clock clk (rise edge)
                                  0.000000    0.000000   clock network delay (propagated)
                                  2.000000    2.000000 ^ input external delay
     1    0.003208    0.034954    0.018021    2.018021 ^ weight_in[1] (in)
                                                         weight_in[1] (net)
                      0.034954    0.000000    2.018021 ^ input12/A (sky130_fd_sc_hd__clkbuf_1)
     1    0.004541    0.102733    0.157677    2.175698 ^ input12/X (sky130_fd_sc_hd__clkbuf_1)
                                                         net12 (net)
                      0.102733    0.000317    2.176015 ^ fanout74/A (sky130_fd_sc_hd__buf_2)
     9    0.050678    0.395243    0.440251    2.616266 ^ fanout74/X (sky130_fd_sc_hd__buf_2)
                                                         net74 (net)
                      0.395249    0.001315    2.617581 ^ fanout73/A (sky130_fd_sc_hd__buf_4)
    10    0.032348    0.159014    0.414060    3.031641 ^ fanout73/X (sky130_fd_sc_hd__buf_4)
                                                         net73 (net)
                      0.159061    0.002672    3.034312 ^ _0587_/C_N (sky130_fd_sc_hd__or4bb_4)
     2    0.009056    0.171598    1.106683    4.140995 v _0587_/X (sky130_fd_sc_hd__or4bb_4)
                                                         _0090_ (net)
                      0.171598    0.000431    4.141426 v _0590_/A2 (sky130_fd_sc_hd__a211o_1)
     3    0.008783    0.138117    0.640946    4.782372 v _0590_/X (sky130_fd_sc_hd__a211o_1)
                                                         _0093_ (net)
                      0.138117    0.000484    4.782856 v _0621_/A2 (sky130_fd_sc_hd__a21bo_1)
     2    0.006262    0.089747    0.395754    5.178610 v _0621_/X (sky130_fd_sc_hd__a21bo_1)
                                                         _0123_ (net)
                      0.089772    0.000412    5.179022 v _0623_/B1 (sky130_fd_sc_hd__a21o_1)
     3    0.008240    0.102614    0.328674    5.507696 v _0623_/X (sky130_fd_sc_hd__a21o_1)
                                                         _0125_ (net)
                      0.102614    0.000426    5.508122 v _0661_/A2 (sky130_fd_sc_hd__a21bo_1)
     2    0.004953    0.080126    0.371052    5.879174 v _0661_/X (sky130_fd_sc_hd__a21bo_1)
                                                         _0162_ (net)
                      0.080126    0.000155    5.879328 v _0662_/C (sky130_fd_sc_hd__and3_1)
     2    0.008103    0.113904    0.412258    6.291586 v _0662_/X (sky130_fd_sc_hd__and3_1)
                                                         _0163_ (net)
                      0.113904    0.000488    6.292074 v _0664_/A_N (sky130_fd_sc_hd__and2b_1)
     1    0.005108    0.100262    0.411794    6.703868 ^ _0664_/X (sky130_fd_sc_hd__and2b_1)
                                                         _0165_ (net)
                      0.100262    0.000246    6.704115 ^ _0665_/B (sky130_fd_sc_hd__xnor2_1)
     2    0.009782    0.193715    0.209130    6.913244 v _0665_/Y (sky130_fd_sc_hd__xnor2_1)
                                                         _0166_ (net)
                      0.193715    0.000712    6.913956 v _0666_/B (sky130_fd_sc_hd__or2_4)
     5    0.013905    0.103434    0.519920    7.433876 v _0666_/X (sky130_fd_sc_hd__or2_4)
                                                         _0167_ (net)
                      0.103434    0.000821    7.434697 v _0710_/A (sky130_fd_sc_hd__and4_1)
     3    0.008235    0.116501    0.364032    7.798729 v _0710_/X (sky130_fd_sc_hd__and4_1)
                                                         _0210_ (net)
                      0.116502    0.000539    7.799268 v _0842_/A1 (sky130_fd_sc_hd__o211a_1)
     3    0.011005    0.143323    0.499029    8.298297 v _0842_/X (sky130_fd_sc_hd__o211a_1)
                                                         _0339_ (net)
                      0.143323    0.000363    8.298660 v _0889_/A1 (sky130_fd_sc_hd__o31a_1)
     1    0.005013    0.105012    0.606053    8.904714 v _0889_/X (sky130_fd_sc_hd__o31a_1)
                                                         _0384_ (net)
                      0.105012    0.000330    8.905044 v _0928_/A (sky130_fd_sc_hd__nor2_1)
     1    0.005456    0.202559    0.235347    9.140391 ^ _0928_/Y (sky130_fd_sc_hd__nor2_1)
                                                         _0423_ (net)
                      0.202559    0.000501    9.140892 ^ _0929_/B (sky130_fd_sc_hd__nor2_1)
     2    0.009247    0.098291    0.171966    9.312858 v _0929_/Y (sky130_fd_sc_hd__nor2_1)
                                                         _0424_ (net)
                      0.098294    0.000724    9.313581 v _1032_/B2 (sky130_fd_sc_hd__a22o_1)
     1    0.002694    0.069999    0.362435    9.676017 v _1032_/X (sky130_fd_sc_hd__a22o_1)
                                                         _0033_ (net)
                      0.069999    0.000175    9.676191 v _1069_/D (sky130_fd_sc_hd__dfrtp_1)
                                              9.676191   data arrival time

                                 10.000000   10.000000   clock clk (rise edge)
                                  0.000000   10.000000   clock source latency
     1    0.013667    0.106385    0.071061   10.071061 ^ clk (in)
                                                         clk (net)
                      0.106405    0.000000   10.071061 ^ clkbuf_0_clk/A (sky130_fd_sc_hd__clkbuf_16)
     4    0.042516    0.097035    0.269400   10.340461 ^ clkbuf_0_clk/X (sky130_fd_sc_hd__clkbuf_16)
                                                         clknet_0_clk (net)
                      0.097136    0.001585   10.342047 ^ clkbuf_2_3__f_clk/A (sky130_fd_sc_hd__clkbuf_16)
    11    0.034762    0.087318    0.253585   10.595632 ^ clkbuf_2_3__f_clk/X (sky130_fd_sc_hd__clkbuf_16)
                                                         clknet_2_3__leaf_clk (net)
                      0.087517    0.003590   10.599221 ^ _1069_/CLK (sky130_fd_sc_hd__dfrtp_1)
                                 -0.250000   10.349221   clock uncertainty
                                  0.000000   10.349221   clock reconvergence pessimism
                                 -0.271896   10.077325   library setup time
                                             10.077325   data required time
---------------------------------------------------------------------------------------------
                                             10.077325   data required time
                                             -9.676191   data arrival time
---------------------------------------------------------------------------------------------
                                              0.401133   slack (MET)


Startpoint: weight_in[1] (input port clocked by clk)
Endpoint: _1050_ (rising edge-triggered flip-flop clocked by clk)
Path Group: clk
Path Type: max

Fanout         Cap        Slew       Delay        Time   Description
---------------------------------------------------------------------------------------------
                                  0.000000    0.000000   clock clk (rise edge)
                                  0.000000    0.000000   clock network delay (propagated)
                                  2.000000    2.000000 ^ input external delay
     1    0.003208    0.034954    0.018021    2.018021 ^ weight_in[1] (in)
                                                         weight_in[1] (net)
                      0.034954    0.000000    2.018021 ^ input12/A (sky130_fd_sc_hd__clkbuf_1)
     1    0.004541    0.102733    0.157677    2.175698 ^ input12/X (sky130_fd_sc_hd__clkbuf_1)
                                                         net12 (net)
                      0.102733    0.000317    2.176015 ^ fanout74/A (sky130_fd_sc_hd__buf_2)
     9    0.050678    0.395243    0.440251    2.616266 ^ fanout74/X (sky130_fd_sc_hd__buf_2)
                                                         net74 (net)
                      0.395249    0.001315    2.617581 ^ fanout73/A (sky130_fd_sc_hd__buf_4)
    10    0.032348    0.159014    0.414060    3.031641 ^ fanout73/X (sky130_fd_sc_hd__buf_4)
                                                         net73 (net)
                      0.159061    0.002672    3.034312 ^ _0587_/C_N (sky130_fd_sc_hd__or4bb_4)
     2    0.009056    0.171598    1.106683    4.140995 v _0587_/X (sky130_fd_sc_hd__or4bb_4)
                                                         _0090_ (net)
                      0.171598    0.000431    4.141426 v _0590_/A2 (sky130_fd_sc_hd__a211o_1)
     3    0.008783    0.138117    0.640946    4.782372 v _0590_/X (sky130_fd_sc_hd__a211o_1)
                                                         _0093_ (net)
                      0.138117    0.000484    4.782856 v _0621_/A2 (sky130_fd_sc_hd__a21bo_1)
     2    0.006262    0.089747    0.395754    5.178610 v _0621_/X (sky130_fd_sc_hd__a21bo_1)
                                                         _0123_ (net)
                      0.089772    0.000412    5.179022 v _0623_/B1 (sky130_fd_sc_hd__a21o_1)
     3    0.008240    0.102614    0.328674    5.507696 v _0623_/X (sky130_fd_sc_hd__a21o_1)
                                                         _0125_ (net)
                      0.102614    0.000426    5.508122 v _0661_/A2 (sky130_fd_sc_hd__a21bo_1)
     2    0.004953    0.080126    0.371052    5.879174 v _0661_/X (sky130_fd_sc_hd__a21bo_1)
                                                         _0162_ (net)
                      0.080126    0.000155    5.879328 v _0662_/C (sky130_fd_sc_hd__and3_1)
     2    0.008103    0.113904    0.412258    6.291586 v _0662_/X (sky130_fd_sc_hd__and3_1)
                                                         _0163_ (net)
                      0.113904    0.000488    6.292074 v _0664_/A_N (sky130_fd_sc_hd__and2b_1)
     1    0.005108    0.100262    0.411794    6.703868 ^ _0664_/X (sky130_fd_sc_hd__and2b_1)
                                                         _0165_ (net)
                      0.100262    0.000246    6.704115 ^ _0665_/B (sky130_fd_sc_hd__xnor2_1)
     2    0.009782    0.193715    0.209130    6.913244 v _0665_/Y (sky130_fd_sc_hd__xnor2_1)
                                                         _0166_ (net)
                      0.193715    0.000712    6.913956 v _0666_/B (sky130_fd_sc_hd__or2_4)
     5    0.013905    0.103434    0.519920    7.433876 v _0666_/X (sky130_fd_sc_hd__or2_4)
                                                         _0167_ (net)
                      0.103434    0.000821    7.434697 v _0710_/A (sky130_fd_sc_hd__and4_1)
     3    0.008235    0.116501    0.364032    7.798729 v _0710_/X (sky130_fd_sc_hd__and4_1)
                                                         _0210_ (net)
                      0.116501    0.000432    7.799160 v _0714_/B (sky130_fd_sc_hd__or2_1)
     2    0.008686    0.147614    0.540743    8.339903 v _0714_/X (sky130_fd_sc_hd__or2_1)
                                                         _0213_ (net)
                      0.147614    0.000457    8.340361 v _0799_/A1 (sky130_fd_sc_hd__a21boi_1)
     1    0.005146    0.238701    0.288577    8.628938 ^ _0799_/Y (sky130_fd_sc_hd__a21boi_1)
                                                         _0297_ (net)
                      0.238701    0.000395    8.629333 ^ _0800_/B (sky130_fd_sc_hd__xnor2_1)
     2    0.008936    0.191819    0.253091    8.882424 v _0800_/Y (sky130_fd_sc_hd__xnor2_1)
                                                         _0298_ (net)
                      0.191819    0.000584    8.883007 v _0801_/A1 (sky130_fd_sc_hd__mux2_1)
     1    0.002708    0.109111    0.695698    9.578705 v _0801_/X (sky130_fd_sc_hd__mux2_1)
                                                         _0014_ (net)
                      0.109111    0.000187    9.578892 v _1050_/D (sky130_fd_sc_hd__dfrtp_1)
                                              9.578892   data arrival time

                                 10.000000   10.000000   clock clk (rise edge)
                                  0.000000   10.000000   clock source latency
     1    0.013667    0.106385    0.071061   10.071061 ^ clk (in)
                                                         clk (net)
                      0.106405    0.000000   10.071061 ^ clkbuf_0_clk/A (sky130_fd_sc_hd__clkbuf_16)
     4    0.042516    0.097035    0.269400   10.340461 ^ clkbuf_0_clk/X (sky130_fd_sc_hd__clkbuf_16)
                                                         clknet_0_clk (net)
                      0.097136    0.001585   10.342047 ^ clkbuf_2_3__f_clk/A (sky130_fd_sc_hd__clkbuf_16)
    11    0.034762    0.087318    0.253585   10.595632 ^ clkbuf_2_3__f_clk/X (sky130_fd_sc_hd__clkbuf_16)
                                                         clknet_2_3__leaf_clk (net)
                      0.087530    0.003694   10.599325 ^ _1050_/CLK (sky130_fd_sc_hd__dfrtp_1)
                                 -0.250000   10.349325   clock uncertainty
                                  0.000000   10.349325   clock reconvergence pessimism
                                 -0.288199   10.061126   library setup time
                                             10.061126   data required time
---------------------------------------------------------------------------------------------
                                             10.061126   data required time
                                             -9.578892   data arrival time
---------------------------------------------------------------------------------------------
                                              0.482234   slack (MET)


Startpoint: weight_in[1] (input port clocked by clk)
Endpoint: _1049_ (rising edge-triggered flip-flop clocked by clk)
Path Group: clk
Path Type: max

Fanout         Cap        Slew       Delay        Time   Description
---------------------------------------------------------------------------------------------
                                  0.000000    0.000000   clock clk (rise edge)
                                  0.000000    0.000000   clock network delay (propagated)
                                  2.000000    2.000000 ^ input external delay
     1    0.003208    0.034954    0.018021    2.018021 ^ weight_in[1] (in)
                                                         weight_in[1] (net)
                      0.034954    0.000000    2.018021 ^ input12/A (sky130_fd_sc_hd__clkbuf_1)
     1    0.004541    0.102733    0.157677    2.175698 ^ input12/X (sky130_fd_sc_hd__clkbuf_1)
                                                         net12 (net)
                      0.102733    0.000317    2.176015 ^ fanout74/A (sky130_fd_sc_hd__buf_2)
     9    0.050678    0.395243    0.440251    2.616266 ^ fanout74/X (sky130_fd_sc_hd__buf_2)
                                                         net74 (net)
                      0.395249    0.001315    2.617581 ^ fanout73/A (sky130_fd_sc_hd__buf_4)
    10    0.032348    0.159014    0.414060    3.031641 ^ fanout73/X (sky130_fd_sc_hd__buf_4)
                                                         net73 (net)
                      0.159061    0.002672    3.034312 ^ _0587_/C_N (sky130_fd_sc_hd__or4bb_4)
     2    0.009056    0.171598    1.106683    4.140995 v _0587_/X (sky130_fd_sc_hd__or4bb_4)
                                                         _0090_ (net)
                      0.171598    0.000431    4.141426 v _0590_/A2 (sky130_fd_sc_hd__a211o_1)
     3    0.008783    0.138117    0.640946    4.782372 v _0590_/X (sky130_fd_sc_hd__a211o_1)
                                                         _0093_ (net)
                      0.138117    0.000484    4.782856 v _0621_/A2 (sky130_fd_sc_hd__a21bo_1)
     2    0.006262    0.089747    0.395754    5.178610 v _0621_/X (sky130_fd_sc_hd__a21bo_1)
                                                         _0123_ (net)
                      0.089772    0.000412    5.179022 v _0623_/B1 (sky130_fd_sc_hd__a21o_1)
     3    0.008240    0.102614    0.328674    5.507696 v _0623_/X (sky130_fd_sc_hd__a21o_1)
                                                         _0125_ (net)
                      0.102614    0.000426    5.508122 v _0661_/A2 (sky130_fd_sc_hd__a21bo_1)
     2    0.004953    0.080126    0.371052    5.879174 v _0661_/X (sky130_fd_sc_hd__a21bo_1)
                                                         _0162_ (net)
                      0.080126    0.000155    5.879328 v _0662_/C (sky130_fd_sc_hd__and3_1)
     2    0.008103    0.113904    0.412258    6.291586 v _0662_/X (sky130_fd_sc_hd__and3_1)
                                                         _0163_ (net)
                      0.113904    0.000488    6.292074 v _0664_/A_N (sky130_fd_sc_hd__and2b_1)
     1    0.005108    0.100262    0.411794    6.703868 ^ _0664_/X (sky130_fd_sc_hd__and2b_1)
                                                         _0165_ (net)
                      0.100262    0.000246    6.704115 ^ _0665_/B (sky130_fd_sc_hd__xnor2_1)
     2    0.009782    0.193715    0.209130    6.913244 v _0665_/Y (sky130_fd_sc_hd__xnor2_1)
                                                         _0166_ (net)
                      0.193715    0.000712    6.913956 v _0666_/B (sky130_fd_sc_hd__or2_4)
     5    0.013905    0.103434    0.519920    7.433876 v _0666_/X (sky130_fd_sc_hd__or2_4)
                                                         _0167_ (net)
                      0.103434    0.000821    7.434697 v _0710_/A (sky130_fd_sc_hd__and4_1)
     3    0.008235    0.116501    0.364032    7.798729 v _0710_/X (sky130_fd_sc_hd__and4_1)
                                                         _0210_ (net)
                      0.116501    0.000432    7.799160 v _0714_/B (sky130_fd_sc_hd__or2_1)
     2    0.008686    0.147614    0.540743    8.339903 v _0714_/X (sky130_fd_sc_hd__or2_1)
                                                         _0213_ (net)
                      0.147614    0.000584    8.340487 v _0756_/A (sky130_fd_sc_hd__xor2_1)
     2    0.011004    0.239384    0.387827    8.728314 v _0756_/X (sky130_fd_sc_hd__xor2_1)
                                                         _0255_ (net)
                      0.239384    0.000457    8.728772 v _0757_/A1 (sky130_fd_sc_hd__mux2_1)
     1    0.002825    0.110248    0.717256    9.446028 v _0757_/X (sky130_fd_sc_hd__mux2_1)
                                                         _0013_ (net)
                      0.110248    0.000189    9.446218 v _1049_/D (sky130_fd_sc_hd__dfrtp_1)
                                              9.446218   data arrival time

                                 10.000000   10.000000   clock clk (rise edge)
                                  0.000000   10.000000   clock source latency
     1    0.013667    0.106385    0.071061   10.071061 ^ clk (in)
                                                         clk (net)
                      0.106405    0.000000   10.071061 ^ clkbuf_0_clk/A (sky130_fd_sc_hd__clkbuf_16)
     4    0.042516    0.097035    0.269400   10.340461 ^ clkbuf_0_clk/X (sky130_fd_sc_hd__clkbuf_16)
                                                         clknet_0_clk (net)
                      0.097169    0.002127   10.342588 ^ clkbuf_2_1__f_clk/A (sky130_fd_sc_hd__clkbuf_16)
     8    0.029645    0.079989    0.247182   10.589770 ^ clkbuf_2_1__f_clk/X (sky130_fd_sc_hd__clkbuf_16)
                                                         clknet_2_1__leaf_clk (net)
                      0.080007    0.001158   10.590928 ^ _1049_/CLK (sky130_fd_sc_hd__dfrtp_1)
                                 -0.250000   10.340928   clock uncertainty
                                  0.000000   10.340928   clock reconvergence pessimism
                                 -0.290680   10.050248   library setup time
                                             10.050248   data required time
---------------------------------------------------------------------------------------------
                                             10.050248   data required time
                                             -9.446218   data arrival time
---------------------------------------------------------------------------------------------
                                              0.604031   slack (MET)


Startpoint: weight_in[1] (input port clocked by clk)
Endpoint: _1067_ (rising edge-triggered flip-flop clocked by clk)
Path Group: clk
Path Type: max

Fanout         Cap        Slew       Delay        Time   Description
---------------------------------------------------------------------------------------------
                                  0.000000    0.000000   clock clk (rise edge)
                                  0.000000    0.000000   clock network delay (propagated)
                                  2.000000    2.000000 ^ input external delay
     1    0.003208    0.034954    0.018021    2.018021 ^ weight_in[1] (in)
                                                         weight_in[1] (net)
                      0.034954    0.000000    2.018021 ^ input12/A (sky130_fd_sc_hd__clkbuf_1)
     1    0.004541    0.102733    0.157677    2.175698 ^ input12/X (sky130_fd_sc_hd__clkbuf_1)
                                                         net12 (net)
                      0.102733    0.000317    2.176015 ^ fanout74/A (sky130_fd_sc_hd__buf_2)
     9    0.050678    0.395243    0.440251    2.616266 ^ fanout74/X (sky130_fd_sc_hd__buf_2)
                                                         net74 (net)
                      0.395249    0.001315    2.617581 ^ fanout73/A (sky130_fd_sc_hd__buf_4)
    10    0.032348    0.159014    0.414060    3.031641 ^ fanout73/X (sky130_fd_sc_hd__buf_4)
                                                         net73 (net)
                      0.159061    0.002672    3.034312 ^ _0587_/C_N (sky130_fd_sc_hd__or4bb_4)
     2    0.009056    0.171598    1.106683    4.140995 v _0587_/X (sky130_fd_sc_hd__or4bb_4)
                                                         _0090_ (net)
                      0.171598    0.000431    4.141426 v _0590_/A2 (sky130_fd_sc_hd__a211o_1)
     3    0.008783    0.138117    0.640946    4.782372 v _0590_/X (sky130_fd_sc_hd__a211o_1)
                                                         _0093_ (net)
                      0.138117    0.000484    4.782856 v _0621_/A2 (sky130_fd_sc_hd__a21bo_1)
     2    0.006262    0.089747    0.395754    5.178610 v _0621_/X (sky130_fd_sc_hd__a21bo_1)
                                                         _0123_ (net)
                      0.089772    0.000412    5.179022 v _0623_/B1 (sky130_fd_sc_hd__a21o_1)
     3    0.008240    0.102614    0.328674    5.507696 v _0623_/X (sky130_fd_sc_hd__a21o_1)
                                                         _0125_ (net)
                      0.102614    0.000426    5.508122 v _0661_/A2 (sky130_fd_sc_hd__a21bo_1)
     2    0.004953    0.080126    0.371052    5.879174 v _0661_/X (sky130_fd_sc_hd__a21bo_1)
                                                         _0162_ (net)
                      0.080126    0.000155    5.879328 v _0662_/C (sky130_fd_sc_hd__and3_1)
     2    0.008103    0.113904    0.412258    6.291586 v _0662_/X (sky130_fd_sc_hd__and3_1)
                                                         _0163_ (net)
                      0.113904    0.000488    6.292074 v _0664_/A_N (sky130_fd_sc_hd__and2b_1)
     1    0.005108    0.100262    0.411794    6.703868 ^ _0664_/X (sky130_fd_sc_hd__and2b_1)
                                                         _0165_ (net)
                      0.100262    0.000246    6.704115 ^ _0665_/B (sky130_fd_sc_hd__xnor2_1)
     2    0.009782    0.193715    0.209130    6.913244 v _0665_/Y (sky130_fd_sc_hd__xnor2_1)
                                                         _0166_ (net)
                      0.193715    0.000712    6.913956 v _0666_/B (sky130_fd_sc_hd__or2_4)
     5    0.013905    0.103434    0.519920    7.433876 v _0666_/X (sky130_fd_sc_hd__or2_4)
                                                         _0167_ (net)
                      0.103434    0.000821    7.434697 v _0710_/A (sky130_fd_sc_hd__and4_1)
     3    0.008235    0.116501    0.364032    7.798729 v _0710_/X (sky130_fd_sc_hd__and4_1)
                                                         _0210_ (net)
                      0.116502    0.000539    7.799268 v _0842_/A1 (sky130_fd_sc_hd__o211a_1)
     3    0.011005    0.143323    0.499029    8.298297 v _0842_/X (sky130_fd_sc_hd__o211a_1)
                                                         _0339_ (net)
                      0.143323    0.000401    8.298698 v _0844_/A (sky130_fd_sc_hd__nor2_1)
     2    0.009945    0.324373    0.344416    8.643115 ^ _0844_/Y (sky130_fd_sc_hd__nor2_1)
                                                         _0341_ (net)
                      0.324374    0.000353    8.643469 ^ _0846_/B (sky130_fd_sc_hd__xnor2_1)
     2    0.013371    0.249305    0.334901    8.978370 v _0846_/Y (sky130_fd_sc_hd__xnor2_1)
                                                         _0343_ (net)
                      0.249309    0.000794    8.979163 v _1030_/B2 (sky130_fd_sc_hd__a22o_1)
     1    0.002505    0.068433    0.420692    9.399856 v _1030_/X (sky130_fd_sc_hd__a22o_1)
                                                         _0031_ (net)
                      0.068433    0.000183    9.400039 v _1067_/D (sky130_fd_sc_hd__dfrtp_1)
                                              9.400039   data arrival time

                                 10.000000   10.000000   clock clk (rise edge)
                                  0.000000   10.000000   clock source latency
     1    0.013667    0.106385    0.071061   10.071061 ^ clk (in)
                                                         clk (net)
                      0.106405    0.000000   10.071061 ^ clkbuf_0_clk/A (sky130_fd_sc_hd__clkbuf_16)
     4    0.042516    0.097035    0.269400   10.340461 ^ clkbuf_0_clk/X (sky130_fd_sc_hd__clkbuf_16)
                                                         clknet_0_clk (net)
                      0.097136    0.001585   10.342047 ^ clkbuf_2_3__f_clk/A (sky130_fd_sc_hd__clkbuf_16)
    11    0.034762    0.087318    0.253585   10.595632 ^ clkbuf_2_3__f_clk/X (sky130_fd_sc_hd__clkbuf_16)
                                                         clknet_2_3__leaf_clk (net)
                      0.087359    0.001851   10.597483 ^ _1067_/CLK (sky130_fd_sc_hd__dfrtp_1)
                                 -0.250000   10.347483   clock uncertainty
                                  0.000000   10.347483   clock reconvergence pessimism
                                 -0.271285   10.076197   library setup time
                                             10.076197   data required time
---------------------------------------------------------------------------------------------
                                             10.076197   data required time
                                             -9.400039   data arrival time
---------------------------------------------------------------------------------------------
                                              0.676159   slack (MET)


Startpoint: weight_in[1] (input port clocked by clk)
Endpoint: _1066_ (rising edge-triggered flip-flop clocked by clk)
Path Group: clk
Path Type: max

Fanout         Cap        Slew       Delay        Time   Description
---------------------------------------------------------------------------------------------
                                  0.000000    0.000000   clock clk (rise edge)
                                  0.000000    0.000000   clock network delay (propagated)
                                  2.000000    2.000000 ^ input external delay
     1    0.003208    0.034954    0.018021    2.018021 ^ weight_in[1] (in)
                                                         weight_in[1] (net)
                      0.034954    0.000000    2.018021 ^ input12/A (sky130_fd_sc_hd__clkbuf_1)
     1    0.004541    0.102733    0.157677    2.175698 ^ input12/X (sky130_fd_sc_hd__clkbuf_1)
                                                         net12 (net)
                      0.102733    0.000317    2.176015 ^ fanout74/A (sky130_fd_sc_hd__buf_2)
     9    0.050678    0.395243    0.440251    2.616266 ^ fanout74/X (sky130_fd_sc_hd__buf_2)
                                                         net74 (net)
                      0.395249    0.001315    2.617581 ^ fanout73/A (sky130_fd_sc_hd__buf_4)
    10    0.032348    0.159014    0.414060    3.031641 ^ fanout73/X (sky130_fd_sc_hd__buf_4)
                                                         net73 (net)
                      0.159061    0.002672    3.034312 ^ _0587_/C_N (sky130_fd_sc_hd__or4bb_4)
     2    0.009056    0.171598    1.106683    4.140995 v _0587_/X (sky130_fd_sc_hd__or4bb_4)
                                                         _0090_ (net)
                      0.171598    0.000431    4.141426 v _0590_/A2 (sky130_fd_sc_hd__a211o_1)
     3    0.008783    0.138117    0.640946    4.782372 v _0590_/X (sky130_fd_sc_hd__a211o_1)
                                                         _0093_ (net)
                      0.138117    0.000484    4.782856 v _0621_/A2 (sky130_fd_sc_hd__a21bo_1)
     2    0.006262    0.089747    0.395754    5.178610 v _0621_/X (sky130_fd_sc_hd__a21bo_1)
                                                         _0123_ (net)
                      0.089772    0.000412    5.179022 v _0623_/B1 (sky130_fd_sc_hd__a21o_1)
     3    0.008240    0.102614    0.328674    5.507696 v _0623_/X (sky130_fd_sc_hd__a21o_1)
                                                         _0125_ (net)
                      0.102614    0.000426    5.508122 v _0661_/A2 (sky130_fd_sc_hd__a21bo_1)
     2    0.004953    0.080126    0.371052    5.879174 v _0661_/X (sky130_fd_sc_hd__a21bo_1)
                                                         _0162_ (net)
                      0.080126    0.000155    5.879328 v _0662_/C (sky130_fd_sc_hd__and3_1)
     2    0.008103    0.113904    0.412258    6.291586 v _0662_/X (sky130_fd_sc_hd__and3_1)
                                                         _0163_ (net)
                      0.113904    0.000488    6.292074 v _0664_/A_N (sky130_fd_sc_hd__and2b_1)
     1    0.005108    0.100262    0.411794    6.703868 ^ _0664_/X (sky130_fd_sc_hd__and2b_1)
                                                         _0165_ (net)
                      0.100262    0.000246    6.704115 ^ _0665_/B (sky130_fd_sc_hd__xnor2_1)
     2    0.009782    0.193715    0.209130    6.913244 v _0665_/Y (sky130_fd_sc_hd__xnor2_1)
                                                         _0166_ (net)
                      0.193715    0.000712    6.913956 v _0666_/B (sky130_fd_sc_hd__or2_4)
     5    0.013905    0.103434    0.519920    7.433876 v _0666_/X (sky130_fd_sc_hd__or2_4)
                                                         _0167_ (net)
                      0.103434    0.000821    7.434697 v _0710_/A (sky130_fd_sc_hd__and4_1)
     3    0.008235    0.116501    0.364032    7.798729 v _0710_/X (sky130_fd_sc_hd__and4_1)
                                                         _0210_ (net)
                      0.116501    0.000432    7.799160 v _0714_/B (sky130_fd_sc_hd__or2_1)
     2    0.008686    0.147614    0.540743    8.339903 v _0714_/X (sky130_fd_sc_hd__or2_1)
                                                         _0213_ (net)
                      0.147614    0.000457    8.340361 v _0799_/A1 (sky130_fd_sc_hd__a21boi_1)
     1    0.005146    0.238701    0.288577    8.628938 ^ _0799_/Y (sky130_fd_sc_hd__a21boi_1)
                                                         _0297_ (net)
                      0.238701    0.000395    8.629333 ^ _0800_/B (sky130_fd_sc_hd__xnor2_1)
     2    0.008936    0.191819    0.253091    8.882424 v _0800_/Y (sky130_fd_sc_hd__xnor2_1)
                                                         _0298_ (net)
                      0.191819    0.000502    8.882926 v _1029_/B2 (sky130_fd_sc_hd__a22o_1)
     1    0.003345    0.076104    0.407723    9.290648 v _1029_/X (sky130_fd_sc_hd__a22o_1)
                                                         _0030_ (net)
                      0.076104    0.000203    9.290852 v _1066_/D (sky130_fd_sc_hd__dfrtp_1)
                                              9.290852   data arrival time

                                 10.000000   10.000000   clock clk (rise edge)
                                  0.000000   10.000000   clock source latency
     1    0.013667    0.106385    0.071061   10.071061 ^ clk (in)
                                                         clk (net)
                      0.106405    0.000000   10.071061 ^ clkbuf_0_clk/A (sky130_fd_sc_hd__clkbuf_16)
     4    0.042516    0.097035    0.269400   10.340461 ^ clkbuf_0_clk/X (sky130_fd_sc_hd__clkbuf_16)
                                                         clknet_0_clk (net)
                      0.097136    0.001585   10.342047 ^ clkbuf_2_3__f_clk/A (sky130_fd_sc_hd__clkbuf_16)
    11    0.034762    0.087318    0.253585   10.595632 ^ clkbuf_2_3__f_clk/X (sky130_fd_sc_hd__clkbuf_16)
                                                         clknet_2_3__leaf_clk (net)
                      0.087394    0.002370   10.598001 ^ _1066_/CLK (sky130_fd_sc_hd__dfrtp_1)
                                 -0.250000   10.348001   clock uncertainty
                                  0.000000   10.348001   clock reconvergence pessimism
                                 -0.274474   10.073527   library setup time
                                             10.073527   data required time
---------------------------------------------------------------------------------------------
                                             10.073527   data required time
                                             -9.290852   data arrival time
---------------------------------------------------------------------------------------------
                                              0.782675   slack (MET)


Startpoint: weight_in[1] (input port clocked by clk)
Endpoint: _1065_ (rising edge-triggered flip-flop clocked by clk)
Path Group: clk
Path Type: max

Fanout         Cap        Slew       Delay        Time   Description
---------------------------------------------------------------------------------------------
                                  0.000000    0.000000   clock clk (rise edge)
                                  0.000000    0.000000   clock network delay (propagated)
                                  2.000000    2.000000 ^ input external delay
     1    0.003208    0.034954    0.018021    2.018021 ^ weight_in[1] (in)
                                                         weight_in[1] (net)
                      0.034954    0.000000    2.018021 ^ input12/A (sky130_fd_sc_hd__clkbuf_1)
     1    0.004541    0.102733    0.157677    2.175698 ^ input12/X (sky130_fd_sc_hd__clkbuf_1)
                                                         net12 (net)
                      0.102733    0.000317    2.176015 ^ fanout74/A (sky130_fd_sc_hd__buf_2)
     9    0.050678    0.395243    0.440251    2.616266 ^ fanout74/X (sky130_fd_sc_hd__buf_2)
                                                         net74 (net)
                      0.395249    0.001315    2.617581 ^ fanout73/A (sky130_fd_sc_hd__buf_4)
    10    0.032348    0.159014    0.414060    3.031641 ^ fanout73/X (sky130_fd_sc_hd__buf_4)
                                                         net73 (net)
                      0.159061    0.002672    3.034312 ^ _0587_/C_N (sky130_fd_sc_hd__or4bb_4)
     2    0.009056    0.171598    1.106683    4.140995 v _0587_/X (sky130_fd_sc_hd__or4bb_4)
                                                         _0090_ (net)
                      0.171598    0.000431    4.141426 v _0590_/A2 (sky130_fd_sc_hd__a211o_1)
     3    0.008783    0.138117    0.640946    4.782372 v _0590_/X (sky130_fd_sc_hd__a211o_1)
                                                         _0093_ (net)
                      0.138117    0.000484    4.782856 v _0621_/A2 (sky130_fd_sc_hd__a21bo_1)
     2    0.006262    0.089747    0.395754    5.178610 v _0621_/X (sky130_fd_sc_hd__a21bo_1)
                                                         _0123_ (net)
                      0.089772    0.000412    5.179022 v _0623_/B1 (sky130_fd_sc_hd__a21o_1)
     3    0.008240    0.102614    0.328674    5.507696 v _0623_/X (sky130_fd_sc_hd__a21o_1)
                                                         _0125_ (net)
                      0.102614    0.000426    5.508122 v _0661_/A2 (sky130_fd_sc_hd__a21bo_1)
     2    0.004953    0.080126    0.371052    5.879174 v _0661_/X (sky130_fd_sc_hd__a21bo_1)
                                                         _0162_ (net)
                      0.080126    0.000155    5.879328 v _0662_/C (sky130_fd_sc_hd__and3_1)
     2    0.008103    0.113904    0.412258    6.291586 v _0662_/X (sky130_fd_sc_hd__and3_1)
                                                         _0163_ (net)
                      0.113904    0.000488    6.292074 v _0664_/A_N (sky130_fd_sc_hd__and2b_1)
     1    0.005108    0.100262    0.411794    6.703868 ^ _0664_/X (sky130_fd_sc_hd__and2b_1)
                                                         _0165_ (net)
                      0.100262    0.000246    6.704115 ^ _0665_/B (sky130_fd_sc_hd__xnor2_1)
     2    0.009782    0.193715    0.209130    6.913244 v _0665_/Y (sky130_fd_sc_hd__xnor2_1)
                                                         _0166_ (net)
                      0.193715    0.000712    6.913956 v _0666_/B (sky130_fd_sc_hd__or2_4)
     5    0.013905    0.103434    0.519920    7.433876 v _0666_/X (sky130_fd_sc_hd__or2_4)
                                                         _0167_ (net)
                      0.103434    0.000821    7.434697 v _0710_/A (sky130_fd_sc_hd__and4_1)
     3    0.008235    0.116501    0.364032    7.798729 v _0710_/X (sky130_fd_sc_hd__and4_1)
                                                         _0210_ (net)
                      0.116501    0.000432    7.799160 v _0714_/B (sky130_fd_sc_hd__or2_1)
     2    0.008686    0.147614    0.540743    8.339903 v _0714_/X (sky130_fd_sc_hd__or2_1)
                                                         _0213_ (net)
                      0.147614    0.000584    8.340487 v _0756_/A (sky130_fd_sc_hd__xor2_1)
     2    0.011004    0.239384    0.387827    8.728314 v _0756_/X (sky130_fd_sc_hd__xor2_1)
                                                         _0255_ (net)
                      0.239384    0.000478    8.728792 v _1028_/B2 (sky130_fd_sc_hd__a22o_1)
     1    0.002549    0.068814    0.417115    9.145907 v _1028_/X (sky130_fd_sc_hd__a22o_1)
                                                         _0029_ (net)
                      0.068814    0.000185    9.146092 v _1065_/D (sky130_fd_sc_hd__dfrtp_1)
                                              9.146092   data arrival time

                                 10.000000   10.000000   clock clk (rise edge)
                                  0.000000   10.000000   clock source latency
     1    0.013667    0.106385    0.071061   10.071061 ^ clk (in)
                                                         clk (net)
                      0.106405    0.000000   10.071061 ^ clkbuf_0_clk/A (sky130_fd_sc_hd__clkbuf_16)
     4    0.042516    0.097035    0.269400   10.340461 ^ clkbuf_0_clk/X (sky130_fd_sc_hd__clkbuf_16)
                                                         clknet_0_clk (net)
                      0.097136    0.001585   10.342047 ^ clkbuf_2_3__f_clk/A (sky130_fd_sc_hd__clkbuf_16)
    11    0.034762    0.087318    0.253585   10.595632 ^ clkbuf_2_3__f_clk/X (sky130_fd_sc_hd__clkbuf_16)
                                                         clknet_2_3__leaf_clk (net)
                      0.087506    0.003502   10.599133 ^ _1065_/CLK (sky130_fd_sc_hd__dfrtp_1)
                                 -0.250000   10.349133   clock uncertainty
                                  0.000000   10.349133   clock reconvergence pessimism
                                 -0.271405   10.077728   library setup time
                                             10.077728   data required time
---------------------------------------------------------------------------------------------
                                             10.077728   data required time
                                             -9.146092   data arrival time
---------------------------------------------------------------------------------------------
                                              0.931636   slack (MET)


Startpoint: weight_in[1] (input port clocked by clk)
Endpoint: _1048_ (rising edge-triggered flip-flop clocked by clk)
Path Group: clk
Path Type: max

Fanout         Cap        Slew       Delay        Time   Description
---------------------------------------------------------------------------------------------
                                  0.000000    0.000000   clock clk (rise edge)
                                  0.000000    0.000000   clock network delay (propagated)
                                  2.000000    2.000000 ^ input external delay
     1    0.003208    0.034954    0.018021    2.018021 ^ weight_in[1] (in)
                                                         weight_in[1] (net)
                      0.034954    0.000000    2.018021 ^ input12/A (sky130_fd_sc_hd__clkbuf_1)
     1    0.004541    0.102733    0.157677    2.175698 ^ input12/X (sky130_fd_sc_hd__clkbuf_1)
                                                         net12 (net)
                      0.102733    0.000317    2.176015 ^ fanout74/A (sky130_fd_sc_hd__buf_2)
     9    0.050678    0.395243    0.440251    2.616266 ^ fanout74/X (sky130_fd_sc_hd__buf_2)
                                                         net74 (net)
                      0.395249    0.001315    2.617581 ^ fanout73/A (sky130_fd_sc_hd__buf_4)
    10    0.032348    0.159014    0.414060    3.031641 ^ fanout73/X (sky130_fd_sc_hd__buf_4)
                                                         net73 (net)
                      0.159061    0.002672    3.034312 ^ _0587_/C_N (sky130_fd_sc_hd__or4bb_4)
     2    0.009056    0.171598    1.106683    4.140995 v _0587_/X (sky130_fd_sc_hd__or4bb_4)
                                                         _0090_ (net)
                      0.171598    0.000431    4.141426 v _0590_/A2 (sky130_fd_sc_hd__a211o_1)
     3    0.008783    0.138117    0.640946    4.782372 v _0590_/X (sky130_fd_sc_hd__a211o_1)
                                                         _0093_ (net)
                      0.138117    0.000484    4.782856 v _0621_/A2 (sky130_fd_sc_hd__a21bo_1)
     2    0.006262    0.089747    0.395754    5.178610 v _0621_/X (sky130_fd_sc_hd__a21bo_1)
                                                         _0123_ (net)
                      0.089772    0.000412    5.179022 v _0623_/B1 (sky130_fd_sc_hd__a21o_1)
     3    0.008240    0.102614    0.328674    5.507696 v _0623_/X (sky130_fd_sc_hd__a21o_1)
                                                         _0125_ (net)
                      0.102614    0.000405    5.508101 v _0624_/C (sky130_fd_sc_hd__and3_1)
     2    0.007345    0.107646    0.417056    5.925157 v _0624_/X (sky130_fd_sc_hd__and3_1)
                                                         _0126_ (net)
                      0.107647    0.000547    5.925704 v _0626_/A (sky130_fd_sc_hd__nor2_1)
     1    0.005662    0.206564    0.240696    6.166400 ^ _0626_/Y (sky130_fd_sc_hd__nor2_1)
                                                         _0128_ (net)
                      0.206632    0.000434    6.166835 ^ _0629_/A (sky130_fd_sc_hd__xor2_1)
     2    0.009828    0.384878    0.440179    6.607014 ^ _0629_/X (sky130_fd_sc_hd__xor2_1)
                                                         _0131_ (net)
                      0.384882    0.000897    6.607911 ^ _0631_/B (sky130_fd_sc_hd__xor2_1)
     2    0.007963    0.330021    0.458928    7.066838 ^ _0631_/X (sky130_fd_sc_hd__xor2_1)
                                                         _0133_ (net)
                      0.330021    0.000257    7.067096 ^ _0669_/A1 (sky130_fd_sc_hd__a21o_1)
     3    0.011057    0.167305    0.381244    7.448340 ^ _0669_/X (sky130_fd_sc_hd__a21o_1)
                                                         _0170_ (net)
                      0.167306    0.000744    7.449084 ^ _0710_/C (sky130_fd_sc_hd__and4_1)
     3    0.008709    0.179863    0.491987    7.941071 ^ _0710_/X (sky130_fd_sc_hd__and4_1)
                                                         _0210_ (net)
                      0.179863    0.000478    7.941549 ^ _0712_/A (sky130_fd_sc_hd__nor2_1)
     2    0.007324    0.088977    0.157605    8.099154 v _0712_/Y (sky130_fd_sc_hd__nor2_1)
                                                         _0212_ (net)
                      0.088979    0.000624    8.099778 v _0713_/A1 (sky130_fd_sc_hd__mux2_1)
     1    0.002406    0.106073    0.649769    8.749547 v _0713_/X (sky130_fd_sc_hd__mux2_1)
                                                         _0012_ (net)
                      0.106073    0.000161    8.749708 v _1048_/D (sky130_fd_sc_hd__dfrtp_1)
                                              8.749708   data arrival time

                                 10.000000   10.000000   clock clk (rise edge)
                                  0.000000   10.000000   clock source latency
     1    0.013667    0.106385    0.071061   10.071061 ^ clk (in)
                                                         clk (net)
                      0.106405    0.000000   10.071061 ^ clkbuf_0_clk/A (sky130_fd_sc_hd__clkbuf_16)
     4    0.042516    0.097035    0.269400   10.340461 ^ clkbuf_0_clk/X (sky130_fd_sc_hd__clkbuf_16)
                                                         clknet_0_clk (net)
                      0.097136    0.001585   10.342047 ^ clkbuf_2_3__f_clk/A (sky130_fd_sc_hd__clkbuf_16)
    11    0.034762    0.087318    0.253585   10.595632 ^ clkbuf_2_3__f_clk/X (sky130_fd_sc_hd__clkbuf_16)
                                                         clknet_2_3__leaf_clk (net)
                      0.087517    0.003593   10.599224 ^ _1048_/CLK (sky130_fd_sc_hd__dfrtp_1)
                                 -0.250000   10.349224   clock uncertainty
                                  0.000000   10.349224   clock reconvergence pessimism
                                 -0.286936   10.062288   library setup time
                                             10.062288   data required time
---------------------------------------------------------------------------------------------
                                             10.062288   data required time
                                             -8.749708   data arrival time
---------------------------------------------------------------------------------------------
                                              1.312580   slack (MET)


Startpoint: weight_in[1] (input port clocked by clk)
Endpoint: _1047_ (rising edge-triggered flip-flop clocked by clk)
Path Group: clk
Path Type: max

Fanout         Cap        Slew       Delay        Time   Description
---------------------------------------------------------------------------------------------
                                  0.000000    0.000000   clock clk (rise edge)
                                  0.000000    0.000000   clock network delay (propagated)
                                  2.000000    2.000000 ^ input external delay
     1    0.003208    0.034954    0.018021    2.018021 ^ weight_in[1] (in)
                                                         weight_in[1] (net)
                      0.034954    0.000000    2.018021 ^ input12/A (sky130_fd_sc_hd__clkbuf_1)
     1    0.004541    0.102733    0.157677    2.175698 ^ input12/X (sky130_fd_sc_hd__clkbuf_1)
                                                         net12 (net)
                      0.102733    0.000317    2.176015 ^ fanout74/A (sky130_fd_sc_hd__buf_2)
     9    0.050678    0.395243    0.440251    2.616266 ^ fanout74/X (sky130_fd_sc_hd__buf_2)
                                                         net74 (net)
                      0.395249    0.001315    2.617581 ^ fanout73/A (sky130_fd_sc_hd__buf_4)
    10    0.032348    0.159014    0.414060    3.031641 ^ fanout73/X (sky130_fd_sc_hd__buf_4)
                                                         net73 (net)
                      0.159061    0.002672    3.034312 ^ _0587_/C_N (sky130_fd_sc_hd__or4bb_4)
     2    0.009056    0.171598    1.106683    4.140995 v _0587_/X (sky130_fd_sc_hd__or4bb_4)
                                                         _0090_ (net)
                      0.171598    0.000431    4.141426 v _0590_/A2 (sky130_fd_sc_hd__a211o_1)
     3    0.008783    0.138117    0.640946    4.782372 v _0590_/X (sky130_fd_sc_hd__a211o_1)
                                                         _0093_ (net)
                      0.138117    0.000484    4.782856 v _0621_/A2 (sky130_fd_sc_hd__a21bo_1)
     2    0.006262    0.089747    0.395754    5.178610 v _0621_/X (sky130_fd_sc_hd__a21bo_1)
                                                         _0123_ (net)
                      0.089772    0.000412    5.179022 v _0623_/B1 (sky130_fd_sc_hd__a21o_1)
     3    0.008240    0.102614    0.328674    5.507696 v _0623_/X (sky130_fd_sc_hd__a21o_1)
                                                         _0125_ (net)
                      0.102614    0.000426    5.508122 v _0661_/A2 (sky130_fd_sc_hd__a21bo_1)
     2    0.004953    0.080126    0.371052    5.879174 v _0661_/X (sky130_fd_sc_hd__a21bo_1)
                                                         _0162_ (net)
                      0.080126    0.000155    5.879328 v _0662_/C (sky130_fd_sc_hd__and3_1)
     2    0.008103    0.113904    0.412258    6.291586 v _0662_/X (sky130_fd_sc_hd__and3_1)
                                                         _0163_ (net)
                      0.113904    0.000488    6.292074 v _0664_/A_N (sky130_fd_sc_hd__and2b_1)
     1    0.005108    0.100262    0.411794    6.703868 ^ _0664_/X (sky130_fd_sc_hd__and2b_1)
                                                         _0165_ (net)
                      0.100262    0.000246    6.704115 ^ _0665_/B (sky130_fd_sc_hd__xnor2_1)
     2    0.010249    0.427282    0.284002    6.988117 ^ _0665_/Y (sky130_fd_sc_hd__xnor2_1)
                                                         _0166_ (net)
                      0.427284    0.000755    6.988873 ^ _0666_/B (sky130_fd_sc_hd__or2_4)
     5    0.014489    0.097142    0.383219    7.372091 ^ _0666_/X (sky130_fd_sc_hd__or2_4)
                                                         _0167_ (net)
                      0.097148    0.000849    7.372940 ^ _0668_/A (sky130_fd_sc_hd__nand2_1)
     1    0.004679    0.099554    0.128865    7.501805 v _0668_/Y (sky130_fd_sc_hd__nand2_1)
                                                         _0169_ (net)
                      0.099554    0.000348    7.502153 v _0670_/A (sky130_fd_sc_hd__xnor2_1)
     2    0.011079    0.213479    0.322414    7.824567 v _0670_/Y (sky130_fd_sc_hd__xnor2_1)
                                                         _0171_ (net)
                      0.213482    0.000715    7.825282 v _0671_/A1 (sky130_fd_sc_hd__mux2_1)
     1    0.002213    0.104193    0.695781    8.521063 v _0671_/X (sky130_fd_sc_hd__mux2_1)
                                                         _0011_ (net)
                      0.104193    0.000161    8.521224 v _1047_/D (sky130_fd_sc_hd__dfrtp_1)
                                              8.521224   data arrival time

                                 10.000000   10.000000   clock clk (rise edge)
                                  0.000000   10.000000   clock source latency
     1    0.013667    0.106385    0.071061   10.071061 ^ clk (in)
                                                         clk (net)
                      0.106405    0.000000   10.071061 ^ clkbuf_0_clk/A (sky130_fd_sc_hd__clkbuf_16)
     4    0.042516    0.097035    0.269400   10.340461 ^ clkbuf_0_clk/X (sky130_fd_sc_hd__clkbuf_16)
                                                         clknet_0_clk (net)
                      0.097169    0.002127   10.342588 ^ clkbuf_2_1__f_clk/A (sky130_fd_sc_hd__clkbuf_16)
     8    0.029645    0.079989    0.247182   10.589770 ^ clkbuf_2_1__f_clk/X (sky130_fd_sc_hd__clkbuf_16)
                                                         clknet_2_1__leaf_clk (net)
                      0.080011    0.001245   10.591016 ^ _1047_/CLK (sky130_fd_sc_hd__dfrtp_1)
                                 -0.250000   10.341016   clock uncertainty
                                  0.000000   10.341016   clock reconvergence pessimism
                                 -0.288154   10.052861   library setup time
                                             10.052861   data required time
---------------------------------------------------------------------------------------------
                                             10.052861   data required time
                                             -8.521224   data arrival time
---------------------------------------------------------------------------------------------
                                              1.531637   slack (MET)


Startpoint: weight_in[1] (input port clocked by clk)
Endpoint: _1064_ (rising edge-triggered flip-flop clocked by clk)
Path Group: clk
Path Type: max

Fanout         Cap        Slew       Delay        Time   Description
---------------------------------------------------------------------------------------------
                                  0.000000    0.000000   clock clk (rise edge)
                                  0.000000    0.000000   clock network delay (propagated)
                                  2.000000    2.000000 ^ input external delay
     1    0.003208    0.034954    0.018021    2.018021 ^ weight_in[1] (in)
                                                         weight_in[1] (net)
                      0.034954    0.000000    2.018021 ^ input12/A (sky130_fd_sc_hd__clkbuf_1)
     1    0.004541    0.102733    0.157677    2.175698 ^ input12/X (sky130_fd_sc_hd__clkbuf_1)
                                                         net12 (net)
                      0.102733    0.000317    2.176015 ^ fanout74/A (sky130_fd_sc_hd__buf_2)
     9    0.050678    0.395243    0.440251    2.616266 ^ fanout74/X (sky130_fd_sc_hd__buf_2)
                                                         net74 (net)
                      0.395249    0.001315    2.617581 ^ fanout73/A (sky130_fd_sc_hd__buf_4)
    10    0.032348    0.159014    0.414060    3.031641 ^ fanout73/X (sky130_fd_sc_hd__buf_4)
                                                         net73 (net)
                      0.159061    0.002672    3.034312 ^ _0587_/C_N (sky130_fd_sc_hd__or4bb_4)
     2    0.009056    0.171598    1.106683    4.140995 v _0587_/X (sky130_fd_sc_hd__or4bb_4)
                                                         _0090_ (net)
                      0.171598    0.000431    4.141426 v _0590_/A2 (sky130_fd_sc_hd__a211o_1)
     3    0.008783    0.138117    0.640946    4.782372 v _0590_/X (sky130_fd_sc_hd__a211o_1)
                                                         _0093_ (net)
                      0.138117    0.000484    4.782856 v _0621_/A2 (sky130_fd_sc_hd__a21bo_1)
     2    0.006262    0.089747    0.395754    5.178610 v _0621_/X (sky130_fd_sc_hd__a21bo_1)
                                                         _0123_ (net)
                      0.089772    0.000412    5.179022 v _0623_/B1 (sky130_fd_sc_hd__a21o_1)
     3    0.008240    0.102614    0.328674    5.507696 v _0623_/X (sky130_fd_sc_hd__a21o_1)
                                                         _0125_ (net)
                      0.102614    0.000405    5.508101 v _0624_/C (sky130_fd_sc_hd__and3_1)
     2    0.007345    0.107646    0.417056    5.925157 v _0624_/X (sky130_fd_sc_hd__and3_1)
                                                         _0126_ (net)
                      0.107647    0.000547    5.925704 v _0626_/A (sky130_fd_sc_hd__nor2_1)
     1    0.005662    0.206564    0.240696    6.166400 ^ _0626_/Y (sky130_fd_sc_hd__nor2_1)
                                                         _0128_ (net)
                      0.206632    0.000434    6.166835 ^ _0629_/A (sky130_fd_sc_hd__xor2_1)
     2    0.009828    0.384878    0.440179    6.607014 ^ _0629_/X (sky130_fd_sc_hd__xor2_1)
                                                         _0131_ (net)
                      0.384882    0.000897    6.607911 ^ _0631_/B (sky130_fd_sc_hd__xor2_1)
     2    0.007963    0.330021    0.458928    7.066838 ^ _0631_/X (sky130_fd_sc_hd__xor2_1)
                                                         _0133_ (net)
                      0.330021    0.000257    7.067096 ^ _0669_/A1 (sky130_fd_sc_hd__a21o_1)
     3    0.011057    0.167305    0.381244    7.448340 ^ _0669_/X (sky130_fd_sc_hd__a21o_1)
                                                         _0170_ (net)
                      0.167306    0.000744    7.449084 ^ _0710_/C (sky130_fd_sc_hd__and4_1)
     3    0.008709    0.179863    0.491987    7.941071 ^ _0710_/X (sky130_fd_sc_hd__and4_1)
                                                         _0210_ (net)
                      0.179863    0.000478    7.941549 ^ _0712_/A (sky130_fd_sc_hd__nor2_1)
     2    0.007324    0.088977    0.157605    8.099154 v _0712_/Y (sky130_fd_sc_hd__nor2_1)
                                                         _0212_ (net)
                      0.088978    0.000547    8.099702 v _1027_/B2 (sky130_fd_sc_hd__a22o_1)
     1    0.002434    0.067854    0.355527    8.455229 v _1027_/X (sky130_fd_sc_hd__a22o_1)
                                                         _0028_ (net)
                      0.067854    0.000175    8.455403 v _1064_/D (sky130_fd_sc_hd__dfrtp_1)
                                              8.455403   data arrival time

                                 10.000000   10.000000   clock clk (rise edge)
                                  0.000000   10.000000   clock source latency
     1    0.013667    0.106385    0.071061   10.071061 ^ clk (in)
                                                         clk (net)
                      0.106405    0.000000   10.071061 ^ clkbuf_0_clk/A (sky130_fd_sc_hd__clkbuf_16)
     4    0.042516    0.097035    0.269400   10.340461 ^ clkbuf_0_clk/X (sky130_fd_sc_hd__clkbuf_16)
                                                         clknet_0_clk (net)
                      0.097136    0.001585   10.342047 ^ clkbuf_2_3__f_clk/A (sky130_fd_sc_hd__clkbuf_16)
    11    0.034762    0.087318    0.253585   10.595632 ^ clkbuf_2_3__f_clk/X (sky130_fd_sc_hd__clkbuf_16)
                                                         clknet_2_3__leaf_clk (net)
                      0.087472    0.003210   10.598842 ^ _1064_/CLK (sky130_fd_sc_hd__dfrtp_1)
                                 -0.250000   10.348841   clock uncertainty
                                  0.000000   10.348841   clock reconvergence pessimism
                                 -0.271013   10.077827   library setup time
                                             10.077827   data required time
---------------------------------------------------------------------------------------------
                                             10.077827   data required time
                                             -8.455403   data arrival time
---------------------------------------------------------------------------------------------
                                              1.622424   slack (MET)


Startpoint: weight_in[1] (input port clocked by clk)
Endpoint: _1063_ (rising edge-triggered flip-flop clocked by clk)
Path Group: clk
Path Type: max

Fanout         Cap        Slew       Delay        Time   Description
---------------------------------------------------------------------------------------------
                                  0.000000    0.000000   clock clk (rise edge)
                                  0.000000    0.000000   clock network delay (propagated)
                                  2.000000    2.000000 ^ input external delay
     1    0.003208    0.034954    0.018021    2.018021 ^ weight_in[1] (in)
                                                         weight_in[1] (net)
                      0.034954    0.000000    2.018021 ^ input12/A (sky130_fd_sc_hd__clkbuf_1)
     1    0.004541    0.102733    0.157677    2.175698 ^ input12/X (sky130_fd_sc_hd__clkbuf_1)
                                                         net12 (net)
                      0.102733    0.000317    2.176015 ^ fanout74/A (sky130_fd_sc_hd__buf_2)
     9    0.050678    0.395243    0.440251    2.616266 ^ fanout74/X (sky130_fd_sc_hd__buf_2)
                                                         net74 (net)
                      0.395249    0.001315    2.617581 ^ fanout73/A (sky130_fd_sc_hd__buf_4)
    10    0.032348    0.159014    0.414060    3.031641 ^ fanout73/X (sky130_fd_sc_hd__buf_4)
                                                         net73 (net)
                      0.159061    0.002672    3.034312 ^ _0587_/C_N (sky130_fd_sc_hd__or4bb_4)
     2    0.009056    0.171598    1.106683    4.140995 v _0587_/X (sky130_fd_sc_hd__or4bb_4)
                                                         _0090_ (net)
                      0.171598    0.000431    4.141426 v _0590_/A2 (sky130_fd_sc_hd__a211o_1)
     3    0.008783    0.138117    0.640946    4.782372 v _0590_/X (sky130_fd_sc_hd__a211o_1)
                                                         _0093_ (net)
                      0.138117    0.000484    4.782856 v _0621_/A2 (sky130_fd_sc_hd__a21bo_1)
     2    0.006262    0.089747    0.395754    5.178610 v _0621_/X (sky130_fd_sc_hd__a21bo_1)
                                                         _0123_ (net)
                      0.089772    0.000412    5.179022 v _0623_/B1 (sky130_fd_sc_hd__a21o_1)
     3    0.008240    0.102614    0.328674    5.507696 v _0623_/X (sky130_fd_sc_hd__a21o_1)
                                                         _0125_ (net)
                      0.102614    0.000426    5.508122 v _0661_/A2 (sky130_fd_sc_hd__a21bo_1)
     2    0.004953    0.080126    0.371052    5.879174 v _0661_/X (sky130_fd_sc_hd__a21bo_1)
                                                         _0162_ (net)
                      0.080126    0.000155    5.879328 v _0662_/C (sky130_fd_sc_hd__and3_1)
     2    0.008103    0.113904    0.412258    6.291586 v _0662_/X (sky130_fd_sc_hd__and3_1)
                                                         _0163_ (net)
                      0.113904    0.000488    6.292074 v _0664_/A_N (sky130_fd_sc_hd__and2b_1)
     1    0.005108    0.100262    0.411794    6.703868 ^ _0664_/X (sky130_fd_sc_hd__and2b_1)
                                                         _0165_ (net)
                      0.100262    0.000246    6.704115 ^ _0665_/B (sky130_fd_sc_hd__xnor2_1)
     2    0.010249    0.427282    0.284002    6.988117 ^ _0665_/Y (sky130_fd_sc_hd__xnor2_1)
                                                         _0166_ (net)
                      0.427284    0.000755    6.988873 ^ _0666_/B (sky130_fd_sc_hd__or2_4)
     5    0.014489    0.097142    0.383219    7.372091 ^ _0666_/X (sky130_fd_sc_hd__or2_4)
                                                         _0167_ (net)
                      0.097148    0.000849    7.372940 ^ _0668_/A (sky130_fd_sc_hd__nand2_1)
     1    0.004679    0.099554    0.128865    7.501805 v _0668_/Y (sky130_fd_sc_hd__nand2_1)
                                                         _0169_ (net)
                      0.099554    0.000348    7.502153 v _0670_/A (sky130_fd_sc_hd__xnor2_1)
     2    0.011079    0.213479    0.322414    7.824567 v _0670_/Y (sky130_fd_sc_hd__xnor2_1)
                                                         _0171_ (net)
                      0.213482    0.000680    7.825247 v _1026_/B2 (sky130_fd_sc_hd__a22o_1)
     1    0.003235    0.075031    0.414985    8.240232 v _1026_/X (sky130_fd_sc_hd__a22o_1)
                                                         _0027_ (net)
                      0.075031    0.000203    8.240437 v _1063_/D (sky130_fd_sc_hd__dfrtp_1)
                                              8.240437   data arrival time

                                 10.000000   10.000000   clock clk (rise edge)
                                  0.000000   10.000000   clock source latency
     1    0.013667    0.106385    0.071061   10.071061 ^ clk (in)
                                                         clk (net)
                      0.106405    0.000000   10.071061 ^ clkbuf_0_clk/A (sky130_fd_sc_hd__clkbuf_16)
     4    0.042516    0.097035    0.269400   10.340461 ^ clkbuf_0_clk/X (sky130_fd_sc_hd__clkbuf_16)
                                                         clknet_0_clk (net)
                      0.097169    0.002127   10.342588 ^ clkbuf_2_1__f_clk/A (sky130_fd_sc_hd__clkbuf_16)
     8    0.029645    0.079989    0.247182   10.589770 ^ clkbuf_2_1__f_clk/X (sky130_fd_sc_hd__clkbuf_16)
                                                         clknet_2_1__leaf_clk (net)
                      0.080023    0.001489   10.591259 ^ _1063_/CLK (sky130_fd_sc_hd__dfrtp_1)
                                 -0.250000   10.341259   clock uncertainty
                                  0.000000   10.341259   clock reconvergence pessimism
                                 -0.275991   10.065268   library setup time
                                             10.065268   data required time
---------------------------------------------------------------------------------------------
                                             10.065268   data required time
                                             -8.240437   data arrival time
---------------------------------------------------------------------------------------------
                                              1.824832   slack (MET)


Startpoint: weight_in[1] (input port clocked by clk)
Endpoint: _1046_ (rising edge-triggered flip-flop clocked by clk)
Path Group: clk
Path Type: max

Fanout         Cap        Slew       Delay        Time   Description
---------------------------------------------------------------------------------------------
                                  0.000000    0.000000   clock clk (rise edge)
                                  0.000000    0.000000   clock network delay (propagated)
                                  2.000000    2.000000 ^ input external delay
     1    0.003208    0.034954    0.018021    2.018021 ^ weight_in[1] (in)
                                                         weight_in[1] (net)
                      0.034954    0.000000    2.018021 ^ input12/A (sky130_fd_sc_hd__clkbuf_1)
     1    0.004541    0.102733    0.157677    2.175698 ^ input12/X (sky130_fd_sc_hd__clkbuf_1)
                                                         net12 (net)
                      0.102733    0.000317    2.176015 ^ fanout74/A (sky130_fd_sc_hd__buf_2)
     9    0.050678    0.395243    0.440251    2.616266 ^ fanout74/X (sky130_fd_sc_hd__buf_2)
                                                         net74 (net)
                      0.395249    0.001315    2.617581 ^ fanout73/A (sky130_fd_sc_hd__buf_4)
    10    0.032348    0.159014    0.414060    3.031641 ^ fanout73/X (sky130_fd_sc_hd__buf_4)
                                                         net73 (net)
                      0.159061    0.002672    3.034312 ^ _0587_/C_N (sky130_fd_sc_hd__or4bb_4)
     2    0.009056    0.171598    1.106683    4.140995 v _0587_/X (sky130_fd_sc_hd__or4bb_4)
                                                         _0090_ (net)
                      0.171598    0.000431    4.141426 v _0590_/A2 (sky130_fd_sc_hd__a211o_1)
     3    0.008783    0.138117    0.640946    4.782372 v _0590_/X (sky130_fd_sc_hd__a211o_1)
                                                         _0093_ (net)
                      0.138117    0.000484    4.782856 v _0621_/A2 (sky130_fd_sc_hd__a21bo_1)
     2    0.006262    0.089747    0.395754    5.178610 v _0621_/X (sky130_fd_sc_hd__a21bo_1)
                                                         _0123_ (net)
                      0.089772    0.000412    5.179022 v _0623_/B1 (sky130_fd_sc_hd__a21o_1)
     3    0.008240    0.102614    0.328674    5.507696 v _0623_/X (sky130_fd_sc_hd__a21o_1)
                                                         _0125_ (net)
                      0.102614    0.000405    5.508101 v _0624_/C (sky130_fd_sc_hd__and3_1)
     2    0.007345    0.107646    0.417056    5.925157 v _0624_/X (sky130_fd_sc_hd__and3_1)
                                                         _0126_ (net)
                      0.107647    0.000547    5.925704 v _0626_/A (sky130_fd_sc_hd__nor2_1)
     1    0.005662    0.206564    0.240696    6.166400 ^ _0626_/Y (sky130_fd_sc_hd__nor2_1)
                                                         _0128_ (net)
                      0.206632    0.000434    6.166835 ^ _0629_/A (sky130_fd_sc_hd__xor2_1)
     2    0.009828    0.384878    0.440179    6.607014 ^ _0629_/X (sky130_fd_sc_hd__xor2_1)
                                                         _0131_ (net)
                      0.384882    0.000897    6.607911 ^ _0631_/B (sky130_fd_sc_hd__xor2_1)
     2    0.007963    0.330021    0.458928    7.066838 ^ _0631_/X (sky130_fd_sc_hd__xor2_1)
                                                         _0133_ (net)
                      0.330021    0.000445    7.067284 ^ _0632_/B (sky130_fd_sc_hd__xor2_1)
     2    0.006965    0.167493    0.267569    7.334852 v _0632_/X (sky130_fd_sc_hd__xor2_1)
                                                         _0134_ (net)
                      0.167493    0.000316    7.335168 v _0633_/A1 (sky130_fd_sc_hd__mux2_1)
     1    0.002944    0.111428    0.690148    8.025316 v _0633_/X (sky130_fd_sc_hd__mux2_1)
                                                         _0010_ (net)
                      0.111428    0.000189    8.025506 v _1046_/D (sky130_fd_sc_hd__dfrtp_1)
                                              8.025506   data arrival time

                                 10.000000   10.000000   clock clk (rise edge)
                                  0.000000   10.000000   clock source latency
     1    0.013667    0.106385    0.071061   10.071061 ^ clk (in)
                                                         clk (net)
                      0.106405    0.000000   10.071061 ^ clkbuf_0_clk/A (sky130_fd_sc_hd__clkbuf_16)
     4    0.042516    0.097035    0.269400   10.340461 ^ clkbuf_0_clk/X (sky130_fd_sc_hd__clkbuf_16)
                                                         clknet_0_clk (net)
                      0.097169    0.002127   10.342588 ^ clkbuf_2_1__f_clk/A (sky130_fd_sc_hd__clkbuf_16)
     8    0.029645    0.079989    0.247182   10.589770 ^ clkbuf_2_1__f_clk/X (sky130_fd_sc_hd__clkbuf_16)
                                                         clknet_2_1__leaf_clk (net)
                      0.080004    0.001075   10.590845 ^ _1046_/CLK (sky130_fd_sc_hd__dfrtp_1)
                                 -0.250000   10.340845   clock uncertainty
                                  0.000000   10.340845   clock reconvergence pessimism
                                 -0.291173   10.049671   library setup time
                                             10.049671   data required time
---------------------------------------------------------------------------------------------
                                             10.049671   data required time
                                             -8.025506   data arrival time
---------------------------------------------------------------------------------------------
                                              2.024166   slack (MET)


Startpoint: weight_in[1] (input port clocked by clk)
Endpoint: _1062_ (rising edge-triggered flip-flop clocked by clk)
Path Group: clk
Path Type: max

Fanout         Cap        Slew       Delay        Time   Description
---------------------------------------------------------------------------------------------
                                  0.000000    0.000000   clock clk (rise edge)
                                  0.000000    0.000000   clock network delay (propagated)
                                  2.000000    2.000000 ^ input external delay
     1    0.003208    0.034954    0.018021    2.018021 ^ weight_in[1] (in)
                                                         weight_in[1] (net)
                      0.034954    0.000000    2.018021 ^ input12/A (sky130_fd_sc_hd__clkbuf_1)
     1    0.004541    0.102733    0.157677    2.175698 ^ input12/X (sky130_fd_sc_hd__clkbuf_1)
                                                         net12 (net)
                      0.102733    0.000317    2.176015 ^ fanout74/A (sky130_fd_sc_hd__buf_2)
     9    0.050678    0.395243    0.440251    2.616266 ^ fanout74/X (sky130_fd_sc_hd__buf_2)
                                                         net74 (net)
                      0.395249    0.001315    2.617581 ^ fanout73/A (sky130_fd_sc_hd__buf_4)
    10    0.032348    0.159014    0.414060    3.031641 ^ fanout73/X (sky130_fd_sc_hd__buf_4)
                                                         net73 (net)
                      0.159061    0.002672    3.034312 ^ _0587_/C_N (sky130_fd_sc_hd__or4bb_4)
     2    0.009056    0.171598    1.106683    4.140995 v _0587_/X (sky130_fd_sc_hd__or4bb_4)
                                                         _0090_ (net)
                      0.171598    0.000431    4.141426 v _0590_/A2 (sky130_fd_sc_hd__a211o_1)
     3    0.008783    0.138117    0.640946    4.782372 v _0590_/X (sky130_fd_sc_hd__a211o_1)
                                                         _0093_ (net)
                      0.138117    0.000484    4.782856 v _0621_/A2 (sky130_fd_sc_hd__a21bo_1)
     2    0.006262    0.089747    0.395754    5.178610 v _0621_/X (sky130_fd_sc_hd__a21bo_1)
                                                         _0123_ (net)
                      0.089772    0.000412    5.179022 v _0623_/B1 (sky130_fd_sc_hd__a21o_1)
     3    0.008240    0.102614    0.328674    5.507696 v _0623_/X (sky130_fd_sc_hd__a21o_1)
                                                         _0125_ (net)
                      0.102614    0.000405    5.508101 v _0624_/C (sky130_fd_sc_hd__and3_1)
     2    0.007345    0.107646    0.417056    5.925157 v _0624_/X (sky130_fd_sc_hd__and3_1)
                                                         _0126_ (net)
                      0.107647    0.000547    5.925704 v _0626_/A (sky130_fd_sc_hd__nor2_1)
     1    0.005662    0.206564    0.240696    6.166400 ^ _0626_/Y (sky130_fd_sc_hd__nor2_1)
                                                         _0128_ (net)
                      0.206632    0.000434    6.166835 ^ _0629_/A (sky130_fd_sc_hd__xor2_1)
     2    0.009828    0.384878    0.440179    6.607014 ^ _0629_/X (sky130_fd_sc_hd__xor2_1)
                                                         _0131_ (net)
                      0.384882    0.000897    6.607911 ^ _0631_/B (sky130_fd_sc_hd__xor2_1)
     2    0.007963    0.330021    0.458928    7.066838 ^ _0631_/X (sky130_fd_sc_hd__xor2_1)
                                                         _0133_ (net)
                      0.330021    0.000445    7.067284 ^ _0632_/B (sky130_fd_sc_hd__xor2_1)
     2    0.006965    0.167493    0.267569    7.334852 v _0632_/X (sky130_fd_sc_hd__xor2_1)
                                                         _0134_ (net)
                      0.167493    0.000250    7.335102 v _1025_/B2 (sky130_fd_sc_hd__a22o_1)
     1    0.002266    0.066412    0.384738    7.719840 v _1025_/X (sky130_fd_sc_hd__a22o_1)
                                                         _0026_ (net)
                      0.066412    0.000155    7.719995 v _1062_/D (sky130_fd_sc_hd__dfrtp_1)
                                              7.719995   data arrival time

                                 10.000000   10.000000   clock clk (rise edge)
                                  0.000000   10.000000   clock source latency
     1    0.013667    0.106385    0.071061   10.071061 ^ clk (in)
                                                         clk (net)
                      0.106405    0.000000   10.071061 ^ clkbuf_0_clk/A (sky130_fd_sc_hd__clkbuf_16)
     4    0.042516    0.097035    0.269400   10.340461 ^ clkbuf_0_clk/X (sky130_fd_sc_hd__clkbuf_16)
                                                         clknet_0_clk (net)
                      0.097169    0.002127   10.342588 ^ clkbuf_2_1__f_clk/A (sky130_fd_sc_hd__clkbuf_16)
     8    0.029645    0.079989    0.247182   10.589770 ^ clkbuf_2_1__f_clk/X (sky130_fd_sc_hd__clkbuf_16)
                                                         clknet_2_1__leaf_clk (net)
                      0.080032    0.001638   10.591408 ^ _1062_/CLK (sky130_fd_sc_hd__dfrtp_1)
                                 -0.250000   10.341408   clock uncertainty
                                  0.000000   10.341408   clock reconvergence pessimism
                                 -0.272395   10.069014   library setup time
                                             10.069014   data required time
---------------------------------------------------------------------------------------------
                                             10.069014   data required time
                                             -7.719995   data arrival time
---------------------------------------------------------------------------------------------
                                              2.349018   slack (MET)


Startpoint: pixel_in[3] (input port clocked by clk)
Endpoint: _1045_ (rising edge-triggered flip-flop clocked by clk)
Path Group: clk
Path Type: max

Fanout         Cap        Slew       Delay        Time   Description
---------------------------------------------------------------------------------------------
                                  0.000000    0.000000   clock clk (rise edge)
                                  0.000000    0.000000   clock network delay (propagated)
                                  2.000000    2.000000 ^ input external delay
     1    0.003154    0.034593    0.017705    2.017705 ^ pixel_in[3] (in)
                                                         pixel_in[3] (net)
                      0.034593    0.000000    2.017705 ^ input4/A (sky130_fd_sc_hd__buf_1)
     2    0.015759    0.305793    0.302187    2.319893 ^ input4/X (sky130_fd_sc_hd__buf_1)
                                                         net4 (net)
                      0.305798    0.001043    2.320935 ^ fanout58/A (sky130_fd_sc_hd__clkbuf_2)
    10    0.035711    0.307243    0.461833    2.782768 ^ fanout58/X (sky130_fd_sc_hd__clkbuf_2)
                                                         net58 (net)
                      0.307284    0.003603    2.786371 ^ _0563_/A2 (sky130_fd_sc_hd__a21oi_1)
     3    0.007641    0.166898    0.276187    3.062558 v _0563_/Y (sky130_fd_sc_hd__a21oi_1)
                                                         _0067_ (net)
                      0.166898    0.000273    3.062830 v _0566_/A (sky130_fd_sc_hd__or4bb_4)
     2    0.006919    0.165530    1.107774    4.170604 v _0566_/X (sky130_fd_sc_hd__or4bb_4)
                                                         _0070_ (net)
                      0.165530    0.000374    4.170979 v _0568_/B1 (sky130_fd_sc_hd__o211a_1)
     2    0.005846    0.098260    0.299839    4.470817 v _0568_/X (sky130_fd_sc_hd__o211a_1)
                                                         _0072_ (net)
                      0.098260    0.000242    4.471060 v _0570_/A_N (sky130_fd_sc_hd__nand2b_1)
     1    0.005854    0.132656    0.342947    4.814007 v _0570_/Y (sky130_fd_sc_hd__nand2b_1)
                                                         _0074_ (net)
                      0.132656    0.000414    4.814421 v _0571_/B (sky130_fd_sc_hd__xnor2_1)
     2    0.010076    0.203210    0.315925    5.130345 v _0571_/Y (sky130_fd_sc_hd__xnor2_1)
                                                         _0075_ (net)
                      0.203210    0.000754    5.131099 v _0573_/C (sky130_fd_sc_hd__or3_1)
     2    0.009850    0.209319    0.864999    5.996098 v _0573_/X (sky130_fd_sc_hd__or3_1)
                                                         _0077_ (net)
                      0.209319    0.000523    5.996621 v _0574_/C (sky130_fd_sc_hd__and3_1)
     2    0.009487    0.125499    0.488270    6.484891 v _0574_/X (sky130_fd_sc_hd__and3_1)
                                                         _0078_ (net)
                      0.125499    0.000569    6.485460 v _0575_/A (sky130_fd_sc_hd__inv_2)
     2    0.005630    0.061853    0.104921    6.590381 ^ _0575_/Y (sky130_fd_sc_hd__inv_2)
                                                         _0079_ (net)
                      0.061859    0.000335    6.590717 ^ _0601_/A (sky130_fd_sc_hd__and2_1)
     1    0.003556    0.089562    0.220850    6.811566 ^ _0601_/X (sky130_fd_sc_hd__and2_1)
                                                         _0104_ (net)
                      0.089562    0.000153    6.811719 ^ _0602_/B (sky130_fd_sc_hd__nor2_1)
     2    0.006701    0.118088    0.102676    6.914395 v _0602_/Y (sky130_fd_sc_hd__nor2_1)
                                                         _0105_ (net)
                      0.118088    0.000217    6.914612 v _0603_/A1 (sky130_fd_sc_hd__mux2_1)
     1    0.003396    0.116101    0.678452    7.593063 v _0603_/X (sky130_fd_sc_hd__mux2_1)
                                                         _0009_ (net)
                      0.116101    0.000213    7.593277 v _1045_/D (sky130_fd_sc_hd__dfrtp_1)
                                              7.593277   data arrival time

                                 10.000000   10.000000   clock clk (rise edge)
                                  0.000000   10.000000   clock source latency
     1    0.013667    0.106385    0.071061   10.071061 ^ clk (in)
                                                         clk (net)
                      0.106405    0.000000   10.071061 ^ clkbuf_0_clk/A (sky130_fd_sc_hd__clkbuf_16)
     4    0.042516    0.097035    0.269400   10.340461 ^ clkbuf_0_clk/X (sky130_fd_sc_hd__clkbuf_16)
                                                         clknet_0_clk (net)
                      0.097169    0.002127   10.342588 ^ clkbuf_2_1__f_clk/A (sky130_fd_sc_hd__clkbuf_16)
     8    0.029645    0.079989    0.247182   10.589770 ^ clkbuf_2_1__f_clk/X (sky130_fd_sc_hd__clkbuf_16)
                                                         clknet_2_1__leaf_clk (net)
                      0.080036    0.001699   10.591470 ^ _1045_/CLK (sky130_fd_sc_hd__dfrtp_1)
                                 -0.250000   10.341470   clock uncertainty
                                  0.000000   10.341470   clock reconvergence pessimism
                                 -0.293113   10.048356   library setup time
                                             10.048356   data required time
---------------------------------------------------------------------------------------------
                                             10.048356   data required time
                                             -7.593277   data arrival time
---------------------------------------------------------------------------------------------
                                              2.455080   slack (MET)


Startpoint: pixel_in[3] (input port clocked by clk)
Endpoint: _1061_ (rising edge-triggered flip-flop clocked by clk)
Path Group: clk
Path Type: max

Fanout         Cap        Slew       Delay        Time   Description
---------------------------------------------------------------------------------------------
                                  0.000000    0.000000   clock clk (rise edge)
                                  0.000000    0.000000   clock network delay (propagated)
                                  2.000000    2.000000 ^ input external delay
     1    0.003154    0.034593    0.017705    2.017705 ^ pixel_in[3] (in)
                                                         pixel_in[3] (net)
                      0.034593    0.000000    2.017705 ^ input4/A (sky130_fd_sc_hd__buf_1)
     2    0.015759    0.305793    0.302187    2.319893 ^ input4/X (sky130_fd_sc_hd__buf_1)
                                                         net4 (net)
                      0.305798    0.001043    2.320935 ^ fanout58/A (sky130_fd_sc_hd__clkbuf_2)
    10    0.035711    0.307243    0.461833    2.782768 ^ fanout58/X (sky130_fd_sc_hd__clkbuf_2)
                                                         net58 (net)
                      0.307284    0.003603    2.786371 ^ _0563_/A2 (sky130_fd_sc_hd__a21oi_1)
     3    0.007641    0.166898    0.276187    3.062558 v _0563_/Y (sky130_fd_sc_hd__a21oi_1)
                                                         _0067_ (net)
                      0.166898    0.000273    3.062830 v _0566_/A (sky130_fd_sc_hd__or4bb_4)
     2    0.006919    0.165530    1.107774    4.170604 v _0566_/X (sky130_fd_sc_hd__or4bb_4)
                                                         _0070_ (net)
                      0.165530    0.000374    4.170979 v _0568_/B1 (sky130_fd_sc_hd__o211a_1)
     2    0.005846    0.098260    0.299839    4.470817 v _0568_/X (sky130_fd_sc_hd__o211a_1)
                                                         _0072_ (net)
                      0.098260    0.000242    4.471060 v _0570_/A_N (sky130_fd_sc_hd__nand2b_1)
     1    0.005854    0.132656    0.342947    4.814007 v _0570_/Y (sky130_fd_sc_hd__nand2b_1)
                                                         _0074_ (net)
                      0.132656    0.000414    4.814421 v _0571_/B (sky130_fd_sc_hd__xnor2_1)
     2    0.010076    0.203210    0.315925    5.130345 v _0571_/Y (sky130_fd_sc_hd__xnor2_1)
                                                         _0075_ (net)
                      0.203210    0.000754    5.131099 v _0573_/C (sky130_fd_sc_hd__or3_1)
     2    0.009850    0.209319    0.864999    5.996098 v _0573_/X (sky130_fd_sc_hd__or3_1)
                                                         _0077_ (net)
                      0.209319    0.000523    5.996621 v _0574_/C (sky130_fd_sc_hd__and3_1)
     2    0.009487    0.125499    0.488270    6.484891 v _0574_/X (sky130_fd_sc_hd__and3_1)
                                                         _0078_ (net)
                      0.125499    0.000569    6.485460 v _0575_/A (sky130_fd_sc_hd__inv_2)
     2    0.005630    0.061853    0.104921    6.590381 ^ _0575_/Y (sky130_fd_sc_hd__inv_2)
                                                         _0079_ (net)
                      0.061859    0.000335    6.590717 ^ _0601_/A (sky130_fd_sc_hd__and2_1)
     1    0.003556    0.089562    0.220850    6.811566 ^ _0601_/X (sky130_fd_sc_hd__and2_1)
                                                         _0104_ (net)
                      0.089562    0.000153    6.811719 ^ _0602_/B (sky130_fd_sc_hd__nor2_1)
     2    0.006701    0.118088    0.102676    6.914395 v _0602_/Y (sky130_fd_sc_hd__nor2_1)
                                                         _0105_ (net)
                      0.118088    0.000346    6.914741 v _1024_/B2 (sky130_fd_sc_hd__a22o_1)
     1    0.002489    0.068323    0.367788    7.282529 v _1024_/X (sky130_fd_sc_hd__a22o_1)
                                                         _0025_ (net)
                      0.068323    0.000181    7.282710 v _1061_/D (sky130_fd_sc_hd__dfrtp_1)
                                              7.282710   data arrival time

                                 10.000000   10.000000   clock clk (rise edge)
                                  0.000000   10.000000   clock source latency
     1    0.013667    0.106385    0.071061   10.071061 ^ clk (in)
                                                         clk (net)
                      0.106405    0.000000   10.071061 ^ clkbuf_0_clk/A (sky130_fd_sc_hd__clkbuf_16)
     4    0.042516    0.097035    0.269400   10.340461 ^ clkbuf_0_clk/X (sky130_fd_sc_hd__clkbuf_16)
                                                         clknet_0_clk (net)
                      0.097169    0.002127   10.342588 ^ clkbuf_2_1__f_clk/A (sky130_fd_sc_hd__clkbuf_16)
     8    0.029645    0.079989    0.247182   10.589770 ^ clkbuf_2_1__f_clk/X (sky130_fd_sc_hd__clkbuf_16)
                                                         clknet_2_1__leaf_clk (net)
                      0.080033    0.001663   10.591433 ^ _1061_/CLK (sky130_fd_sc_hd__dfrtp_1)
                                 -0.250000   10.341433   clock uncertainty
                                  0.000000   10.341433   clock reconvergence pessimism
                                 -0.273191   10.068242   library setup time
                                             10.068242   data required time
---------------------------------------------------------------------------------------------
                                             10.068242   data required time
                                             -7.282710   data arrival time
---------------------------------------------------------------------------------------------
                                              2.785532   slack (MET)


Startpoint: pixel_in[3] (input port clocked by clk)
Endpoint: _1044_ (rising edge-triggered flip-flop clocked by clk)
Path Group: clk
Path Type: max

Fanout         Cap        Slew       Delay        Time   Description
---------------------------------------------------------------------------------------------
                                  0.000000    0.000000   clock clk (rise edge)
                                  0.000000    0.000000   clock network delay (propagated)
                                  2.000000    2.000000 ^ input external delay
     1    0.003154    0.034593    0.017705    2.017705 ^ pixel_in[3] (in)
                                                         pixel_in[3] (net)
                      0.034593    0.000000    2.017705 ^ input4/A (sky130_fd_sc_hd__buf_1)
     2    0.015759    0.305793    0.302187    2.319893 ^ input4/X (sky130_fd_sc_hd__buf_1)
                                                         net4 (net)
                      0.305798    0.001043    2.320935 ^ fanout58/A (sky130_fd_sc_hd__clkbuf_2)
    10    0.035711    0.307243    0.461833    2.782768 ^ fanout58/X (sky130_fd_sc_hd__clkbuf_2)
                                                         net58 (net)
                      0.307284    0.003603    2.786371 ^ _0563_/A2 (sky130_fd_sc_hd__a21oi_1)
     3    0.007641    0.166898    0.276187    3.062558 v _0563_/Y (sky130_fd_sc_hd__a21oi_1)
                                                         _0067_ (net)
                      0.166898    0.000273    3.062830 v _0566_/A (sky130_fd_sc_hd__or4bb_4)
     2    0.006919    0.165530    1.107774    4.170604 v _0566_/X (sky130_fd_sc_hd__or4bb_4)
                                                         _0070_ (net)
                      0.165530    0.000374    4.170979 v _0568_/B1 (sky130_fd_sc_hd__o211a_1)
     2    0.005846    0.098260    0.299839    4.470817 v _0568_/X (sky130_fd_sc_hd__o211a_1)
                                                         _0072_ (net)
                      0.098260    0.000242    4.471060 v _0570_/A_N (sky130_fd_sc_hd__nand2b_1)
     1    0.005854    0.132656    0.342947    4.814007 v _0570_/Y (sky130_fd_sc_hd__nand2b_1)
                                                         _0074_ (net)
                      0.132656    0.000414    4.814421 v _0571_/B (sky130_fd_sc_hd__xnor2_1)
     2    0.010076    0.203210    0.315925    5.130345 v _0571_/Y (sky130_fd_sc_hd__xnor2_1)
                                                         _0075_ (net)
                      0.203210    0.000754    5.131099 v _0573_/C (sky130_fd_sc_hd__or3_1)
     2    0.009850    0.209319    0.864999    5.996098 v _0573_/X (sky130_fd_sc_hd__or3_1)
                                                         _0077_ (net)
                      0.209319    0.000434    5.996532 v _0576_/A2 (sky130_fd_sc_hd__a21oi_1)
     1    0.003767    0.195567    0.307284    6.303816 ^ _0576_/Y (sky130_fd_sc_hd__a21oi_1)
                                                         _0080_ (net)
                      0.195567    0.000275    6.304091 ^ _0577_/B (sky130_fd_sc_hd__nor2_1)
     2    0.006831    0.085982    0.150662    6.454753 v _0577_/Y (sky130_fd_sc_hd__nor2_1)
                                                         _0081_ (net)
                      0.085983    0.000410    6.455163 v _0578_/A1 (sky130_fd_sc_hd__mux2_1)
     1    0.002950    0.111502    0.658040    7.113203 v _0578_/X (sky130_fd_sc_hd__mux2_1)
                                                         _0008_ (net)
                      0.111502    0.000187    7.113390 v _1044_/D (sky130_fd_sc_hd__dfrtp_1)
                                              7.113390   data arrival time

                                 10.000000   10.000000   clock clk (rise edge)
                                  0.000000   10.000000   clock source latency
     1    0.013667    0.106385    0.071061   10.071061 ^ clk (in)
                                                         clk (net)
                      0.106405    0.000000   10.071061 ^ clkbuf_0_clk/A (sky130_fd_sc_hd__clkbuf_16)
     4    0.042516    0.097035    0.269400   10.340461 ^ clkbuf_0_clk/X (sky130_fd_sc_hd__clkbuf_16)
                                                         clknet_0_clk (net)
                      0.097160    0.001985   10.342446 ^ clkbuf_2_0__f_clk/A (sky130_fd_sc_hd__clkbuf_16)
    10    0.030935    0.081783    0.248926   10.591372 ^ clkbuf_2_0__f_clk/X (sky130_fd_sc_hd__clkbuf_16)
                                                         clknet_2_0__leaf_clk (net)
                      0.081819    0.001559   10.592932 ^ _1044_/CLK (sky130_fd_sc_hd__dfrtp_1)
                                 -0.250000   10.342931   clock uncertainty
                                  0.000000   10.342931   clock reconvergence pessimism
                                 -0.290720   10.052212   library setup time
                                             10.052212   data required time
---------------------------------------------------------------------------------------------
                                             10.052212   data required time
                                             -7.113390   data arrival time
---------------------------------------------------------------------------------------------
                                              2.938822   slack (MET)


Startpoint: pixel_in[3] (input port clocked by clk)
Endpoint: _1060_ (rising edge-triggered flip-flop clocked by clk)
Path Group: clk
Path Type: max

Fanout         Cap        Slew       Delay        Time   Description
---------------------------------------------------------------------------------------------
                                  0.000000    0.000000   clock clk (rise edge)
                                  0.000000    0.000000   clock network delay (propagated)
                                  2.000000    2.000000 ^ input external delay
     1    0.003154    0.034593    0.017705    2.017705 ^ pixel_in[3] (in)
                                                         pixel_in[3] (net)
                      0.034593    0.000000    2.017705 ^ input4/A (sky130_fd_sc_hd__buf_1)
     2    0.015759    0.305793    0.302187    2.319893 ^ input4/X (sky130_fd_sc_hd__buf_1)
                                                         net4 (net)
                      0.305798    0.001043    2.320935 ^ fanout58/A (sky130_fd_sc_hd__clkbuf_2)
    10    0.035711    0.307243    0.461833    2.782768 ^ fanout58/X (sky130_fd_sc_hd__clkbuf_2)
                                                         net58 (net)
                      0.307284    0.003603    2.786371 ^ _0563_/A2 (sky130_fd_sc_hd__a21oi_1)
     3    0.007641    0.166898    0.276187    3.062558 v _0563_/Y (sky130_fd_sc_hd__a21oi_1)
                                                         _0067_ (net)
                      0.166898    0.000273    3.062830 v _0566_/A (sky130_fd_sc_hd__or4bb_4)
     2    0.006919    0.165530    1.107774    4.170604 v _0566_/X (sky130_fd_sc_hd__or4bb_4)
                                                         _0070_ (net)
                      0.165530    0.000374    4.170979 v _0568_/B1 (sky130_fd_sc_hd__o211a_1)
     2    0.005846    0.098260    0.299839    4.470817 v _0568_/X (sky130_fd_sc_hd__o211a_1)
                                                         _0072_ (net)
                      0.098260    0.000242    4.471060 v _0570_/A_N (sky130_fd_sc_hd__nand2b_1)
     1    0.005854    0.132656    0.342947    4.814007 v _0570_/Y (sky130_fd_sc_hd__nand2b_1)
                                                         _0074_ (net)
                      0.132656    0.000414    4.814421 v _0571_/B (sky130_fd_sc_hd__xnor2_1)
     2    0.010076    0.203210    0.315925    5.130345 v _0571_/Y (sky130_fd_sc_hd__xnor2_1)
                                                         _0075_ (net)
                      0.203210    0.000754    5.131099 v _0573_/C (sky130_fd_sc_hd__or3_1)
     2    0.009850    0.209319    0.864999    5.996098 v _0573_/X (sky130_fd_sc_hd__or3_1)
                                                         _0077_ (net)
                      0.209319    0.000523    5.996621 v _0574_/C (sky130_fd_sc_hd__and3_1)
     2    0.009487    0.125499    0.488270    6.484891 v _0574_/X (sky130_fd_sc_hd__and3_1)
                                                         _0078_ (net)
                      0.125499    0.000299    6.485190 v _0577_/A (sky130_fd_sc_hd__nor2_1)
     2    0.007236    0.249948    0.280818    6.766007 ^ _0577_/Y (sky130_fd_sc_hd__nor2_1)
                                                         _0081_ (net)
                      0.249949    0.000386    6.766394 ^ _1023_/B2 (sky130_fd_sc_hd__a22o_1)
     1    0.006278    0.127837    0.349193    7.115587 ^ _1023_/X (sky130_fd_sc_hd__a22o_1)
                                                         _0024_ (net)
                      0.127837    0.000421    7.116007 ^ _1060_/D (sky130_fd_sc_hd__dfrtp_1)
                                              7.116007   data arrival time

                                 10.000000   10.000000   clock clk (rise edge)
                                  0.000000   10.000000   clock source latency
     1    0.013667    0.106385    0.071061   10.071061 ^ clk (in)
                                                         clk (net)
                      0.106405    0.000000   10.071061 ^ clkbuf_0_clk/A (sky130_fd_sc_hd__clkbuf_16)
     4    0.042516    0.097035    0.269400   10.340461 ^ clkbuf_0_clk/X (sky130_fd_sc_hd__clkbuf_16)
                                                         clknet_0_clk (net)
                      0.097160    0.001985   10.342446 ^ clkbuf_2_0__f_clk/A (sky130_fd_sc_hd__clkbuf_16)
    10    0.030935    0.081783    0.248926   10.591372 ^ clkbuf_2_0__f_clk/X (sky130_fd_sc_hd__clkbuf_16)
                                                         clknet_2_0__leaf_clk (net)
                      0.081828    0.001726   10.593099 ^ _1060_/CLK (sky130_fd_sc_hd__dfrtp_1)
                                 -0.250000   10.343099   clock uncertainty
                                  0.000000   10.343099   clock reconvergence pessimism
                                 -0.145533   10.197566   library setup time
                                             10.197566   data required time
---------------------------------------------------------------------------------------------
                                             10.197566   data required time
                                             -7.116007   data arrival time
---------------------------------------------------------------------------------------------
                                              3.081558   slack (MET)


Startpoint: pixel_in[2] (input port clocked by clk)
Endpoint: _1043_ (rising edge-triggered flip-flop clocked by clk)
Path Group: clk
Path Type: max

Fanout         Cap        Slew       Delay        Time   Description
---------------------------------------------------------------------------------------------
                                  0.000000    0.000000   clock clk (rise edge)
                                  0.000000    0.000000   clock network delay (propagated)
                                  2.000000    2.000000 ^ input external delay
     1    0.002913    0.032992    0.016433    2.016433 ^ pixel_in[2] (in)
                                                         pixel_in[2] (net)
                      0.032992    0.000000    2.016433 ^ input3/A (sky130_fd_sc_hd__buf_1)
     2    0.012585    0.247914    0.260702    2.277136 ^ input3/X (sky130_fd_sc_hd__buf_1)
                                                         net3 (net)
                      0.247917    0.000708    2.277843 ^ fanout60/A (sky130_fd_sc_hd__clkbuf_2)
    10    0.037361    0.320190    0.449709    2.727552 ^ fanout60/X (sky130_fd_sc_hd__clkbuf_2)
                                                         net60 (net)
                      0.320225    0.003462    2.731014 ^ _0546_/B (sky130_fd_sc_hd__and3_1)
     4    0.010938    0.196497    0.476831    3.207846 ^ _0546_/X (sky130_fd_sc_hd__and3_1)
                                                         _0051_ (net)
                      0.196497    0.000333    3.208179 ^ _0547_/B_N (sky130_fd_sc_hd__and4bb_1)
     3    0.009561    0.131904    0.535926    3.744104 v _0547_/X (sky130_fd_sc_hd__and4bb_1)
                                                         _0052_ (net)
                      0.131904    0.000372    3.744476 v _0549_/A (sky130_fd_sc_hd__nor2_1)
     2    0.012476    0.394638    0.391569    4.136045 ^ _0549_/Y (sky130_fd_sc_hd__nor2_1)
                                                         _0054_ (net)
                      0.394646    0.001459    4.137504 ^ _0552_/A (sky130_fd_sc_hd__xnor2_1)
     2    0.007700    0.177032    0.313126    4.450630 v _0552_/Y (sky130_fd_sc_hd__xnor2_1)
                                                         _0057_ (net)
                      0.177032    0.000322    4.450952 v _0555_/A (sky130_fd_sc_hd__xor2_1)
     2    0.005592    0.145490    0.360064    4.811017 v _0555_/X (sky130_fd_sc_hd__xor2_1)
                                                         _0060_ (net)
                      0.145490    0.000351    4.811368 v _0556_/B (sky130_fd_sc_hd__nor2_1)
     3    0.009396    0.309438    0.308035    5.119402 ^ _0556_/Y (sky130_fd_sc_hd__nor2_1)
                                                         _0061_ (net)
                      0.309439    0.000380    5.119782 ^ _0558_/A (sky130_fd_sc_hd__nor2_1)
     2    0.009478    0.121916    0.226499    5.346282 v _0558_/Y (sky130_fd_sc_hd__nor2_1)
                                                         _0063_ (net)
                      0.121917    0.000632    5.346914 v _0559_/A1 (sky130_fd_sc_hd__mux2_1)
     1    0.003122    0.113189    0.675221    6.022135 v _0559_/X (sky130_fd_sc_hd__mux2_1)
                                                         _0007_ (net)
                      0.113189    0.000190    6.022325 v _1043_/D (sky130_fd_sc_hd__dfrtp_1)
                                              6.022325   data arrival time

                                 10.000000   10.000000   clock clk (rise edge)
                                  0.000000   10.000000   clock source latency
     1    0.013667    0.106385    0.071061   10.071061 ^ clk (in)
                                                         clk (net)
                      0.106405    0.000000   10.071061 ^ clkbuf_0_clk/A (sky130_fd_sc_hd__clkbuf_16)
     4    0.042516    0.097035    0.269400   10.340461 ^ clkbuf_0_clk/X (sky130_fd_sc_hd__clkbuf_16)
                                                         clknet_0_clk (net)
                      0.097160    0.001985   10.342446 ^ clkbuf_2_0__f_clk/A (sky130_fd_sc_hd__clkbuf_16)
    10    0.030935    0.081783    0.248926   10.591372 ^ clkbuf_2_0__f_clk/X (sky130_fd_sc_hd__clkbuf_16)
                                                         clknet_2_0__leaf_clk (net)
                      0.081820    0.001593   10.592965 ^ _1043_/CLK (sky130_fd_sc_hd__dfrtp_1)
                                 -0.250000   10.342965   clock uncertainty
                                  0.000000   10.342965   clock reconvergence pessimism
                                 -0.291423   10.051542   library setup time
                                             10.051542   data required time
---------------------------------------------------------------------------------------------
                                             10.051542   data required time
                                             -6.022325   data arrival time
---------------------------------------------------------------------------------------------
                                              4.029218   slack (MET)


Startpoint: pixel_in[2] (input port clocked by clk)
Endpoint: _1059_ (rising edge-triggered flip-flop clocked by clk)
Path Group: clk
Path Type: max

Fanout         Cap        Slew       Delay        Time   Description
---------------------------------------------------------------------------------------------
                                  0.000000    0.000000   clock clk (rise edge)
                                  0.000000    0.000000   clock network delay (propagated)
                                  2.000000    2.000000 ^ input external delay
     1    0.002913    0.032992    0.016433    2.016433 ^ pixel_in[2] (in)
                                                         pixel_in[2] (net)
                      0.032992    0.000000    2.016433 ^ input3/A (sky130_fd_sc_hd__buf_1)
     2    0.012585    0.247914    0.260702    2.277136 ^ input3/X (sky130_fd_sc_hd__buf_1)
                                                         net3 (net)
                      0.247917    0.000708    2.277843 ^ fanout60/A (sky130_fd_sc_hd__clkbuf_2)
    10    0.037361    0.320190    0.449709    2.727552 ^ fanout60/X (sky130_fd_sc_hd__clkbuf_2)
                                                         net60 (net)
                      0.320225    0.003462    2.731014 ^ _0546_/B (sky130_fd_sc_hd__and3_1)
     4    0.010938    0.196497    0.476831    3.207846 ^ _0546_/X (sky130_fd_sc_hd__and3_1)
                                                         _0051_ (net)
                      0.196497    0.000333    3.208179 ^ _0547_/B_N (sky130_fd_sc_hd__and4bb_1)
     3    0.009561    0.131904    0.535926    3.744104 v _0547_/X (sky130_fd_sc_hd__and4bb_1)
                                                         _0052_ (net)
                      0.131904    0.000372    3.744476 v _0549_/A (sky130_fd_sc_hd__nor2_1)
     2    0.012476    0.394638    0.391569    4.136045 ^ _0549_/Y (sky130_fd_sc_hd__nor2_1)
                                                         _0054_ (net)
                      0.394646    0.001459    4.137504 ^ _0552_/A (sky130_fd_sc_hd__xnor2_1)
     2    0.007700    0.177032    0.313126    4.450630 v _0552_/Y (sky130_fd_sc_hd__xnor2_1)
                                                         _0057_ (net)
                      0.177032    0.000322    4.450952 v _0555_/A (sky130_fd_sc_hd__xor2_1)
     2    0.005592    0.145490    0.360064    4.811017 v _0555_/X (sky130_fd_sc_hd__xor2_1)
                                                         _0060_ (net)
                      0.145490    0.000351    4.811368 v _0556_/B (sky130_fd_sc_hd__nor2_1)
     3    0.009396    0.309438    0.308035    5.119402 ^ _0556_/Y (sky130_fd_sc_hd__nor2_1)
                                                         _0061_ (net)
                      0.309439    0.000380    5.119782 ^ _0558_/A (sky130_fd_sc_hd__nor2_1)
     2    0.009478    0.121916    0.226499    5.346282 v _0558_/Y (sky130_fd_sc_hd__nor2_1)
                                                         _0063_ (net)
                      0.121917    0.000613    5.346895 v _1022_/B2 (sky130_fd_sc_hd__a22o_1)
     1    0.002611    0.069308    0.370830    5.717725 v _1022_/X (sky130_fd_sc_hd__a22o_1)
                                                         _0023_ (net)
                      0.069308    0.000171    5.717896 v _1059_/D (sky130_fd_sc_hd__dfrtp_1)
                                              5.717896   data arrival time

                                 10.000000   10.000000   clock clk (rise edge)
                                  0.000000   10.000000   clock source latency
     1    0.013667    0.106385    0.071061   10.071061 ^ clk (in)
                                                         clk (net)
                      0.106405    0.000000   10.071061 ^ clkbuf_0_clk/A (sky130_fd_sc_hd__clkbuf_16)
     4    0.042516    0.097035    0.269400   10.340461 ^ clkbuf_0_clk/X (sky130_fd_sc_hd__clkbuf_16)
                                                         clknet_0_clk (net)
                      0.097160    0.001985   10.342446 ^ clkbuf_2_0__f_clk/A (sky130_fd_sc_hd__clkbuf_16)
    10    0.030935    0.081783    0.248926   10.591372 ^ clkbuf_2_0__f_clk/X (sky130_fd_sc_hd__clkbuf_16)
                                                         clknet_2_0__leaf_clk (net)
                      0.081825    0.001673   10.593046 ^ _1059_/CLK (sky130_fd_sc_hd__dfrtp_1)
                                 -0.250000   10.343046   clock uncertainty
                                  0.000000   10.343046   clock reconvergence pessimism
                                 -0.273124   10.069921   library setup time
                                             10.069921   data required time
---------------------------------------------------------------------------------------------
                                             10.069921   data required time
                                             -5.717896   data arrival time
---------------------------------------------------------------------------------------------
                                              4.352025   slack (MET)


Startpoint: pixel_in[1] (input port clocked by clk)
Endpoint: _1042_ (rising edge-triggered flip-flop clocked by clk)
Path Group: clk
Path Type: max

Fanout         Cap        Slew       Delay        Time   Description
---------------------------------------------------------------------------------------------
                                  0.000000    0.000000   clock clk (rise edge)
                                  0.000000    0.000000   clock network delay (propagated)
                                  2.000000    2.000000 v input external delay
     1    0.002669    0.017958    0.008865    2.008865 v pixel_in[1] (in)
                                                         pixel_in[1] (net)
                      0.017958    0.000000    2.008865 v input2/A (sky130_fd_sc_hd__buf_1)
     2    0.008580    0.109929    0.186341    2.195206 v input2/X (sky130_fd_sc_hd__buf_1)
                                                         net2 (net)
                      0.109929    0.000341    2.195547 v fanout62/A (sky130_fd_sc_hd__buf_2)
    10    0.038139    0.181202    0.374361    2.569908 v fanout62/X (sky130_fd_sc_hd__buf_2)
                                                         net62 (net)
                      0.181345    0.004613    2.574521 v _0537_/B (sky130_fd_sc_hd__and3_1)
     3    0.007621    0.109893    0.429776    3.004297 v _0537_/X (sky130_fd_sc_hd__and3_1)
                                                         _0043_ (net)
                      0.109893    0.000484    3.004781 v _0539_/B2 (sky130_fd_sc_hd__o2bb2a_1)
     2    0.005605    0.131414    0.658319    3.663099 v _0539_/X (sky130_fd_sc_hd__o2bb2a_1)
                                                         _0045_ (net)
                      0.131414    0.000373    3.663472 v _0540_/B (sky130_fd_sc_hd__nor3b_1)
     2    0.008326    0.522971    0.526751    4.190223 ^ _0540_/Y (sky130_fd_sc_hd__nor3b_1)
                                                         _0046_ (net)
                      0.522971    0.000296    4.190519 ^ _0543_/A (sky130_fd_sc_hd__nor2_1)
     2    0.008151    0.153844    0.294621    4.485140 v _0543_/Y (sky130_fd_sc_hd__nor2_1)
                                                         _0049_ (net)
                      0.153844    0.000518    4.485658 v _0544_/A1 (sky130_fd_sc_hd__mux2_1)
     1    0.002406    0.106072    0.675470    5.161129 v _0544_/X (sky130_fd_sc_hd__mux2_1)
                                                         _0006_ (net)
                      0.106072    0.000175    5.161304 v _1042_/D (sky130_fd_sc_hd__dfrtp_1)
                                              5.161304   data arrival time

                                 10.000000   10.000000   clock clk (rise edge)
                                  0.000000   10.000000   clock source latency
     1    0.013667    0.106385    0.071061   10.071061 ^ clk (in)
                                                         clk (net)
                      0.106405    0.000000   10.071061 ^ clkbuf_0_clk/A (sky130_fd_sc_hd__clkbuf_16)
     4    0.042516    0.097035    0.269400   10.340461 ^ clkbuf_0_clk/X (sky130_fd_sc_hd__clkbuf_16)
                                                         clknet_0_clk (net)
                      0.097160    0.001985   10.342446 ^ clkbuf_2_0__f_clk/A (sky130_fd_sc_hd__clkbuf_16)
    10    0.030935    0.081783    0.248926   10.591372 ^ clkbuf_2_0__f_clk/X (sky130_fd_sc_hd__clkbuf_16)
                                                         clknet_2_0__leaf_clk (net)
                      0.081811    0.001415   10.592788 ^ _1042_/CLK (sky130_fd_sc_hd__dfrtp_1)
                                 -0.250000   10.342788   clock uncertainty
                                  0.000000   10.342788   clock reconvergence pessimism
                                 -0.288458   10.054330   library setup time
                                             10.054330   data required time
---------------------------------------------------------------------------------------------
                                             10.054330   data required time
                                             -5.161304   data arrival time
---------------------------------------------------------------------------------------------
                                              4.893026   slack (MET)


Startpoint: pixel_in[1] (input port clocked by clk)
Endpoint: _1058_ (rising edge-triggered flip-flop clocked by clk)
Path Group: clk
Path Type: max

Fanout         Cap        Slew       Delay        Time   Description
---------------------------------------------------------------------------------------------
                                  0.000000    0.000000   clock clk (rise edge)
                                  0.000000    0.000000   clock network delay (propagated)
                                  2.000000    2.000000 v input external delay
     1    0.002669    0.017958    0.008865    2.008865 v pixel_in[1] (in)
                                                         pixel_in[1] (net)
                      0.017958    0.000000    2.008865 v input2/A (sky130_fd_sc_hd__buf_1)
     2    0.008580    0.109929    0.186341    2.195206 v input2/X (sky130_fd_sc_hd__buf_1)
                                                         net2 (net)
                      0.109929    0.000341    2.195547 v fanout62/A (sky130_fd_sc_hd__buf_2)
    10    0.038139    0.181202    0.374361    2.569908 v fanout62/X (sky130_fd_sc_hd__buf_2)
                                                         net62 (net)
                      0.181345    0.004613    2.574521 v _0537_/B (sky130_fd_sc_hd__and3_1)
     3    0.007621    0.109893    0.429776    3.004297 v _0537_/X (sky130_fd_sc_hd__and3_1)
                                                         _0043_ (net)
                      0.109893    0.000484    3.004781 v _0539_/B2 (sky130_fd_sc_hd__o2bb2a_1)
     2    0.005605    0.131414    0.658319    3.663099 v _0539_/X (sky130_fd_sc_hd__o2bb2a_1)
                                                         _0045_ (net)
                      0.131414    0.000373    3.663472 v _0540_/B (sky130_fd_sc_hd__nor3b_1)
     2    0.008326    0.522971    0.526751    4.190223 ^ _0540_/Y (sky130_fd_sc_hd__nor3b_1)
                                                         _0046_ (net)
                      0.522971    0.000296    4.190519 ^ _0543_/A (sky130_fd_sc_hd__nor2_1)
     2    0.008151    0.153844    0.294621    4.485140 v _0543_/Y (sky130_fd_sc_hd__nor2_1)
                                                         _0049_ (net)
                      0.153844    0.000460    4.485600 v _1021_/B2 (sky130_fd_sc_hd__a22o_1)
     1    0.003545    0.077976    0.395032    4.880631 v _1021_/X (sky130_fd_sc_hd__a22o_1)
                                                         _0022_ (net)
                      0.077976    0.000224    4.880856 v _1058_/D (sky130_fd_sc_hd__dfrtp_1)
                                              4.880856   data arrival time

                                 10.000000   10.000000   clock clk (rise edge)
                                  0.000000   10.000000   clock source latency
     1    0.013667    0.106385    0.071061   10.071061 ^ clk (in)
                                                         clk (net)
                      0.106405    0.000000   10.071061 ^ clkbuf_0_clk/A (sky130_fd_sc_hd__clkbuf_16)
     4    0.042516    0.097035    0.269400   10.340461 ^ clkbuf_0_clk/X (sky130_fd_sc_hd__clkbuf_16)
                                                         clknet_0_clk (net)
                      0.097160    0.001985   10.342446 ^ clkbuf_2_0__f_clk/A (sky130_fd_sc_hd__clkbuf_16)
    10    0.030935    0.081783    0.248926   10.591372 ^ clkbuf_2_0__f_clk/X (sky130_fd_sc_hd__clkbuf_16)
                                                         clknet_2_0__leaf_clk (net)
                      0.081818    0.001556   10.592929 ^ _1058_/CLK (sky130_fd_sc_hd__dfrtp_1)
                                 -0.250000   10.342929   clock uncertainty
                                  0.000000   10.342929   clock reconvergence pessimism
                                 -0.276741   10.066188   library setup time
                                             10.066188   data required time
---------------------------------------------------------------------------------------------
                                             10.066188   data required time
                                             -4.880856   data arrival time
---------------------------------------------------------------------------------------------
                                              5.185333   slack (MET)


Startpoint: valid_in (input port clocked by clk)
Endpoint: _1036_ (rising edge-triggered flip-flop clocked by clk)
Path Group: clk
Path Type: max

Fanout         Cap        Slew       Delay        Time   Description
---------------------------------------------------------------------------------------------
                                  0.000000    0.000000   clock clk (rise edge)
                                  0.000000    0.000000   clock network delay (propagated)
                                  2.000000    2.000000 v input external delay
     1    0.004924    0.026819    0.015989    2.015989 v valid_in (in)
                                                         valid_in (net)
                      0.026822    0.000000    2.015989 v input10/A (sky130_fd_sc_hd__buf_1)
     4    0.015721    0.185602    0.247265    2.263254 v input10/X (sky130_fd_sc_hd__buf_1)
                                                         net10 (net)
                      0.185603    0.000808    2.264062 v _0518_/A (sky130_fd_sc_hd__inv_2)
     2    0.011319    0.105472    0.161326    2.425388 ^ _0518_/Y (sky130_fd_sc_hd__inv_2)
                                                         _0511_ (net)
                      0.105472    0.000448    2.425837 ^ fanout44/A (sky130_fd_sc_hd__buf_2)
    10    0.041060    0.322919    0.395113    2.820949 ^ fanout44/X (sky130_fd_sc_hd__buf_2)
                                                         net44 (net)
                      0.322919    0.001095    2.822044 ^ _0523_/A (sky130_fd_sc_hd__nor2_1)
     2    0.013500    0.214355    0.258074    3.080118 v _0523_/Y (sky130_fd_sc_hd__nor2_1)
                                                         _0515_ (net)
                      0.214355    0.000776    3.080894 v fanout38/A (sky130_fd_sc_hd__buf_2)
    10    0.037571    0.179651    0.423237    3.504131 v fanout38/X (sky130_fd_sc_hd__buf_2)
                                                         net38 (net)
                      0.179653    0.000929    3.505060 v _0524_/A0 (sky130_fd_sc_hd__mux2_1)
     1    0.002950    0.111767    0.673011    4.178071 v _0524_/X (sky130_fd_sc_hd__mux2_1)
                                                         _0001_ (net)
                      0.111767    0.000180    4.178251 v _1036_/D (sky130_fd_sc_hd__dfrtp_1)
                                              4.178251   data arrival time

                                 10.000000   10.000000   clock clk (rise edge)
                                  0.000000   10.000000   clock source latency
     1    0.013667    0.106385    0.071061   10.071061 ^ clk (in)
                                                         clk (net)
                      0.106405    0.000000   10.071061 ^ clkbuf_0_clk/A (sky130_fd_sc_hd__clkbuf_16)
     4    0.042516    0.097035    0.269400   10.340461 ^ clkbuf_0_clk/X (sky130_fd_sc_hd__clkbuf_16)
                                                         clknet_0_clk (net)
                      0.097160    0.001985   10.342446 ^ clkbuf_2_0__f_clk/A (sky130_fd_sc_hd__clkbuf_16)
    10    0.030935    0.081783    0.248926   10.591372 ^ clkbuf_2_0__f_clk/X (sky130_fd_sc_hd__clkbuf_16)
                                                         clknet_2_0__leaf_clk (net)
                      0.081816    0.001508   10.592880 ^ _1036_/CLK (sky130_fd_sc_hd__dfrtp_1)
                                 -0.250000   10.342880   clock uncertainty
                                  0.000000   10.342880   clock reconvergence pessimism
                                 -0.290831   10.052051   library setup time
                                             10.052051   data required time
---------------------------------------------------------------------------------------------
                                             10.052051   data required time
                                             -4.178251   data arrival time
---------------------------------------------------------------------------------------------
                                              5.873799   slack (MET)


Startpoint: _1050_ (rising edge-triggered flip-flop clocked by clk)
Endpoint: mac_out[9] (output port clocked by clk)
Path Group: clk
Path Type: max

Fanout         Cap        Slew       Delay        Time   Description
---------------------------------------------------------------------------------------------
                                  0.000000    0.000000   clock clk (rise edge)
                                  0.000000    0.000000   clock source latency
     1    0.013667    0.106385    0.071062    0.071062 ^ clk (in)
                                                         clk (net)
                      0.106405    0.000000    0.071062 ^ clkbuf_0_clk/A (sky130_fd_sc_hd__clkbuf_16)
     4    0.042516    0.097035    0.269399    0.340461 ^ clkbuf_0_clk/X (sky130_fd_sc_hd__clkbuf_16)
                                                         clknet_0_clk (net)
                      0.097136    0.001586    0.342047 ^ clkbuf_2_3__f_clk/A (sky130_fd_sc_hd__clkbuf_16)
    11    0.034762    0.087318    0.253585    0.595631 ^ clkbuf_2_3__f_clk/X (sky130_fd_sc_hd__clkbuf_16)
                                                         clknet_2_3__leaf_clk (net)
                      0.087530    0.003694    0.599325 ^ _1050_/CLK (sky130_fd_sc_hd__dfrtp_1)
     2    0.009556    0.134169    0.807047    1.406372 v _1050_/Q (sky130_fd_sc_hd__dfrtp_1)
                                                         net34 (net)
                      0.134169    0.000446    1.406817 v output34/A (sky130_fd_sc_hd__buf_2)
     1    0.037333    0.178514    0.384043    1.790860 v output34/X (sky130_fd_sc_hd__buf_2)
                                                         mac_out[9] (net)
                      0.178542    0.002243    1.793103 v mac_out[9] (out)
                                              1.793103   data arrival time

                                 10.000000   10.000000   clock clk (rise edge)
                                  0.000000   10.000000   clock network delay (propagated)
                                 -0.250000    9.750000   clock uncertainty
                                  0.000000    9.750000   clock reconvergence pessimism
                                 -2.000000    7.750000   output external delay
                                              7.750000   data required time
---------------------------------------------------------------------------------------------
                                              7.750000   data required time
                                             -1.793103   data arrival time
---------------------------------------------------------------------------------------------
                                              5.956897   slack (MET)


Startpoint: _1055_ (rising edge-triggered flip-flop clocked by clk)
Endpoint: mac_out[14] (output port clocked by clk)
Path Group: clk
Path Type: max

Fanout         Cap        Slew       Delay        Time   Description
---------------------------------------------------------------------------------------------
                                  0.000000    0.000000   clock clk (rise edge)
                                  0.000000    0.000000   clock source latency
     1    0.013667    0.106385    0.071062    0.071062 ^ clk (in)
                                                         clk (net)
                      0.106405    0.000000    0.071062 ^ clkbuf_0_clk/A (sky130_fd_sc_hd__clkbuf_16)
     4    0.042516    0.097035    0.269399    0.340461 ^ clkbuf_0_clk/X (sky130_fd_sc_hd__clkbuf_16)
                                                         clknet_0_clk (net)
                      0.097139    0.001643    0.342104 ^ clkbuf_2_2__f_clk/A (sky130_fd_sc_hd__clkbuf_16)
    11    0.032699    0.084310    0.251075    0.593179 ^ clkbuf_2_2__f_clk/X (sky130_fd_sc_hd__clkbuf_16)
                                                         clknet_2_2__leaf_clk (net)
                      0.084331    0.001350    0.594529 ^ _1055_/CLK (sky130_fd_sc_hd__dfrtp_1)
     2    0.008439    0.124068    0.795224    1.389753 v _1055_/Q (sky130_fd_sc_hd__dfrtp_1)
                                                         net24 (net)
                      0.124068    0.000611    1.390363 v output24/A (sky130_fd_sc_hd__buf_2)
     1    0.037233    0.178093    0.378879    1.769243 v output24/X (sky130_fd_sc_hd__buf_2)
                                                         mac_out[14] (net)
                      0.178120    0.002198    1.771441 v mac_out[14] (out)
                                              1.771441   data arrival time

                                 10.000000   10.000000   clock clk (rise edge)
                                  0.000000   10.000000   clock network delay (propagated)
                                 -0.250000    9.750000   clock uncertainty
                                  0.000000    9.750000   clock reconvergence pessimism
                                 -2.000000    7.750000   output external delay
                                              7.750000   data required time
---------------------------------------------------------------------------------------------
                                              7.750000   data required time
                                             -1.771441   data arrival time
---------------------------------------------------------------------------------------------
                                              5.978559   slack (MET)


Startpoint: _1045_ (rising edge-triggered flip-flop clocked by clk)
Endpoint: mac_out[4] (output port clocked by clk)
Path Group: clk
Path Type: max

Fanout         Cap        Slew       Delay        Time   Description
---------------------------------------------------------------------------------------------
                                  0.000000    0.000000   clock clk (rise edge)
                                  0.000000    0.000000   clock source latency
     1    0.013667    0.106385    0.071062    0.071062 ^ clk (in)
                                                         clk (net)
                      0.106405    0.000000    0.071062 ^ clkbuf_0_clk/A (sky130_fd_sc_hd__clkbuf_16)
     4    0.042516    0.097035    0.269399    0.340461 ^ clkbuf_0_clk/X (sky130_fd_sc_hd__clkbuf_16)
                                                         clknet_0_clk (net)
                      0.097169    0.002127    0.342588 ^ clkbuf_2_1__f_clk/A (sky130_fd_sc_hd__clkbuf_16)
     8    0.029645    0.079989    0.247182    0.589770 ^ clkbuf_2_1__f_clk/X (sky130_fd_sc_hd__clkbuf_16)
                                                         clknet_2_1__leaf_clk (net)
                      0.080036    0.001699    0.591469 ^ _1045_/CLK (sky130_fd_sc_hd__dfrtp_1)
     2    0.008099    0.121093    0.790089    1.381557 v _1045_/Q (sky130_fd_sc_hd__dfrtp_1)
                                                         net29 (net)
                      0.121093    0.000704    1.382262 v output29/A (sky130_fd_sc_hd__buf_2)
     1    0.034713    0.167989    0.369655    1.751917 v output29/X (sky130_fd_sc_hd__buf_2)
                                                         mac_out[4] (net)
                      0.168005    0.001739    1.753656 v mac_out[4] (out)
                                              1.753656   data arrival time

                                 10.000000   10.000000   clock clk (rise edge)
                                  0.000000   10.000000   clock network delay (propagated)
                                 -0.250000    9.750000   clock uncertainty
                                  0.000000    9.750000   clock reconvergence pessimism
                                 -2.000000    7.750000   output external delay
                                              7.750000   data required time
---------------------------------------------------------------------------------------------
                                              7.750000   data required time
                                             -1.753656   data arrival time
---------------------------------------------------------------------------------------------
                                              5.996345   slack (MET)


Startpoint: _1048_ (rising edge-triggered flip-flop clocked by clk)
Endpoint: mac_out[7] (output port clocked by clk)
Path Group: clk
Path Type: max

Fanout         Cap        Slew       Delay        Time   Description
---------------------------------------------------------------------------------------------
                                  0.000000    0.000000   clock clk (rise edge)
                                  0.000000    0.000000   clock source latency
     1    0.013667    0.106385    0.071062    0.071062 ^ clk (in)
                                                         clk (net)
                      0.106405    0.000000    0.071062 ^ clkbuf_0_clk/A (sky130_fd_sc_hd__clkbuf_16)
     4    0.042516    0.097035    0.269399    0.340461 ^ clkbuf_0_clk/X (sky130_fd_sc_hd__clkbuf_16)
                                                         clknet_0_clk (net)
                      0.097136    0.001586    0.342047 ^ clkbuf_2_3__f_clk/A (sky130_fd_sc_hd__clkbuf_16)
    11    0.034762    0.087318    0.253585    0.595631 ^ clkbuf_2_3__f_clk/X (sky130_fd_sc_hd__clkbuf_16)
                                                         clknet_2_3__leaf_clk (net)
                      0.087517    0.003592    0.599224 ^ _1048_/CLK (sky130_fd_sc_hd__dfrtp_1)
     2    0.006813    0.110014    0.781834    1.381057 v _1048_/Q (sky130_fd_sc_hd__dfrtp_1)
                                                         net32 (net)
                      0.110014    0.000410    1.381467 v output32/A (sky130_fd_sc_hd__buf_2)
     1    0.036567    0.175453    0.369913    1.751380 v output32/X (sky130_fd_sc_hd__buf_2)
                                                         mac_out[7] (net)
                      0.175481    0.002224    1.753604 v mac_out[7] (out)
                                              1.753604   data arrival time

                                 10.000000   10.000000   clock clk (rise edge)
                                  0.000000   10.000000   clock network delay (propagated)
                                 -0.250000    9.750000   clock uncertainty
                                  0.000000    9.750000   clock reconvergence pessimism
                                 -2.000000    7.750000   output external delay
                                              7.750000   data required time
---------------------------------------------------------------------------------------------
                                              7.750000   data required time
                                             -1.753604   data arrival time
---------------------------------------------------------------------------------------------
                                              5.996396   slack (MET)


Startpoint: _1052_ (rising edge-triggered flip-flop clocked by clk)
Endpoint: mac_out[11] (output port clocked by clk)
Path Group: clk
Path Type: max

Fanout         Cap        Slew       Delay        Time   Description
---------------------------------------------------------------------------------------------
                                  0.000000    0.000000   clock clk (rise edge)
                                  0.000000    0.000000   clock source latency
     1    0.013667    0.106385    0.071062    0.071062 ^ clk (in)
                                                         clk (net)
                      0.106405    0.000000    0.071062 ^ clkbuf_0_clk/A (sky130_fd_sc_hd__clkbuf_16)
     4    0.042516    0.097035    0.269399    0.340461 ^ clkbuf_0_clk/X (sky130_fd_sc_hd__clkbuf_16)
                                                         clknet_0_clk (net)
                      0.097139    0.001643    0.342104 ^ clkbuf_2_2__f_clk/A (sky130_fd_sc_hd__clkbuf_16)
    11    0.032699    0.084310    0.251075    0.593179 ^ clkbuf_2_2__f_clk/X (sky130_fd_sc_hd__clkbuf_16)
                                                         clknet_2_2__leaf_clk (net)
                      0.084355    0.001817    0.594996 ^ _1052_/CLK (sky130_fd_sc_hd__dfrtp_1)
     2    0.007257    0.113775    0.784426    1.379422 v _1052_/Q (sky130_fd_sc_hd__dfrtp_1)
                                                         net21 (net)
                      0.113775    0.000493    1.379915 v output21/A (sky130_fd_sc_hd__buf_2)
     1    0.035655    0.171759    0.369026    1.748941 v output21/X (sky130_fd_sc_hd__buf_2)
                                                         mac_out[11] (net)
                      0.171779    0.001922    1.750863 v mac_out[11] (out)
                                              1.750863   data arrival time

                                 10.000000   10.000000   clock clk (rise edge)
                                  0.000000   10.000000   clock network delay (propagated)
                                 -0.250000    9.750000   clock uncertainty
                                  0.000000    9.750000   clock reconvergence pessimism
                                 -2.000000    7.750000   output external delay
                                              7.750000   data required time
---------------------------------------------------------------------------------------------
                                              7.750000   data required time
                                             -1.750863   data arrival time
---------------------------------------------------------------------------------------------
                                              5.999137   slack (MET)


Startpoint: _1043_ (rising edge-triggered flip-flop clocked by clk)
Endpoint: mac_out[2] (output port clocked by clk)
Path Group: clk
Path Type: max

Fanout         Cap        Slew       Delay        Time   Description
---------------------------------------------------------------------------------------------
                                  0.000000    0.000000   clock clk (rise edge)
                                  0.000000    0.000000   clock source latency
     1    0.013667    0.106385    0.071062    0.071062 ^ clk (in)
                                                         clk (net)
                      0.106405    0.000000    0.071062 ^ clkbuf_0_clk/A (sky130_fd_sc_hd__clkbuf_16)
     4    0.042516    0.097035    0.269399    0.340461 ^ clkbuf_0_clk/X (sky130_fd_sc_hd__clkbuf_16)
                                                         clknet_0_clk (net)
                      0.097160    0.001986    0.342447 ^ clkbuf_2_0__f_clk/A (sky130_fd_sc_hd__clkbuf_16)
    10    0.030935    0.081783    0.248926    0.591373 ^ clkbuf_2_0__f_clk/X (sky130_fd_sc_hd__clkbuf_16)
                                                         clknet_2_0__leaf_clk (net)
                      0.081820    0.001592    0.592965 ^ _1043_/CLK (sky130_fd_sc_hd__dfrtp_1)
     2    0.007265    0.113846    0.783308    1.376273 v _1043_/Q (sky130_fd_sc_hd__dfrtp_1)
                                                         net27 (net)
                      0.113846    0.000530    1.376803 v output27/A (sky130_fd_sc_hd__buf_2)
     1    0.035251    0.170137    0.367809    1.744612 v output27/X (sky130_fd_sc_hd__buf_2)
                                                         mac_out[2] (net)
                      0.170156    0.001842    1.746454 v mac_out[2] (out)
                                              1.746454   data arrival time

                                 10.000000   10.000000   clock clk (rise edge)
                                  0.000000   10.000000   clock network delay (propagated)
                                 -0.250000    9.750000   clock uncertainty
                                  0.000000    9.750000   clock reconvergence pessimism
                                 -2.000000    7.750000   output external delay
                                              7.750000   data required time
---------------------------------------------------------------------------------------------
                                              7.750000   data required time
                                             -1.746454   data arrival time
---------------------------------------------------------------------------------------------
                                              6.003546   slack (MET)


Startpoint: _1054_ (rising edge-triggered flip-flop clocked by clk)
Endpoint: mac_out[13] (output port clocked by clk)
Path Group: clk
Path Type: max

Fanout         Cap        Slew       Delay        Time   Description
---------------------------------------------------------------------------------------------
                                  0.000000    0.000000   clock clk (rise edge)
                                  0.000000    0.000000   clock source latency
     1    0.013667    0.106385    0.071062    0.071062 ^ clk (in)
                                                         clk (net)
                      0.106405    0.000000    0.071062 ^ clkbuf_0_clk/A (sky130_fd_sc_hd__clkbuf_16)
     4    0.042516    0.097035    0.269399    0.340461 ^ clkbuf_0_clk/X (sky130_fd_sc_hd__clkbuf_16)
                                                         clknet_0_clk (net)
                      0.097139    0.001643    0.342104 ^ clkbuf_2_2__f_clk/A (sky130_fd_sc_hd__clkbuf_16)
    11    0.032699    0.084310    0.251075    0.593179 ^ clkbuf_2_2__f_clk/X (sky130_fd_sc_hd__clkbuf_16)
                                                         clknet_2_2__leaf_clk (net)
                      0.084405    0.002491    0.595670 ^ _1054_/CLK (sky130_fd_sc_hd__dfrtp_1)
     2    0.006307    0.105784    0.775788    1.371458 v _1054_/Q (sky130_fd_sc_hd__dfrtp_1)
                                                         net23 (net)
                      0.105784    0.000305    1.371763 v output23/A (sky130_fd_sc_hd__buf_2)
     1    0.036492    0.175111    0.367739    1.739502 v output23/X (sky130_fd_sc_hd__buf_2)
                                                         mac_out[13] (net)
                      0.175135    0.002089    1.741591 v mac_out[13] (out)
                                              1.741591   data arrival time

                                 10.000000   10.000000   clock clk (rise edge)
                                  0.000000   10.000000   clock network delay (propagated)
                                 -0.250000    9.750000   clock uncertainty
                                  0.000000    9.750000   clock reconvergence pessimism
                                 -2.000000    7.750000   output external delay
                                              7.750000   data required time
---------------------------------------------------------------------------------------------
                                              7.750000   data required time
                                             -1.741591   data arrival time
---------------------------------------------------------------------------------------------
                                              6.008409   slack (MET)


Startpoint: _1041_ (rising edge-triggered flip-flop clocked by clk)
Endpoint: mac_out[0] (output port clocked by clk)
Path Group: clk
Path Type: max

Fanout         Cap        Slew       Delay        Time   Description
---------------------------------------------------------------------------------------------
                                  0.000000    0.000000   clock clk (rise edge)
                                  0.000000    0.000000   clock source latency
     1    0.013667    0.106385    0.071062    0.071062 ^ clk (in)
                                                         clk (net)
                      0.106405    0.000000    0.071062 ^ clkbuf_0_clk/A (sky130_fd_sc_hd__clkbuf_16)
     4    0.042516    0.097035    0.269399    0.340461 ^ clkbuf_0_clk/X (sky130_fd_sc_hd__clkbuf_16)
                                                         clknet_0_clk (net)
                      0.097139    0.001643    0.342104 ^ clkbuf_2_2__f_clk/A (sky130_fd_sc_hd__clkbuf_16)
    11    0.032699    0.084310    0.251075    0.593179 ^ clkbuf_2_2__f_clk/X (sky130_fd_sc_hd__clkbuf_16)
                                                         clknet_2_2__leaf_clk (net)
                      0.084440    0.002859    0.596038 ^ _1041_/CLK (sky130_fd_sc_hd__dfrtp_1)
     2    0.005841    0.102027    0.771494    1.367532 v _1041_/Q (sky130_fd_sc_hd__dfrtp_1)
                                                         net19 (net)
                      0.102027    0.000367    1.367899 v output19/A (sky130_fd_sc_hd__buf_2)
     1    0.035982    0.173056    0.364366    1.732265 v output19/X (sky130_fd_sc_hd__buf_2)
                                                         mac_out[0] (net)
                      0.173077    0.001969    1.734234 v mac_out[0] (out)
                                              1.734234   data arrival time

                                 10.000000   10.000000   clock clk (rise edge)
                                  0.000000   10.000000   clock network delay (propagated)
                                 -0.250000    9.750000   clock uncertainty
                                  0.000000    9.750000   clock reconvergence pessimism
                                 -2.000000    7.750000   output external delay
                                              7.750000   data required time
---------------------------------------------------------------------------------------------
                                              7.750000   data required time
                                             -1.734234   data arrival time
---------------------------------------------------------------------------------------------
                                              6.015766   slack (MET)


Startpoint: _1046_ (rising edge-triggered flip-flop clocked by clk)
Endpoint: mac_out[5] (output port clocked by clk)
Path Group: clk
Path Type: max

Fanout         Cap        Slew       Delay        Time   Description
---------------------------------------------------------------------------------------------
                                  0.000000    0.000000   clock clk (rise edge)
                                  0.000000    0.000000   clock source latency
     1    0.013667    0.106385    0.071062    0.071062 ^ clk (in)
                                                         clk (net)
                      0.106405    0.000000    0.071062 ^ clkbuf_0_clk/A (sky130_fd_sc_hd__clkbuf_16)
     4    0.042516    0.097035    0.269399    0.340461 ^ clkbuf_0_clk/X (sky130_fd_sc_hd__clkbuf_16)
                                                         clknet_0_clk (net)
                      0.097169    0.002127    0.342588 ^ clkbuf_2_1__f_clk/A (sky130_fd_sc_hd__clkbuf_16)
     8    0.029645    0.079989    0.247182    0.589770 ^ clkbuf_2_1__f_clk/X (sky130_fd_sc_hd__clkbuf_16)
                                                         clknet_2_1__leaf_clk (net)
                      0.080004    0.001075    0.590844 ^ _1046_/CLK (sky130_fd_sc_hd__dfrtp_1)
     2    0.006604    0.108271    0.776415    1.367259 v _1046_/Q (sky130_fd_sc_hd__dfrtp_1)
                                                         net30 (net)
                      0.108271    0.000401    1.367661 v output30/A (sky130_fd_sc_hd__buf_2)
     1    0.034205    0.165944    0.361879    1.729540 v output30/X (sky130_fd_sc_hd__buf_2)
                                                         mac_out[5] (net)
                      0.165959    0.001704    1.731244 v mac_out[5] (out)
                                              1.731244   data arrival time

                                 10.000000   10.000000   clock clk (rise edge)
                                  0.000000   10.000000   clock network delay (propagated)
                                 -0.250000    9.750000   clock uncertainty
                                  0.000000    9.750000   clock reconvergence pessimism
                                 -2.000000    7.750000   output external delay
                                              7.750000   data required time
---------------------------------------------------------------------------------------------
                                              7.750000   data required time
                                             -1.731244   data arrival time
---------------------------------------------------------------------------------------------
                                              6.018756   slack (MET)


Startpoint: _1053_ (rising edge-triggered flip-flop clocked by clk)
Endpoint: mac_out[12] (output port clocked by clk)
Path Group: clk
Path Type: max

Fanout         Cap        Slew       Delay        Time   Description
---------------------------------------------------------------------------------------------
                                  0.000000    0.000000   clock clk (rise edge)
                                  0.000000    0.000000   clock source latency
     1    0.013667    0.106385    0.071062    0.071062 ^ clk (in)
                                                         clk (net)
                      0.106405    0.000000    0.071062 ^ clkbuf_0_clk/A (sky130_fd_sc_hd__clkbuf_16)
     4    0.042516    0.097035    0.269399    0.340461 ^ clkbuf_0_clk/X (sky130_fd_sc_hd__clkbuf_16)
                                                         clknet_0_clk (net)
                      0.097139    0.001643    0.342104 ^ clkbuf_2_2__f_clk/A (sky130_fd_sc_hd__clkbuf_16)
    11    0.032699    0.084310    0.251075    0.593179 ^ clkbuf_2_2__f_clk/X (sky130_fd_sc_hd__clkbuf_16)
                                                         clknet_2_2__leaf_clk (net)
                      0.084397    0.002399    0.595578 ^ _1053_/CLK (sky130_fd_sc_hd__dfrtp_1)
     2    0.005309    0.097784    0.766631    1.362210 v _1053_/Q (sky130_fd_sc_hd__dfrtp_1)
                                                         net22 (net)
                      0.097784    0.000226    1.362436 v output22/A (sky130_fd_sc_hd__buf_2)
     1    0.035062    0.169342    0.359523    1.721959 v output22/X (sky130_fd_sc_hd__buf_2)
                                                         mac_out[12] (net)
                      0.169359    0.001774    1.723733 v mac_out[12] (out)
                                              1.723733   data arrival time

                                 10.000000   10.000000   clock clk (rise edge)
                                  0.000000   10.000000   clock network delay (propagated)
                                 -0.250000    9.750000   clock uncertainty
                                  0.000000    9.750000   clock reconvergence pessimism
                                 -2.000000    7.750000   output external delay
                                              7.750000   data required time
---------------------------------------------------------------------------------------------
                                              7.750000   data required time
                                             -1.723733   data arrival time
---------------------------------------------------------------------------------------------
                                              6.026267   slack (MET)


Startpoint: valid_in (input port clocked by clk)
Endpoint: _1057_ (rising edge-triggered flip-flop clocked by clk)
Path Group: clk
Path Type: max

Fanout         Cap        Slew       Delay        Time   Description
---------------------------------------------------------------------------------------------
                                  0.000000    0.000000   clock clk (rise edge)
                                  0.000000    0.000000   clock network delay (propagated)
                                  2.000000    2.000000 ^ input external delay
     1    0.005053    0.047551    0.027751    2.027751 ^ valid_in (in)
                                                         valid_in (net)
                      0.047552    0.000000    2.027751 ^ input10/A (sky130_fd_sc_hd__buf_1)
     4    0.016416    0.318112    0.316827    2.344579 ^ input10/X (sky130_fd_sc_hd__buf_1)
                                                         net10 (net)
                      0.318115    0.000848    2.345426 ^ _0518_/A (sky130_fd_sc_hd__inv_2)
     2    0.011006    0.091837    0.169220    2.514647 v _0518_/Y (sky130_fd_sc_hd__inv_2)
                                                         _0511_ (net)
                      0.091837    0.000433    2.515079 v fanout44/A (sky130_fd_sc_hd__buf_2)
    10    0.039679    0.187731    0.371265    2.886344 v fanout44/X (sky130_fd_sc_hd__buf_2)
                                                         net44 (net)
                      0.187734    0.001055    2.887399 v _0523_/A (sky130_fd_sc_hd__nor2_1)
     2    0.013813    0.431361    0.440092    3.327491 ^ _0523_/Y (sky130_fd_sc_hd__nor2_1)
                                                         _0515_ (net)
                      0.431363    0.000796    3.328287 ^ fanout38/A (sky130_fd_sc_hd__buf_2)
    10    0.039523    0.312572    0.522622    3.850909 ^ fanout38/X (sky130_fd_sc_hd__buf_2)
                                                         net38 (net)
                      0.312597    0.003005    3.853915 ^ _1020_/B1 (sky130_fd_sc_hd__a22o_1)
     1    0.002984    0.085018    0.327477    4.181392 ^ _1020_/X (sky130_fd_sc_hd__a22o_1)
                                                         _0021_ (net)
                      0.085018    0.000193    4.181585 ^ _1057_/D (sky130_fd_sc_hd__dfrtp_1)
                                              4.181585   data arrival time

                                 10.000000   10.000000   clock clk (rise edge)
                                  0.000000   10.000000   clock source latency
     1    0.013667    0.106385    0.071061   10.071061 ^ clk (in)
                                                         clk (net)
                      0.106405    0.000000   10.071061 ^ clkbuf_0_clk/A (sky130_fd_sc_hd__clkbuf_16)
     4    0.042516    0.097035    0.269400   10.340461 ^ clkbuf_0_clk/X (sky130_fd_sc_hd__clkbuf_16)
                                                         clknet_0_clk (net)
                      0.097160    0.001985   10.342446 ^ clkbuf_2_0__f_clk/A (sky130_fd_sc_hd__clkbuf_16)
    10    0.030935    0.081783    0.248926   10.591372 ^ clkbuf_2_0__f_clk/X (sky130_fd_sc_hd__clkbuf_16)
                                                         clknet_2_0__leaf_clk (net)
                      0.081826    0.001686   10.593059 ^ _1057_/CLK (sky130_fd_sc_hd__dfrtp_1)
                                 -0.250000   10.343059   clock uncertainty
                                  0.000000   10.343059   clock reconvergence pessimism
                                 -0.134743   10.208315   library setup time
                                             10.208315   data required time
---------------------------------------------------------------------------------------------
                                             10.208315   data required time
                                             -4.181585   data arrival time
---------------------------------------------------------------------------------------------
                                              6.026731   slack (MET)


Startpoint: _1049_ (rising edge-triggered flip-flop clocked by clk)
Endpoint: mac_out[8] (output port clocked by clk)
Path Group: clk
Path Type: max

Fanout         Cap        Slew       Delay        Time   Description
---------------------------------------------------------------------------------------------
                                  0.000000    0.000000   clock clk (rise edge)
                                  0.000000    0.000000   clock source latency
     1    0.013667    0.106385    0.071062    0.071062 ^ clk (in)
                                                         clk (net)
                      0.106405    0.000000    0.071062 ^ clkbuf_0_clk/A (sky130_fd_sc_hd__clkbuf_16)
     4    0.042516    0.097035    0.269399    0.340461 ^ clkbuf_0_clk/X (sky130_fd_sc_hd__clkbuf_16)
                                                         clknet_0_clk (net)
                      0.097169    0.002127    0.342588 ^ clkbuf_2_1__f_clk/A (sky130_fd_sc_hd__clkbuf_16)
     8    0.029645    0.079989    0.247182    0.589770 ^ clkbuf_2_1__f_clk/X (sky130_fd_sc_hd__clkbuf_16)
                                                         clknet_2_1__leaf_clk (net)
                      0.080007    0.001158    0.590928 ^ _1049_/CLK (sky130_fd_sc_hd__dfrtp_1)
     2    0.005526    0.099476    0.766572    1.357500 v _1049_/Q (sky130_fd_sc_hd__dfrtp_1)
                                                         net33 (net)
                      0.099476    0.000350    1.357850 v output33/A (sky130_fd_sc_hd__buf_2)
     1    0.034128    0.165611    0.357440    1.715290 v output33/X (sky130_fd_sc_hd__buf_2)
                                                         mac_out[8] (net)
                      0.165626    0.001640    1.716930 v mac_out[8] (out)
                                              1.716930   data arrival time

                                 10.000000   10.000000   clock clk (rise edge)
                                  0.000000   10.000000   clock network delay (propagated)
                                 -0.250000    9.750000   clock uncertainty
                                  0.000000    9.750000   clock reconvergence pessimism
                                 -2.000000    7.750000   output external delay
                                              7.750000   data required time
---------------------------------------------------------------------------------------------
                                              7.750000   data required time
                                             -1.716930   data arrival time
---------------------------------------------------------------------------------------------
                                              6.033070   slack (MET)


Startpoint: _1044_ (rising edge-triggered flip-flop clocked by clk)
Endpoint: mac_out[3] (output port clocked by clk)
Path Group: clk
Path Type: max

Fanout         Cap        Slew       Delay        Time   Description
---------------------------------------------------------------------------------------------
                                  0.000000    0.000000   clock clk (rise edge)
                                  0.000000    0.000000   clock source latency
     1    0.013667    0.106385    0.071062    0.071062 ^ clk (in)
                                                         clk (net)
                      0.106405    0.000000    0.071062 ^ clkbuf_0_clk/A (sky130_fd_sc_hd__clkbuf_16)
     4    0.042516    0.097035    0.269399    0.340461 ^ clkbuf_0_clk/X (sky130_fd_sc_hd__clkbuf_16)
                                                         clknet_0_clk (net)
                      0.097160    0.001986    0.342447 ^ clkbuf_2_0__f_clk/A (sky130_fd_sc_hd__clkbuf_16)
    10    0.030935    0.081783    0.248926    0.591373 ^ clkbuf_2_0__f_clk/X (sky130_fd_sc_hd__clkbuf_16)
                                                         clknet_2_0__leaf_clk (net)
                      0.081819    0.001559    0.592931 ^ _1044_/CLK (sky130_fd_sc_hd__dfrtp_1)
     2    0.004685    0.093084    0.759698    1.352630 v _1044_/Q (sky130_fd_sc_hd__dfrtp_1)
                                                         net28 (net)
                      0.093084    0.000280    1.352910 v output28/A (sky130_fd_sc_hd__buf_2)
     1    0.034115    0.165570    0.354272    1.707182 v output28/X (sky130_fd_sc_hd__buf_2)
                                                         mac_out[3] (net)
                      0.165586    0.001701    1.708884 v mac_out[3] (out)
                                              1.708884   data arrival time

                                 10.000000   10.000000   clock clk (rise edge)
                                  0.000000   10.000000   clock network delay (propagated)
                                 -0.250000    9.750000   clock uncertainty
                                  0.000000    9.750000   clock reconvergence pessimism
                                 -2.000000    7.750000   output external delay
                                              7.750000   data required time
---------------------------------------------------------------------------------------------
                                              7.750000   data required time
                                             -1.708884   data arrival time
---------------------------------------------------------------------------------------------
                                              6.041116   slack (MET)


Startpoint: _1056_ (rising edge-triggered flip-flop clocked by clk)
Endpoint: mac_out[15] (output port clocked by clk)
Path Group: clk
Path Type: max

Fanout         Cap        Slew       Delay        Time   Description
---------------------------------------------------------------------------------------------
                                  0.000000    0.000000   clock clk (rise edge)
                                  0.000000    0.000000   clock source latency
     1    0.013667    0.106385    0.071062    0.071062 ^ clk (in)
                                                         clk (net)
                      0.106405    0.000000    0.071062 ^ clkbuf_0_clk/A (sky130_fd_sc_hd__clkbuf_16)
     4    0.042516    0.097035    0.269399    0.340461 ^ clkbuf_0_clk/X (sky130_fd_sc_hd__clkbuf_16)
                                                         clknet_0_clk (net)
                      0.097139    0.001643    0.342104 ^ clkbuf_2_2__f_clk/A (sky130_fd_sc_hd__clkbuf_16)
    11    0.032699    0.084310    0.251075    0.593179 ^ clkbuf_2_2__f_clk/X (sky130_fd_sc_hd__clkbuf_16)
                                                         clknet_2_2__leaf_clk (net)
                      0.084353    0.001787    0.594966 ^ _1056_/CLK (sky130_fd_sc_hd__dfrtp_1)
     2    0.004329    0.089740    0.756697    1.351663 v _1056_/Q (sky130_fd_sc_hd__dfrtp_1)
                                                         net25 (net)
                      0.089740    0.000224    1.351886 v output25/A (sky130_fd_sc_hd__buf_2)
     1    0.034603    0.167490    0.354240    1.706126 v output25/X (sky130_fd_sc_hd__buf_2)
                                                         mac_out[15] (net)
                      0.167505    0.001682    1.707808 v mac_out[15] (out)
                                              1.707808   data arrival time

                                 10.000000   10.000000   clock clk (rise edge)
                                  0.000000   10.000000   clock network delay (propagated)
                                 -0.250000    9.750000   clock uncertainty
                                  0.000000    9.750000   clock reconvergence pessimism
                                 -2.000000    7.750000   output external delay
                                              7.750000   data required time
---------------------------------------------------------------------------------------------
                                              7.750000   data required time
                                             -1.707808   data arrival time
---------------------------------------------------------------------------------------------
                                              6.042192   slack (MET)


Startpoint: _1047_ (rising edge-triggered flip-flop clocked by clk)
Endpoint: mac_out[6] (output port clocked by clk)
Path Group: clk
Path Type: max

Fanout         Cap        Slew       Delay        Time   Description
---------------------------------------------------------------------------------------------
                                  0.000000    0.000000   clock clk (rise edge)
                                  0.000000    0.000000   clock source latency
     1    0.013667    0.106385    0.071062    0.071062 ^ clk (in)
                                                         clk (net)
                      0.106405    0.000000    0.071062 ^ clkbuf_0_clk/A (sky130_fd_sc_hd__clkbuf_16)
     4    0.042516    0.097035    0.269399    0.340461 ^ clkbuf_0_clk/X (sky130_fd_sc_hd__clkbuf_16)
                                                         clknet_0_clk (net)
                      0.097169    0.002127    0.342588 ^ clkbuf_2_1__f_clk/A (sky130_fd_sc_hd__clkbuf_16)
     8    0.029645    0.079989    0.247182    0.589770 ^ clkbuf_2_1__f_clk/X (sky130_fd_sc_hd__clkbuf_16)
                                                         clknet_2_1__leaf_clk (net)
                      0.080011    0.001246    0.591015 ^ _1047_/CLK (sky130_fd_sc_hd__dfrtp_1)
     2    0.004765    0.093666    0.759572    1.350587 v _1047_/Q (sky130_fd_sc_hd__dfrtp_1)
                                                         net31 (net)
                      0.093666    0.000331    1.350919 v output31/A (sky130_fd_sc_hd__buf_2)
     1    0.034081    0.165412    0.354497    1.705415 v output31/X (sky130_fd_sc_hd__buf_2)
                                                         mac_out[6] (net)
                      0.165427    0.001624    1.707040 v mac_out[6] (out)
                                              1.707040   data arrival time

                                 10.000000   10.000000   clock clk (rise edge)
                                  0.000000   10.000000   clock network delay (propagated)
                                 -0.250000    9.750000   clock uncertainty
                                  0.000000    9.750000   clock reconvergence pessimism
                                 -2.000000    7.750000   output external delay
                                              7.750000   data required time
---------------------------------------------------------------------------------------------
                                              7.750000   data required time
                                             -1.707040   data arrival time
---------------------------------------------------------------------------------------------
                                              6.042960   slack (MET)


Startpoint: _1051_ (rising edge-triggered flip-flop clocked by clk)
Endpoint: mac_out[10] (output port clocked by clk)
Path Group: clk
Path Type: max

Fanout         Cap        Slew       Delay        Time   Description
---------------------------------------------------------------------------------------------
                                  0.000000    0.000000   clock clk (rise edge)
                                  0.000000    0.000000   clock source latency
     1    0.013667    0.106385    0.071062    0.071062 ^ clk (in)
                                                         clk (net)
                      0.106405    0.000000    0.071062 ^ clkbuf_0_clk/A (sky130_fd_sc_hd__clkbuf_16)
     4    0.042516    0.097035    0.269399    0.340461 ^ clkbuf_0_clk/X (sky130_fd_sc_hd__clkbuf_16)
                                                         clknet_0_clk (net)
                      0.097139    0.001643    0.342104 ^ clkbuf_2_2__f_clk/A (sky130_fd_sc_hd__clkbuf_16)
    11    0.032699    0.084310    0.251075    0.593179 ^ clkbuf_2_2__f_clk/X (sky130_fd_sc_hd__clkbuf_16)
                                                         clknet_2_2__leaf_clk (net)
                      0.084364    0.001961    0.595140 ^ _1051_/CLK (sky130_fd_sc_hd__dfrtp_1)
     2    0.004278    0.089235    0.756002    1.351142 v _1051_/Q (sky130_fd_sc_hd__dfrtp_1)
                                                         net20 (net)
                      0.089235    0.000247    1.351389 v output20/A (sky130_fd_sc_hd__buf_2)
     1    0.034370    0.166544    0.353310    1.704698 v output20/X (sky130_fd_sc_hd__buf_2)
                                                         mac_out[10] (net)
                      0.166557    0.001595    1.706294 v mac_out[10] (out)
                                              1.706294   data arrival time

                                 10.000000   10.000000   clock clk (rise edge)
                                  0.000000   10.000000   clock network delay (propagated)
                                 -0.250000    9.750000   clock uncertainty
                                  0.000000    9.750000   clock reconvergence pessimism
                                 -2.000000    7.750000   output external delay
                                              7.750000   data required time
---------------------------------------------------------------------------------------------
                                              7.750000   data required time
                                             -1.706294   data arrival time
---------------------------------------------------------------------------------------------
                                              6.043706   slack (MET)


Startpoint: _1042_ (rising edge-triggered flip-flop clocked by clk)
Endpoint: mac_out[1] (output port clocked by clk)
Path Group: clk
Path Type: max

Fanout         Cap        Slew       Delay        Time   Description
---------------------------------------------------------------------------------------------
                                  0.000000    0.000000   clock clk (rise edge)
                                  0.000000    0.000000   clock source latency
     1    0.013667    0.106385    0.071062    0.071062 ^ clk (in)
                                                         clk (net)
                      0.106405    0.000000    0.071062 ^ clkbuf_0_clk/A (sky130_fd_sc_hd__clkbuf_16)
     4    0.042516    0.097035    0.269399    0.340461 ^ clkbuf_0_clk/X (sky130_fd_sc_hd__clkbuf_16)
                                                         clknet_0_clk (net)
                      0.097160    0.001986    0.342447 ^ clkbuf_2_0__f_clk/A (sky130_fd_sc_hd__clkbuf_16)
    10    0.030935    0.081783    0.248926    0.591373 ^ clkbuf_2_0__f_clk/X (sky130_fd_sc_hd__clkbuf_16)
                                                         clknet_2_0__leaf_clk (net)
                      0.081811    0.001414    0.592787 ^ _1042_/CLK (sky130_fd_sc_hd__dfrtp_1)
     2    0.004171    0.088186    0.753399    1.346186 v _1042_/Q (sky130_fd_sc_hd__dfrtp_1)
                                                         net26 (net)
                      0.088186    0.000243    1.346429 v output26/A (sky130_fd_sc_hd__buf_2)
     1    0.034375    0.166557    0.352826    1.699255 v output26/X (sky130_fd_sc_hd__buf_2)
                                                         mac_out[1] (net)
                      0.166570    0.001581    1.700836 v mac_out[1] (out)
                                              1.700836   data arrival time

                                 10.000000   10.000000   clock clk (rise edge)
                                  0.000000   10.000000   clock network delay (propagated)
                                 -0.250000    9.750000   clock uncertainty
                                  0.000000    9.750000   clock reconvergence pessimism
                                 -2.000000    7.750000   output external delay
                                              7.750000   data required time
---------------------------------------------------------------------------------------------
                                              7.750000   data required time
                                             -1.700836   data arrival time
---------------------------------------------------------------------------------------------
                                              6.049164   slack (MET)


Startpoint: _1040_ (rising edge-triggered flip-flop clocked by clk)
Endpoint: valid_out (output port clocked by clk)
Path Group: clk
Path Type: max

Fanout         Cap        Slew       Delay        Time   Description
---------------------------------------------------------------------------------------------
                                  0.000000    0.000000   clock clk (rise edge)
                                  0.000000    0.000000   clock source latency
     1    0.013667    0.106385    0.071062    0.071062 ^ clk (in)
                                                         clk (net)
                      0.106405    0.000000    0.071062 ^ clkbuf_0_clk/A (sky130_fd_sc_hd__clkbuf_16)
     4    0.042516    0.097035    0.269399    0.340461 ^ clkbuf_0_clk/X (sky130_fd_sc_hd__clkbuf_16)
                                                         clknet_0_clk (net)
                      0.097139    0.001643    0.342104 ^ clkbuf_2_2__f_clk/A (sky130_fd_sc_hd__clkbuf_16)
    11    0.032699    0.084310    0.251075    0.593179 ^ clkbuf_2_2__f_clk/X (sky130_fd_sc_hd__clkbuf_16)
                                                         clknet_2_2__leaf_clk (net)
                      0.084334    0.001415    0.594593 ^ _1040_/CLK (sky130_fd_sc_hd__dfrtp_1)
     1    0.001933    0.068260    0.724876    1.319470 v _1040_/Q (sky130_fd_sc_hd__dfrtp_1)
                                                         net35 (net)
                      0.068260    0.000089    1.319559 v output35/A (sky130_fd_sc_hd__buf_2)
     1    0.034460    0.166942    0.343733    1.663292 v output35/X (sky130_fd_sc_hd__buf_2)
                                                         valid_out (net)
                      0.166956    0.001615    1.664907 v valid_out (out)
                                              1.664907   data arrival time

                                 10.000000   10.000000   clock clk (rise edge)
                                  0.000000   10.000000   clock network delay (propagated)
                                 -0.250000    9.750000   clock uncertainty
                                  0.000000    9.750000   clock reconvergence pessimism
                                 -2.000000    7.750000   output external delay
                                              7.750000   data required time
---------------------------------------------------------------------------------------------
                                              7.750000   data required time
                                             -1.664907   data arrival time
---------------------------------------------------------------------------------------------
                                              6.085093   slack (MET)


Startpoint: pixel_in[0] (input port clocked by clk)
Endpoint: _1041_ (rising edge-triggered flip-flop clocked by clk)
Path Group: clk
Path Type: max

Fanout         Cap        Slew       Delay        Time   Description
---------------------------------------------------------------------------------------------
                                  0.000000    0.000000   clock clk (rise edge)
                                  0.000000    0.000000   clock network delay (propagated)
                                  2.000000    2.000000 ^ input external delay
     1    0.002955    0.033273    0.016659    2.016659 ^ pixel_in[0] (in)
                                                         pixel_in[0] (net)
                      0.033273    0.000000    2.016659 ^ input1/A (sky130_fd_sc_hd__clkbuf_1)
     2    0.006197    0.132401    0.178306    2.194965 ^ input1/X (sky130_fd_sc_hd__clkbuf_1)
                                                         net1 (net)
                      0.132401    0.000326    2.195291 ^ fanout79/A (sky130_fd_sc_hd__buf_2)
    10    0.041637    0.326511    0.409062    2.604353 ^ fanout79/X (sky130_fd_sc_hd__buf_2)
                                                         net79 (net)
                      0.326702    0.006560    2.610914 ^ _0532_/C (sky130_fd_sc_hd__and3_1)
     3    0.009667    0.178870    0.468401    3.079314 ^ _0532_/X (sky130_fd_sc_hd__and3_1)
                                                         _0039_ (net)
                      0.178870    0.000323    3.079638 ^ _0534_/A (sky130_fd_sc_hd__nor2_1)
     2    0.010055    0.107309    0.175101    3.254738 v _0534_/Y (sky130_fd_sc_hd__nor2_1)
                                                         _0041_ (net)
                      0.107312    0.000715    3.255453 v _0535_/A0 (sky130_fd_sc_hd__mux2_1)
     1    0.002384    0.106103    0.634944    3.890398 v _0535_/X (sky130_fd_sc_hd__mux2_1)
                                                         _0005_ (net)
                      0.106103    0.000162    3.890559 v _1041_/D (sky130_fd_sc_hd__dfrtp_1)
                                              3.890559   data arrival time

                                 10.000000   10.000000   clock clk (rise edge)
                                  0.000000   10.000000   clock source latency
     1    0.013667    0.106385    0.071061   10.071061 ^ clk (in)
                                                         clk (net)
                      0.106405    0.000000   10.071061 ^ clkbuf_0_clk/A (sky130_fd_sc_hd__clkbuf_16)
     4    0.042516    0.097035    0.269400   10.340461 ^ clkbuf_0_clk/X (sky130_fd_sc_hd__clkbuf_16)
                                                         clknet_0_clk (net)
                      0.097139    0.001642   10.342103 ^ clkbuf_2_2__f_clk/A (sky130_fd_sc_hd__clkbuf_16)
    11    0.032699    0.084310    0.251076   10.593179 ^ clkbuf_2_2__f_clk/X (sky130_fd_sc_hd__clkbuf_16)
                                                         clknet_2_2__leaf_clk (net)
                      0.084440    0.002859   10.596038 ^ _1041_/CLK (sky130_fd_sc_hd__dfrtp_1)
                                 -0.250000   10.346038   clock uncertainty
                                  0.000000   10.346038   clock reconvergence pessimism
                                 -0.287769   10.058270   library setup time
                                             10.058270   data required time
---------------------------------------------------------------------------------------------
                                             10.058270   data required time
                                             -3.890559   data arrival time
---------------------------------------------------------------------------------------------
                                              6.167710   slack (MET)


Startpoint: _1036_ (rising edge-triggered flip-flop clocked by clk)
Endpoint: _1039_ (rising edge-triggered flip-flop clocked by clk)
Path Group: clk
Path Type: max

Fanout         Cap        Slew       Delay        Time   Description
---------------------------------------------------------------------------------------------
                                  0.000000    0.000000   clock clk (rise edge)
                                  0.000000    0.000000   clock source latency
     1    0.013667    0.106385    0.071062    0.071062 ^ clk (in)
                                                         clk (net)
                      0.106405    0.000000    0.071062 ^ clkbuf_0_clk/A (sky130_fd_sc_hd__clkbuf_16)
     4    0.042516    0.097035    0.269399    0.340461 ^ clkbuf_0_clk/X (sky130_fd_sc_hd__clkbuf_16)
                                                         clknet_0_clk (net)
                      0.097160    0.001986    0.342447 ^ clkbuf_2_0__f_clk/A (sky130_fd_sc_hd__clkbuf_16)
    10    0.030935    0.081783    0.248926    0.591373 ^ clkbuf_2_0__f_clk/X (sky130_fd_sc_hd__clkbuf_16)
                                                         clknet_2_0__leaf_clk (net)
                      0.081816    0.001508    0.592881 ^ _1036_/CLK (sky130_fd_sc_hd__dfrtp_1)
     4    0.013707    0.165444    0.842297    1.435177 v _1036_/Q (sky130_fd_sc_hd__dfrtp_1)
                                                         pixel_count[0] (net)
                      0.165447    0.000994    1.436171 v _0520_/B (sky130_fd_sc_hd__nor4b_1)
     2    0.007156    0.692417    0.751471    2.187643 ^ _0520_/Y (sky130_fd_sc_hd__nor4b_1)
                                                         _0513_ (net)
                      0.692417    0.000481    2.188124 ^ max_cap42/A (sky130_fd_sc_hd__clkbuf_1)
     1    0.004993    0.116133    0.366472    2.554596 ^ max_cap42/X (sky130_fd_sc_hd__clkbuf_1)
                                                         net42 (net)
                      0.116133    0.000374    2.554970 ^ _0521_/B (sky130_fd_sc_hd__nand2_1)
     2    0.009544    0.191888    0.202776    2.757746 v _0521_/Y (sky130_fd_sc_hd__nand2_1)
                                                         _0514_ (net)
                      0.191888    0.000332    2.758078 v _0522_/A (sky130_fd_sc_hd__inv_2)
     2    0.011799    0.109088    0.166644    2.924722 ^ _0522_/Y (sky130_fd_sc_hd__inv_2)
                                                         _0000_ (net)
                      0.109090    0.000744    2.925466 ^ fanout36/A (sky130_fd_sc_hd__clkbuf_4)
    10    0.053943    0.265024    0.408141    3.333607 ^ fanout36/X (sky130_fd_sc_hd__clkbuf_4)
                                                         net36 (net)
                      0.265025    0.001370    3.334977 ^ _0530_/B1 (sky130_fd_sc_hd__a31o_1)
     1    0.004132    0.099127    0.256020    3.590997 ^ _0530_/X (sky130_fd_sc_hd__a31o_1)
                                                         _0038_ (net)
                      0.099127    0.000301    3.591298 ^ _0531_/B (sky130_fd_sc_hd__nor2_1)
     1    0.004837    0.075346    0.094985    3.686283 v _0531_/Y (sky130_fd_sc_hd__nor2_1)
                                                         _0004_ (net)
                      0.075346    0.000338    3.686621 v _1039_/D (sky130_fd_sc_hd__dfrtp_1)
                                              3.686621   data arrival time

                                 10.000000   10.000000   clock clk (rise edge)
                                  0.000000   10.000000   clock source latency
     1    0.013667    0.106385    0.071061   10.071061 ^ clk (in)
                                                         clk (net)
                      0.106405    0.000000   10.071061 ^ clkbuf_0_clk/A (sky130_fd_sc_hd__clkbuf_16)
     4    0.042516    0.097035    0.269400   10.340461 ^ clkbuf_0_clk/X (sky130_fd_sc_hd__clkbuf_16)
                                                         clknet_0_clk (net)
                      0.097139    0.001642   10.342103 ^ clkbuf_2_2__f_clk/A (sky130_fd_sc_hd__clkbuf_16)
    11    0.032699    0.084310    0.251076   10.593179 ^ clkbuf_2_2__f_clk/X (sky130_fd_sc_hd__clkbuf_16)
                                                         clknet_2_2__leaf_clk (net)
                      0.084426    0.002717   10.595896 ^ _1039_/CLK (sky130_fd_sc_hd__dfrtp_1)
                                 -0.250000   10.345896   clock uncertainty
                                  0.000000   10.345896   clock reconvergence pessimism
                                 -0.274949   10.070947   library setup time
                                             10.070947   data required time
---------------------------------------------------------------------------------------------
                                             10.070947   data required time
                                             -3.686621   data arrival time
---------------------------------------------------------------------------------------------
                                              6.384326   slack (MET)


Startpoint: _1036_ (rising edge-triggered flip-flop clocked by clk)
Endpoint: _1040_ (rising edge-triggered flip-flop clocked by clk)
Path Group: clk
Path Type: max

Fanout         Cap        Slew       Delay        Time   Description
---------------------------------------------------------------------------------------------
                                  0.000000    0.000000   clock clk (rise edge)
                                  0.000000    0.000000   clock source latency
     1    0.013667    0.106385    0.071062    0.071062 ^ clk (in)
                                                         clk (net)
                      0.106405    0.000000    0.071062 ^ clkbuf_0_clk/A (sky130_fd_sc_hd__clkbuf_16)
     4    0.042516    0.097035    0.269399    0.340461 ^ clkbuf_0_clk/X (sky130_fd_sc_hd__clkbuf_16)
                                                         clknet_0_clk (net)
                      0.097160    0.001986    0.342447 ^ clkbuf_2_0__f_clk/A (sky130_fd_sc_hd__clkbuf_16)
    10    0.030935    0.081783    0.248926    0.591373 ^ clkbuf_2_0__f_clk/X (sky130_fd_sc_hd__clkbuf_16)
                                                         clknet_2_0__leaf_clk (net)
                      0.081816    0.001508    0.592881 ^ _1036_/CLK (sky130_fd_sc_hd__dfrtp_1)
     4    0.013707    0.165444    0.842297    1.435177 v _1036_/Q (sky130_fd_sc_hd__dfrtp_1)
                                                         pixel_count[0] (net)
                      0.165447    0.000994    1.436171 v _0520_/B (sky130_fd_sc_hd__nor4b_1)
     2    0.007156    0.692417    0.751471    2.187643 ^ _0520_/Y (sky130_fd_sc_hd__nor4b_1)
                                                         _0513_ (net)
                      0.692417    0.000481    2.188124 ^ max_cap42/A (sky130_fd_sc_hd__clkbuf_1)
     1    0.004993    0.116133    0.366472    2.554596 ^ max_cap42/X (sky130_fd_sc_hd__clkbuf_1)
                                                         net42 (net)
                      0.116133    0.000374    2.554970 ^ _0521_/B (sky130_fd_sc_hd__nand2_1)
     2    0.009544    0.191888    0.202776    2.757746 v _0521_/Y (sky130_fd_sc_hd__nand2_1)
                                                         _0514_ (net)
                      0.191888    0.000332    2.758078 v _0522_/A (sky130_fd_sc_hd__inv_2)
     2    0.011799    0.109088    0.166644    2.924722 ^ _0522_/Y (sky130_fd_sc_hd__inv_2)
                                                         _0000_ (net)
                      0.109092    0.000820    2.925542 ^ fanout37/A (sky130_fd_sc_hd__clkbuf_2)
     7    0.032112    0.277156    0.358283    3.283825 ^ fanout37/X (sky130_fd_sc_hd__clkbuf_2)
                                                         net37 (net)
                      0.277159    0.001358    3.285183 ^ _1040_/D (sky130_fd_sc_hd__dfrtp_1)
                                              3.285183   data arrival time

                                 10.000000   10.000000   clock clk (rise edge)
                                  0.000000   10.000000   clock source latency
     1    0.013667    0.106385    0.071061   10.071061 ^ clk (in)
                                                         clk (net)
                      0.106405    0.000000   10.071061 ^ clkbuf_0_clk/A (sky130_fd_sc_hd__clkbuf_16)
     4    0.042516    0.097035    0.269400   10.340461 ^ clkbuf_0_clk/X (sky130_fd_sc_hd__clkbuf_16)
                                                         clknet_0_clk (net)
                      0.097139    0.001642   10.342103 ^ clkbuf_2_2__f_clk/A (sky130_fd_sc_hd__clkbuf_16)
    11    0.032699    0.084310    0.251076   10.593179 ^ clkbuf_2_2__f_clk/X (sky130_fd_sc_hd__clkbuf_16)
                                                         clknet_2_2__leaf_clk (net)
                      0.084334    0.001415   10.594594 ^ _1040_/CLK (sky130_fd_sc_hd__dfrtp_1)
                                 -0.250000   10.344594   clock uncertainty
                                  0.000000   10.344594   clock reconvergence pessimism
                                 -0.182721   10.161874   library setup time
                                             10.161874   data required time
---------------------------------------------------------------------------------------------
                                             10.161874   data required time
                                             -3.285183   data arrival time
---------------------------------------------------------------------------------------------
                                              6.876690   slack (MET)


Startpoint: valid_in (input port clocked by clk)
Endpoint: _1038_ (rising edge-triggered flip-flop clocked by clk)
Path Group: clk
Path Type: max

Fanout         Cap        Slew       Delay        Time   Description
---------------------------------------------------------------------------------------------
                                  0.000000    0.000000   clock clk (rise edge)
                                  0.000000    0.000000   clock network delay (propagated)
                                  2.000000    2.000000 ^ input external delay
     1    0.005053    0.047551    0.027751    2.027751 ^ valid_in (in)
                                                         valid_in (net)
                      0.047552    0.000000    2.027751 ^ input10/A (sky130_fd_sc_hd__buf_1)
     4    0.016416    0.318112    0.316827    2.344579 ^ input10/X (sky130_fd_sc_hd__buf_1)
                                                         net10 (net)
                      0.318116    0.000953    2.345532 ^ _0525_/C (sky130_fd_sc_hd__and3_1)
     4    0.018467    0.298774    0.561323    2.906854 ^ _0525_/X (sky130_fd_sc_hd__and3_1)
                                                         _0516_ (net)
                      0.298776    0.001476    2.908331 ^ _0528_/B (sky130_fd_sc_hd__xor2_1)
     1    0.003707    0.124966    0.217693    3.126023 v _0528_/X (sky130_fd_sc_hd__xor2_1)
                                                         _0003_ (net)
                      0.124966    0.000228    3.126252 v _1038_/D (sky130_fd_sc_hd__dfrtp_1)
                                              3.126252   data arrival time

                                 10.000000   10.000000   clock clk (rise edge)
                                  0.000000   10.000000   clock source latency
     1    0.013667    0.106385    0.071061   10.071061 ^ clk (in)
                                                         clk (net)
                      0.106405    0.000000   10.071061 ^ clkbuf_0_clk/A (sky130_fd_sc_hd__clkbuf_16)
     4    0.042516    0.097035    0.269400   10.340461 ^ clkbuf_0_clk/X (sky130_fd_sc_hd__clkbuf_16)
                                                         clknet_0_clk (net)
                      0.097139    0.001642   10.342103 ^ clkbuf_2_2__f_clk/A (sky130_fd_sc_hd__clkbuf_16)
    11    0.032699    0.084310    0.251076   10.593179 ^ clkbuf_2_2__f_clk/X (sky130_fd_sc_hd__clkbuf_16)
                                                         clknet_2_2__leaf_clk (net)
                      0.084433    0.002788   10.595967 ^ _1038_/CLK (sky130_fd_sc_hd__dfrtp_1)
                                 -0.250000   10.345967   clock uncertainty
                                  0.000000   10.345967   clock reconvergence pessimism
                                 -0.295636   10.050330   library setup time
                                             10.050330   data required time
---------------------------------------------------------------------------------------------
                                             10.050330   data required time
                                             -3.126252   data arrival time
---------------------------------------------------------------------------------------------
                                              6.924079   slack (MET)


Startpoint: valid_in (input port clocked by clk)
Endpoint: _1037_ (rising edge-triggered flip-flop clocked by clk)
Path Group: clk
Path Type: max

Fanout         Cap        Slew       Delay        Time   Description
---------------------------------------------------------------------------------------------
                                  0.000000    0.000000   clock clk (rise edge)
                                  0.000000    0.000000   clock network delay (propagated)
                                  2.000000    2.000000 ^ input external delay
     1    0.005053    0.047551    0.027751    2.027751 ^ valid_in (in)
                                                         valid_in (net)
                      0.047552    0.000000    2.027751 ^ input10/A (sky130_fd_sc_hd__buf_1)
     4    0.016416    0.318112    0.316827    2.344579 ^ input10/X (sky130_fd_sc_hd__buf_1)
                                                         net10 (net)
                      0.318116    0.000953    2.345532 ^ _0525_/C (sky130_fd_sc_hd__and3_1)
     4    0.018467    0.298774    0.561323    2.906854 ^ _0525_/X (sky130_fd_sc_hd__and3_1)
                                                         _0516_ (net)
                      0.298776    0.001395    2.908250 ^ _0527_/A (sky130_fd_sc_hd__nor2_1)
     1    0.002814    0.078811    0.166160    3.074410 v _0527_/Y (sky130_fd_sc_hd__nor2_1)
                                                         _0002_ (net)
                      0.078812    0.000206    3.074616 v _1037_/D (sky130_fd_sc_hd__dfrtp_1)
                                              3.074616   data arrival time

                                 10.000000   10.000000   clock clk (rise edge)
                                  0.000000   10.000000   clock source latency
     1    0.013667    0.106385    0.071061   10.071061 ^ clk (in)
                                                         clk (net)
                      0.106405    0.000000   10.071061 ^ clkbuf_0_clk/A (sky130_fd_sc_hd__clkbuf_16)
     4    0.042516    0.097035    0.269400   10.340461 ^ clkbuf_0_clk/X (sky130_fd_sc_hd__clkbuf_16)
                                                         clknet_0_clk (net)
                      0.097160    0.001985   10.342446 ^ clkbuf_2_0__f_clk/A (sky130_fd_sc_hd__clkbuf_16)
    10    0.030935    0.081783    0.248926   10.591372 ^ clkbuf_2_0__f_clk/X (sky130_fd_sc_hd__clkbuf_16)
                                                         clknet_2_0__leaf_clk (net)
                      0.081814    0.001478   10.592851 ^ _1037_/CLK (sky130_fd_sc_hd__dfrtp_1)
                                 -0.250000   10.342851   clock uncertainty
                                  0.000000   10.342851   clock reconvergence pessimism
                                 -0.277090   10.065760   library setup time
                                             10.065760   data required time
---------------------------------------------------------------------------------------------
                                             10.065760   data required time
                                             -3.074616   data arrival time
---------------------------------------------------------------------------------------------
                                              6.991144   slack (MET)


Startpoint: rst_n (input port clocked by clk)
Endpoint: _1042_ (recovery check against rising-edge clock clk)
Path Group: asynchronous
Path Type: max

Fanout         Cap        Slew       Delay        Time   Description
---------------------------------------------------------------------------------------------
                                  0.000000    0.000000   clock clk (rise edge)
                                  0.000000    0.000000   clock network delay (propagated)
                                  2.000000    2.000000 ^ input external delay
     1    0.003901    0.039646    0.021655    2.021655 ^ rst_n (in)
                                                         rst_n (net)
                      0.039646    0.000000    2.021655 ^ input9/A (sky130_fd_sc_hd__buf_1)
     3    0.016627    0.321954    0.315041    2.336697 ^ input9/X (sky130_fd_sc_hd__buf_1)
                                                         net9 (net)
                      0.321975    0.002146    2.338843 ^ fanout47/A (sky130_fd_sc_hd__buf_2)
     8    0.042141    0.331928    0.492691    2.831534 ^ fanout47/X (sky130_fd_sc_hd__buf_2)
                                                         net47 (net)
                      0.331931    0.001755    2.833289 ^ fanout46/A (sky130_fd_sc_hd__clkbuf_4)
    10    0.046590    0.233666    0.484846    3.318136 ^ fanout46/X (sky130_fd_sc_hd__clkbuf_4)
                                                         net46 (net)
                      0.233786    0.004920    3.323056 ^ _1042_/RESET_B (sky130_fd_sc_hd__dfrtp_1)
                                              3.323056   data arrival time

                                 10.000000   10.000000   clock clk (rise edge)
                                  0.000000   10.000000   clock source latency
     1    0.013667    0.106385    0.071061   10.071061 ^ clk (in)
                                                         clk (net)
                      0.106405    0.000000   10.071061 ^ clkbuf_0_clk/A (sky130_fd_sc_hd__clkbuf_16)
     4    0.042516    0.097035    0.269400   10.340461 ^ clkbuf_0_clk/X (sky130_fd_sc_hd__clkbuf_16)
                                                         clknet_0_clk (net)
                      0.097160    0.001985   10.342446 ^ clkbuf_2_0__f_clk/A (sky130_fd_sc_hd__clkbuf_16)
    10    0.030935    0.081783    0.248926   10.591372 ^ clkbuf_2_0__f_clk/X (sky130_fd_sc_hd__clkbuf_16)
                                                         clknet_2_0__leaf_clk (net)
                      0.081811    0.001415   10.592788 ^ _1042_/CLK (sky130_fd_sc_hd__dfrtp_1)
                                 -0.250000   10.342788   clock uncertainty
                                  0.000000   10.342788   clock reconvergence pessimism
                                  0.405890   10.748677   library recovery time
                                             10.748677   data required time
---------------------------------------------------------------------------------------------
                                             10.748677   data required time
                                             -3.323056   data arrival time
---------------------------------------------------------------------------------------------
                                              7.425621   slack (MET)


Startpoint: rst_n (input port clocked by clk)
Endpoint: _1044_ (recovery check against rising-edge clock clk)
Path Group: asynchronous
Path Type: max

Fanout         Cap        Slew       Delay        Time   Description
---------------------------------------------------------------------------------------------
                                  0.000000    0.000000   clock clk (rise edge)
                                  0.000000    0.000000   clock network delay (propagated)
                                  2.000000    2.000000 ^ input external delay
     1    0.003901    0.039646    0.021655    2.021655 ^ rst_n (in)
                                                         rst_n (net)
                      0.039646    0.000000    2.021655 ^ input9/A (sky130_fd_sc_hd__buf_1)
     3    0.016627    0.321954    0.315041    2.336697 ^ input9/X (sky130_fd_sc_hd__buf_1)
                                                         net9 (net)
                      0.321975    0.002146    2.338843 ^ fanout47/A (sky130_fd_sc_hd__buf_2)
     8    0.042141    0.331928    0.492691    2.831534 ^ fanout47/X (sky130_fd_sc_hd__buf_2)
                                                         net47 (net)
                      0.331931    0.001755    2.833289 ^ fanout46/A (sky130_fd_sc_hd__clkbuf_4)
    10    0.046590    0.233666    0.484846    3.318136 ^ fanout46/X (sky130_fd_sc_hd__clkbuf_4)
                                                         net46 (net)
                      0.233794    0.005062    3.323198 ^ _1044_/RESET_B (sky130_fd_sc_hd__dfrtp_1)
                                              3.323198   data arrival time

                                 10.000000   10.000000   clock clk (rise edge)
                                  0.000000   10.000000   clock source latency
     1    0.013667    0.106385    0.071061   10.071061 ^ clk (in)
                                                         clk (net)
                      0.106405    0.000000   10.071061 ^ clkbuf_0_clk/A (sky130_fd_sc_hd__clkbuf_16)
     4    0.042516    0.097035    0.269400   10.340461 ^ clkbuf_0_clk/X (sky130_fd_sc_hd__clkbuf_16)
                                                         clknet_0_clk (net)
                      0.097160    0.001985   10.342446 ^ clkbuf_2_0__f_clk/A (sky130_fd_sc_hd__clkbuf_16)
    10    0.030935    0.081783    0.248926   10.591372 ^ clkbuf_2_0__f_clk/X (sky130_fd_sc_hd__clkbuf_16)
                                                         clknet_2_0__leaf_clk (net)
                      0.081819    0.001559   10.592932 ^ _1044_/CLK (sky130_fd_sc_hd__dfrtp_1)
                                 -0.250000   10.342931   clock uncertainty
                                  0.000000   10.342931   clock reconvergence pessimism
                                  0.405889   10.748820   library recovery time
                                             10.748820   data required time
---------------------------------------------------------------------------------------------
                                             10.748820   data required time
                                             -3.323198   data arrival time
---------------------------------------------------------------------------------------------
                                              7.425622   slack (MET)


Startpoint: rst_n (input port clocked by clk)
Endpoint: _1059_ (recovery check against rising-edge clock clk)
Path Group: asynchronous
Path Type: max

Fanout         Cap        Slew       Delay        Time   Description
---------------------------------------------------------------------------------------------
                                  0.000000    0.000000   clock clk (rise edge)
                                  0.000000    0.000000   clock network delay (propagated)
                                  2.000000    2.000000 ^ input external delay
     1    0.003901    0.039646    0.021655    2.021655 ^ rst_n (in)
                                                         rst_n (net)
                      0.039646    0.000000    2.021655 ^ input9/A (sky130_fd_sc_hd__buf_1)
     3    0.016627    0.321954    0.315041    2.336697 ^ input9/X (sky130_fd_sc_hd__buf_1)
                                                         net9 (net)
                      0.321975    0.002146    2.338843 ^ fanout47/A (sky130_fd_sc_hd__buf_2)
     8    0.042141    0.331928    0.492691    2.831534 ^ fanout47/X (sky130_fd_sc_hd__buf_2)
                                                         net47 (net)
                      0.331931    0.001755    2.833289 ^ fanout46/A (sky130_fd_sc_hd__clkbuf_4)
    10    0.046590    0.233666    0.484846    3.318136 ^ fanout46/X (sky130_fd_sc_hd__clkbuf_4)
                                                         net46 (net)
                      0.233797    0.005102    3.323238 ^ _1059_/RESET_B (sky130_fd_sc_hd__dfrtp_1)
                                              3.323238   data arrival time

                                 10.000000   10.000000   clock clk (rise edge)
                                  0.000000   10.000000   clock source latency
     1    0.013667    0.106385    0.071061   10.071061 ^ clk (in)
                                                         clk (net)
                      0.106405    0.000000   10.071061 ^ clkbuf_0_clk/A (sky130_fd_sc_hd__clkbuf_16)
     4    0.042516    0.097035    0.269400   10.340461 ^ clkbuf_0_clk/X (sky130_fd_sc_hd__clkbuf_16)
                                                         clknet_0_clk (net)
                      0.097160    0.001985   10.342446 ^ clkbuf_2_0__f_clk/A (sky130_fd_sc_hd__clkbuf_16)
    10    0.030935    0.081783    0.248926   10.591372 ^ clkbuf_2_0__f_clk/X (sky130_fd_sc_hd__clkbuf_16)
                                                         clknet_2_0__leaf_clk (net)
                      0.081825    0.001673   10.593046 ^ _1059_/CLK (sky130_fd_sc_hd__dfrtp_1)
                                 -0.250000   10.343046   clock uncertainty
                                  0.000000   10.343046   clock reconvergence pessimism
                                  0.405890   10.748937   library recovery time
                                             10.748937   data required time
---------------------------------------------------------------------------------------------
                                             10.748937   data required time
                                             -3.323238   data arrival time
---------------------------------------------------------------------------------------------
                                              7.425698   slack (MET)


Startpoint: rst_n (input port clocked by clk)
Endpoint: _1060_ (recovery check against rising-edge clock clk)
Path Group: asynchronous
Path Type: max

Fanout         Cap        Slew       Delay        Time   Description
---------------------------------------------------------------------------------------------
                                  0.000000    0.000000   clock clk (rise edge)
                                  0.000000    0.000000   clock network delay (propagated)
                                  2.000000    2.000000 ^ input external delay
     1    0.003901    0.039646    0.021655    2.021655 ^ rst_n (in)
                                                         rst_n (net)
                      0.039646    0.000000    2.021655 ^ input9/A (sky130_fd_sc_hd__buf_1)
     3    0.016627    0.321954    0.315041    2.336697 ^ input9/X (sky130_fd_sc_hd__buf_1)
                                                         net9 (net)
                      0.321975    0.002146    2.338843 ^ fanout47/A (sky130_fd_sc_hd__buf_2)
     8    0.042141    0.331928    0.492691    2.831534 ^ fanout47/X (sky130_fd_sc_hd__buf_2)
                                                         net47 (net)
                      0.331931    0.001755    2.833289 ^ fanout46/A (sky130_fd_sc_hd__clkbuf_4)
    10    0.046590    0.233666    0.484846    3.318136 ^ fanout46/X (sky130_fd_sc_hd__clkbuf_4)
                                                         net46 (net)
                      0.233792    0.005027    3.323163 ^ _1060_/RESET_B (sky130_fd_sc_hd__dfrtp_1)
                                              3.323163   data arrival time

                                 10.000000   10.000000   clock clk (rise edge)
                                  0.000000   10.000000   clock source latency
     1    0.013667    0.106385    0.071061   10.071061 ^ clk (in)
                                                         clk (net)
                      0.106405    0.000000   10.071061 ^ clkbuf_0_clk/A (sky130_fd_sc_hd__clkbuf_16)
     4    0.042516    0.097035    0.269400   10.340461 ^ clkbuf_0_clk/X (sky130_fd_sc_hd__clkbuf_16)
                                                         clknet_0_clk (net)
                      0.097160    0.001985   10.342446 ^ clkbuf_2_0__f_clk/A (sky130_fd_sc_hd__clkbuf_16)
    10    0.030935    0.081783    0.248926   10.591372 ^ clkbuf_2_0__f_clk/X (sky130_fd_sc_hd__clkbuf_16)
                                                         clknet_2_0__leaf_clk (net)
                      0.081828    0.001726   10.593099 ^ _1060_/CLK (sky130_fd_sc_hd__dfrtp_1)
                                 -0.250000   10.343099   clock uncertainty
                                  0.000000   10.343099   clock reconvergence pessimism
                                  0.405893   10.748991   library recovery time
                                             10.748991   data required time
---------------------------------------------------------------------------------------------
                                             10.748991   data required time
                                             -3.323163   data arrival time
---------------------------------------------------------------------------------------------
                                              7.425829   slack (MET)


Startpoint: rst_n (input port clocked by clk)
Endpoint: _1043_ (recovery check against rising-edge clock clk)
Path Group: asynchronous
Path Type: max

Fanout         Cap        Slew       Delay        Time   Description
---------------------------------------------------------------------------------------------
                                  0.000000    0.000000   clock clk (rise edge)
                                  0.000000    0.000000   clock network delay (propagated)
                                  2.000000    2.000000 ^ input external delay
     1    0.003901    0.039646    0.021655    2.021655 ^ rst_n (in)
                                                         rst_n (net)
                      0.039646    0.000000    2.021655 ^ input9/A (sky130_fd_sc_hd__buf_1)
     3    0.016627    0.321954    0.315041    2.336697 ^ input9/X (sky130_fd_sc_hd__buf_1)
                                                         net9 (net)
                      0.321975    0.002146    2.338843 ^ fanout47/A (sky130_fd_sc_hd__buf_2)
     8    0.042141    0.331928    0.492691    2.831534 ^ fanout47/X (sky130_fd_sc_hd__buf_2)
                                                         net47 (net)
                      0.331931    0.001755    2.833289 ^ fanout46/A (sky130_fd_sc_hd__clkbuf_4)
    10    0.046590    0.233666    0.484846    3.318136 ^ fanout46/X (sky130_fd_sc_hd__clkbuf_4)
                                                         net46 (net)
                      0.233783    0.004856    3.322992 ^ _1043_/RESET_B (sky130_fd_sc_hd__dfrtp_1)
                                              3.322992   data arrival time

                                 10.000000   10.000000   clock clk (rise edge)
                                  0.000000   10.000000   clock source latency
     1    0.013667    0.106385    0.071061   10.071061 ^ clk (in)
                                                         clk (net)
                      0.106405    0.000000   10.071061 ^ clkbuf_0_clk/A (sky130_fd_sc_hd__clkbuf_16)
     4    0.042516    0.097035    0.269400   10.340461 ^ clkbuf_0_clk/X (sky130_fd_sc_hd__clkbuf_16)
                                                         clknet_0_clk (net)
                      0.097160    0.001985   10.342446 ^ clkbuf_2_0__f_clk/A (sky130_fd_sc_hd__clkbuf_16)
    10    0.030935    0.081783    0.248926   10.591372 ^ clkbuf_2_0__f_clk/X (sky130_fd_sc_hd__clkbuf_16)
                                                         clknet_2_0__leaf_clk (net)
                      0.081820    0.001593   10.592965 ^ _1043_/CLK (sky130_fd_sc_hd__dfrtp_1)
                                 -0.250000   10.342965   clock uncertainty
                                  0.000000   10.342965   clock reconvergence pessimism
                                  0.405894   10.748859   library recovery time
                                             10.748859   data required time
---------------------------------------------------------------------------------------------
                                             10.748859   data required time
                                             -3.322992   data arrival time
---------------------------------------------------------------------------------------------
                                              7.425867   slack (MET)


Startpoint: rst_n (input port clocked by clk)
Endpoint: _1036_ (recovery check against rising-edge clock clk)
Path Group: asynchronous
Path Type: max

Fanout         Cap        Slew       Delay        Time   Description
---------------------------------------------------------------------------------------------
                                  0.000000    0.000000   clock clk (rise edge)
                                  0.000000    0.000000   clock network delay (propagated)
                                  2.000000    2.000000 ^ input external delay
     1    0.003901    0.039646    0.021655    2.021655 ^ rst_n (in)
                                                         rst_n (net)
                      0.039646    0.000000    2.021655 ^ input9/A (sky130_fd_sc_hd__buf_1)
     3    0.016627    0.321954    0.315041    2.336697 ^ input9/X (sky130_fd_sc_hd__buf_1)
                                                         net9 (net)
                      0.321975    0.002146    2.338843 ^ fanout47/A (sky130_fd_sc_hd__buf_2)
     8    0.042141    0.331928    0.492691    2.831534 ^ fanout47/X (sky130_fd_sc_hd__buf_2)
                                                         net47 (net)
                      0.331931    0.001755    2.833289 ^ fanout46/A (sky130_fd_sc_hd__clkbuf_4)
    10    0.046590    0.233666    0.484846    3.318136 ^ fanout46/X (sky130_fd_sc_hd__clkbuf_4)
                                                         net46 (net)
                      0.233770    0.004631    3.322767 ^ _1036_/RESET_B (sky130_fd_sc_hd__dfrtp_1)
                                              3.322767   data arrival time

                                 10.000000   10.000000   clock clk (rise edge)
                                  0.000000   10.000000   clock source latency
     1    0.013667    0.106385    0.071061   10.071061 ^ clk (in)
                                                         clk (net)
                      0.106405    0.000000   10.071061 ^ clkbuf_0_clk/A (sky130_fd_sc_hd__clkbuf_16)
     4    0.042516    0.097035    0.269400   10.340461 ^ clkbuf_0_clk/X (sky130_fd_sc_hd__clkbuf_16)
                                                         clknet_0_clk (net)
                      0.097160    0.001985   10.342446 ^ clkbuf_2_0__f_clk/A (sky130_fd_sc_hd__clkbuf_16)
    10    0.030935    0.081783    0.248926   10.591372 ^ clkbuf_2_0__f_clk/X (sky130_fd_sc_hd__clkbuf_16)
                                                         clknet_2_0__leaf_clk (net)
                      0.081816    0.001508   10.592880 ^ _1036_/CLK (sky130_fd_sc_hd__dfrtp_1)
                                 -0.250000   10.342880   clock uncertainty
                                  0.000000   10.342880   clock reconvergence pessimism
                                  0.405897   10.748777   library recovery time
                                             10.748777   data required time
---------------------------------------------------------------------------------------------
                                             10.748777   data required time
                                             -3.322767   data arrival time
---------------------------------------------------------------------------------------------
                                              7.426010   slack (MET)


Startpoint: rst_n (input port clocked by clk)
Endpoint: _1037_ (recovery check against rising-edge clock clk)
Path Group: asynchronous
Path Type: max

Fanout         Cap        Slew       Delay        Time   Description
---------------------------------------------------------------------------------------------
                                  0.000000    0.000000   clock clk (rise edge)
                                  0.000000    0.000000   clock network delay (propagated)
                                  2.000000    2.000000 ^ input external delay
     1    0.003901    0.039646    0.021655    2.021655 ^ rst_n (in)
                                                         rst_n (net)
                      0.039646    0.000000    2.021655 ^ input9/A (sky130_fd_sc_hd__buf_1)
     3    0.016627    0.321954    0.315041    2.336697 ^ input9/X (sky130_fd_sc_hd__buf_1)
                                                         net9 (net)
                      0.321975    0.002146    2.338843 ^ fanout47/A (sky130_fd_sc_hd__buf_2)
     8    0.042141    0.331928    0.492691    2.831534 ^ fanout47/X (sky130_fd_sc_hd__buf_2)
                                                         net47 (net)
                      0.331931    0.001755    2.833289 ^ fanout46/A (sky130_fd_sc_hd__clkbuf_4)
    10    0.046590    0.233666    0.484846    3.318136 ^ fanout46/X (sky130_fd_sc_hd__clkbuf_4)
                                                         net46 (net)
                      0.233756    0.004341    3.322476 ^ _1037_/RESET_B (sky130_fd_sc_hd__dfrtp_1)
                                              3.322476   data arrival time

                                 10.000000   10.000000   clock clk (rise edge)
                                  0.000000   10.000000   clock source latency
     1    0.013667    0.106385    0.071061   10.071061 ^ clk (in)
                                                         clk (net)
                      0.106405    0.000000   10.071061 ^ clkbuf_0_clk/A (sky130_fd_sc_hd__clkbuf_16)
     4    0.042516    0.097035    0.269400   10.340461 ^ clkbuf_0_clk/X (sky130_fd_sc_hd__clkbuf_16)
                                                         clknet_0_clk (net)
                      0.097160    0.001985   10.342446 ^ clkbuf_2_0__f_clk/A (sky130_fd_sc_hd__clkbuf_16)
    10    0.030935    0.081783    0.248926   10.591372 ^ clkbuf_2_0__f_clk/X (sky130_fd_sc_hd__clkbuf_16)
                                                         clknet_2_0__leaf_clk (net)
                      0.081814    0.001478   10.592851 ^ _1037_/CLK (sky130_fd_sc_hd__dfrtp_1)
                                 -0.250000   10.342851   clock uncertainty
                                  0.000000   10.342851   clock reconvergence pessimism
                                  0.405902   10.748753   library recovery time
                                             10.748753   data required time
---------------------------------------------------------------------------------------------
                                             10.748753   data required time
                                             -3.322476   data arrival time
---------------------------------------------------------------------------------------------
                                              7.426276   slack (MET)


Startpoint: rst_n (input port clocked by clk)
Endpoint: _1039_ (recovery check against rising-edge clock clk)
Path Group: asynchronous
Path Type: max

Fanout         Cap        Slew       Delay        Time   Description
---------------------------------------------------------------------------------------------
                                  0.000000    0.000000   clock clk (rise edge)
                                  0.000000    0.000000   clock network delay (propagated)
                                  2.000000    2.000000 ^ input external delay
     1    0.003901    0.039646    0.021655    2.021655 ^ rst_n (in)
                                                         rst_n (net)
                      0.039646    0.000000    2.021655 ^ input9/A (sky130_fd_sc_hd__buf_1)
     3    0.016627    0.321954    0.315041    2.336697 ^ input9/X (sky130_fd_sc_hd__buf_1)
                                                         net9 (net)
                      0.321975    0.002146    2.338843 ^ fanout47/A (sky130_fd_sc_hd__buf_2)
     8    0.042141    0.331928    0.492691    2.831534 ^ fanout47/X (sky130_fd_sc_hd__buf_2)
                                                         net47 (net)
                      0.331931    0.001755    2.833289 ^ fanout46/A (sky130_fd_sc_hd__clkbuf_4)
    10    0.046590    0.233666    0.484846    3.318136 ^ fanout46/X (sky130_fd_sc_hd__clkbuf_4)
                                                         net46 (net)
                      0.233701    0.002948    3.321083 ^ _1039_/RESET_B (sky130_fd_sc_hd__dfrtp_1)
                                              3.321083   data arrival time

                                 10.000000   10.000000   clock clk (rise edge)
                                  0.000000   10.000000   clock source latency
     1    0.013667    0.106385    0.071061   10.071061 ^ clk (in)
                                                         clk (net)
                      0.106405    0.000000   10.071061 ^ clkbuf_0_clk/A (sky130_fd_sc_hd__clkbuf_16)
     4    0.042516    0.097035    0.269400   10.340461 ^ clkbuf_0_clk/X (sky130_fd_sc_hd__clkbuf_16)
                                                         clknet_0_clk (net)
                      0.097139    0.001642   10.342103 ^ clkbuf_2_2__f_clk/A (sky130_fd_sc_hd__clkbuf_16)
    11    0.032699    0.084310    0.251076   10.593179 ^ clkbuf_2_2__f_clk/X (sky130_fd_sc_hd__clkbuf_16)
                                                         clknet_2_2__leaf_clk (net)
                      0.084426    0.002717   10.595896 ^ _1039_/CLK (sky130_fd_sc_hd__dfrtp_1)
                                 -0.250000   10.345896   clock uncertainty
                                  0.000000   10.345896   clock reconvergence pessimism
                                  0.406803   10.752699   library recovery time
                                             10.752699   data required time
---------------------------------------------------------------------------------------------
                                             10.752699   data required time
                                             -3.321083   data arrival time
---------------------------------------------------------------------------------------------
                                              7.431615   slack (MET)


Startpoint: rst_n (input port clocked by clk)
Endpoint: _1038_ (recovery check against rising-edge clock clk)
Path Group: asynchronous
Path Type: max

Fanout         Cap        Slew       Delay        Time   Description
---------------------------------------------------------------------------------------------
                                  0.000000    0.000000   clock clk (rise edge)
                                  0.000000    0.000000   clock network delay (propagated)
                                  2.000000    2.000000 ^ input external delay
     1    0.003901    0.039646    0.021655    2.021655 ^ rst_n (in)
                                                         rst_n (net)
                      0.039646    0.000000    2.021655 ^ input9/A (sky130_fd_sc_hd__buf_1)
     3    0.016627    0.321954    0.315041    2.336697 ^ input9/X (sky130_fd_sc_hd__buf_1)
                                                         net9 (net)
                      0.321975    0.002146    2.338843 ^ fanout47/A (sky130_fd_sc_hd__buf_2)
     8    0.042141    0.331928    0.492691    2.831534 ^ fanout47/X (sky130_fd_sc_hd__buf_2)
                                                         net47 (net)
                      0.331931    0.001755    2.833289 ^ fanout46/A (sky130_fd_sc_hd__clkbuf_4)
    10    0.046590    0.233666    0.484846    3.318136 ^ fanout46/X (sky130_fd_sc_hd__clkbuf_4)
                                                         net46 (net)
                      0.233685    0.002353    3.320489 ^ _1038_/RESET_B (sky130_fd_sc_hd__dfrtp_1)
                                              3.320489   data arrival time

                                 10.000000   10.000000   clock clk (rise edge)
                                  0.000000   10.000000   clock source latency
     1    0.013667    0.106385    0.071061   10.071061 ^ clk (in)
                                                         clk (net)
                      0.106405    0.000000   10.071061 ^ clkbuf_0_clk/A (sky130_fd_sc_hd__clkbuf_16)
     4    0.042516    0.097035    0.269400   10.340461 ^ clkbuf_0_clk/X (sky130_fd_sc_hd__clkbuf_16)
                                                         clknet_0_clk (net)
                      0.097139    0.001642   10.342103 ^ clkbuf_2_2__f_clk/A (sky130_fd_sc_hd__clkbuf_16)
    11    0.032699    0.084310    0.251076   10.593179 ^ clkbuf_2_2__f_clk/X (sky130_fd_sc_hd__clkbuf_16)
                                                         clknet_2_2__leaf_clk (net)
                      0.084433    0.002788   10.595967 ^ _1038_/CLK (sky130_fd_sc_hd__dfrtp_1)
                                 -0.250000   10.345967   clock uncertainty
                                  0.000000   10.345967   clock reconvergence pessimism
                                  0.406811   10.752778   library recovery time
                                             10.752778   data required time
---------------------------------------------------------------------------------------------
                                             10.752778   data required time
                                             -3.320489   data arrival time
---------------------------------------------------------------------------------------------
                                              7.432289   slack (MET)


Startpoint: rst_n (input port clocked by clk)
Endpoint: _1041_ (recovery check against rising-edge clock clk)
Path Group: asynchronous
Path Type: max

Fanout         Cap        Slew       Delay        Time   Description
---------------------------------------------------------------------------------------------
                                  0.000000    0.000000   clock clk (rise edge)
                                  0.000000    0.000000   clock network delay (propagated)
                                  2.000000    2.000000 ^ input external delay
     1    0.003901    0.039646    0.021655    2.021655 ^ rst_n (in)
                                                         rst_n (net)
                      0.039646    0.000000    2.021655 ^ input9/A (sky130_fd_sc_hd__buf_1)
     3    0.016627    0.321954    0.315041    2.336697 ^ input9/X (sky130_fd_sc_hd__buf_1)
                                                         net9 (net)
                      0.321975    0.002146    2.338843 ^ fanout47/A (sky130_fd_sc_hd__buf_2)
     8    0.042141    0.331928    0.492691    2.831534 ^ fanout47/X (sky130_fd_sc_hd__buf_2)
                                                         net47 (net)
                      0.331931    0.001755    2.833289 ^ fanout46/A (sky130_fd_sc_hd__clkbuf_4)
    10    0.046590    0.233666    0.484846    3.318136 ^ fanout46/X (sky130_fd_sc_hd__clkbuf_4)
                                                         net46 (net)
                      0.233682    0.002246    3.320381 ^ _1041_/RESET_B (sky130_fd_sc_hd__dfrtp_1)
                                              3.320381   data arrival time

                                 10.000000   10.000000   clock clk (rise edge)
                                  0.000000   10.000000   clock source latency
     1    0.013667    0.106385    0.071061   10.071061 ^ clk (in)
                                                         clk (net)
                      0.106405    0.000000   10.071061 ^ clkbuf_0_clk/A (sky130_fd_sc_hd__clkbuf_16)
     4    0.042516    0.097035    0.269400   10.340461 ^ clkbuf_0_clk/X (sky130_fd_sc_hd__clkbuf_16)
                                                         clknet_0_clk (net)
                      0.097139    0.001642   10.342103 ^ clkbuf_2_2__f_clk/A (sky130_fd_sc_hd__clkbuf_16)
    11    0.032699    0.084310    0.251076   10.593179 ^ clkbuf_2_2__f_clk/X (sky130_fd_sc_hd__clkbuf_16)
                                                         clknet_2_2__leaf_clk (net)
                      0.084440    0.002859   10.596038 ^ _1041_/CLK (sky130_fd_sc_hd__dfrtp_1)
                                 -0.250000   10.346038   clock uncertainty
                                  0.000000   10.346038   clock reconvergence pessimism
                                  0.406814   10.752852   library recovery time
                                             10.752852   data required time
---------------------------------------------------------------------------------------------
                                             10.752852   data required time
                                             -3.320381   data arrival time
---------------------------------------------------------------------------------------------
                                              7.432471   slack (MET)


Startpoint: rst_n (input port clocked by clk)
Endpoint: _1040_ (recovery check against rising-edge clock clk)
Path Group: asynchronous
Path Type: max

Fanout         Cap        Slew       Delay        Time   Description
---------------------------------------------------------------------------------------------
                                  0.000000    0.000000   clock clk (rise edge)
                                  0.000000    0.000000   clock network delay (propagated)
                                  2.000000    2.000000 ^ input external delay
     1    0.003901    0.039646    0.021655    2.021655 ^ rst_n (in)
                                                         rst_n (net)
                      0.039646    0.000000    2.021655 ^ input9/A (sky130_fd_sc_hd__buf_1)
     3    0.016627    0.321954    0.315041    2.336697 ^ input9/X (sky130_fd_sc_hd__buf_1)
                                                         net9 (net)
                      0.321977    0.002272    2.338968 ^ fanout49/A (sky130_fd_sc_hd__clkbuf_4)
    10    0.051419    0.255386    0.496585    2.835553 ^ fanout49/X (sky130_fd_sc_hd__clkbuf_4)
                                                         net49 (net)
                      0.255408    0.002566    2.838119 ^ fanout48/A (sky130_fd_sc_hd__clkbuf_4)
    10    0.044887    0.226312    0.446860    3.284979 ^ fanout48/X (sky130_fd_sc_hd__clkbuf_4)
                                                         net48 (net)
                      0.226344    0.002709    3.287688 ^ _1040_/RESET_B (sky130_fd_sc_hd__dfrtp_1)
                                              3.287688   data arrival time

                                 10.000000   10.000000   clock clk (rise edge)
                                  0.000000   10.000000   clock source latency
     1    0.013667    0.106385    0.071061   10.071061 ^ clk (in)
                                                         clk (net)
                      0.106405    0.000000   10.071061 ^ clkbuf_0_clk/A (sky130_fd_sc_hd__clkbuf_16)
     4    0.042516    0.097035    0.269400   10.340461 ^ clkbuf_0_clk/X (sky130_fd_sc_hd__clkbuf_16)
                                                         clknet_0_clk (net)
                      0.097139    0.001642   10.342103 ^ clkbuf_2_2__f_clk/A (sky130_fd_sc_hd__clkbuf_16)
    11    0.032699    0.084310    0.251076   10.593179 ^ clkbuf_2_2__f_clk/X (sky130_fd_sc_hd__clkbuf_16)
                                                         clknet_2_2__leaf_clk (net)
                      0.084334    0.001415   10.594594 ^ _1040_/CLK (sky130_fd_sc_hd__dfrtp_1)
                                 -0.250000   10.344594   clock uncertainty
                                  0.000000   10.344594   clock reconvergence pessimism
                                  0.409494   10.754087   library recovery time
                                             10.754087   data required time
---------------------------------------------------------------------------------------------
                                             10.754087   data required time
                                             -3.287688   data arrival time
---------------------------------------------------------------------------------------------
                                              7.466399   slack (MET)


Startpoint: rst_n (input port clocked by clk)
Endpoint: _1051_ (recovery check against rising-edge clock clk)
Path Group: asynchronous
Path Type: max

Fanout         Cap        Slew       Delay        Time   Description
---------------------------------------------------------------------------------------------
                                  0.000000    0.000000   clock clk (rise edge)
                                  0.000000    0.000000   clock network delay (propagated)
                                  2.000000    2.000000 ^ input external delay
     1    0.003901    0.039646    0.021655    2.021655 ^ rst_n (in)
                                                         rst_n (net)
                      0.039646    0.000000    2.021655 ^ input9/A (sky130_fd_sc_hd__buf_1)
     3    0.016627    0.321954    0.315041    2.336697 ^ input9/X (sky130_fd_sc_hd__buf_1)
                                                         net9 (net)
                      0.321977    0.002272    2.338968 ^ fanout49/A (sky130_fd_sc_hd__clkbuf_4)
    10    0.051419    0.255386    0.496585    2.835553 ^ fanout49/X (sky130_fd_sc_hd__clkbuf_4)
                                                         net49 (net)
                      0.255408    0.002566    2.838119 ^ fanout48/A (sky130_fd_sc_hd__clkbuf_4)
    10    0.044887    0.226312    0.446860    3.284979 ^ fanout48/X (sky130_fd_sc_hd__clkbuf_4)
                                                         net48 (net)
                      0.226344    0.002713    3.287693 ^ _1051_/RESET_B (sky130_fd_sc_hd__dfrtp_1)
                                              3.287693   data arrival time

                                 10.000000   10.000000   clock clk (rise edge)
                                  0.000000   10.000000   clock source latency
     1    0.013667    0.106385    0.071061   10.071061 ^ clk (in)
                                                         clk (net)
                      0.106405    0.000000   10.071061 ^ clkbuf_0_clk/A (sky130_fd_sc_hd__clkbuf_16)
     4    0.042516    0.097035    0.269400   10.340461 ^ clkbuf_0_clk/X (sky130_fd_sc_hd__clkbuf_16)
                                                         clknet_0_clk (net)
                      0.097139    0.001642   10.342103 ^ clkbuf_2_2__f_clk/A (sky130_fd_sc_hd__clkbuf_16)
    11    0.032699    0.084310    0.251076   10.593179 ^ clkbuf_2_2__f_clk/X (sky130_fd_sc_hd__clkbuf_16)
                                                         clknet_2_2__leaf_clk (net)
                      0.084364    0.001961   10.595140 ^ _1051_/CLK (sky130_fd_sc_hd__dfrtp_1)
                                 -0.250000   10.345140   clock uncertainty
                                  0.000000   10.345140   clock reconvergence pessimism
                                  0.409504   10.754644   library recovery time
                                             10.754644   data required time
---------------------------------------------------------------------------------------------
                                             10.754644   data required time
                                             -3.287693   data arrival time
---------------------------------------------------------------------------------------------
                                              7.466952   slack (MET)


Startpoint: rst_n (input port clocked by clk)
Endpoint: _1056_ (recovery check against rising-edge clock clk)
Path Group: asynchronous
Path Type: max

Fanout         Cap        Slew       Delay        Time   Description
---------------------------------------------------------------------------------------------
                                  0.000000    0.000000   clock clk (rise edge)
                                  0.000000    0.000000   clock network delay (propagated)
                                  2.000000    2.000000 ^ input external delay
     1    0.003901    0.039646    0.021655    2.021655 ^ rst_n (in)
                                                         rst_n (net)
                      0.039646    0.000000    2.021655 ^ input9/A (sky130_fd_sc_hd__buf_1)
     3    0.016627    0.321954    0.315041    2.336697 ^ input9/X (sky130_fd_sc_hd__buf_1)
                                                         net9 (net)
                      0.321977    0.002272    2.338968 ^ fanout49/A (sky130_fd_sc_hd__clkbuf_4)
    10    0.051419    0.255386    0.496585    2.835553 ^ fanout49/X (sky130_fd_sc_hd__clkbuf_4)
                                                         net49 (net)
                      0.255408    0.002566    2.838119 ^ fanout48/A (sky130_fd_sc_hd__clkbuf_4)
    10    0.044887    0.226312    0.446860    3.284979 ^ fanout48/X (sky130_fd_sc_hd__clkbuf_4)
                                                         net48 (net)
                      0.226338    0.002493    3.287472 ^ _1056_/RESET_B (sky130_fd_sc_hd__dfrtp_1)
                                              3.287472   data arrival time

                                 10.000000   10.000000   clock clk (rise edge)
                                  0.000000   10.000000   clock source latency
     1    0.013667    0.106385    0.071061   10.071061 ^ clk (in)
                                                         clk (net)
                      0.106405    0.000000   10.071061 ^ clkbuf_0_clk/A (sky130_fd_sc_hd__clkbuf_16)
     4    0.042516    0.097035    0.269400   10.340461 ^ clkbuf_0_clk/X (sky130_fd_sc_hd__clkbuf_16)
                                                         clknet_0_clk (net)
                      0.097139    0.001642   10.342103 ^ clkbuf_2_2__f_clk/A (sky130_fd_sc_hd__clkbuf_16)
    11    0.032699    0.084310    0.251076   10.593179 ^ clkbuf_2_2__f_clk/X (sky130_fd_sc_hd__clkbuf_16)
                                                         clknet_2_2__leaf_clk (net)
                      0.084353    0.001787   10.594966 ^ _1056_/CLK (sky130_fd_sc_hd__dfrtp_1)
                                 -0.250000   10.344966   clock uncertainty
                                  0.000000   10.344966   clock reconvergence pessimism
                                  0.409503   10.754469   library recovery time
                                             10.754469   data required time
---------------------------------------------------------------------------------------------
                                             10.754469   data required time
                                             -3.287472   data arrival time
---------------------------------------------------------------------------------------------
                                              7.466996   slack (MET)


Startpoint: rst_n (input port clocked by clk)
Endpoint: _1055_ (recovery check against rising-edge clock clk)
Path Group: asynchronous
Path Type: max

Fanout         Cap        Slew       Delay        Time   Description
---------------------------------------------------------------------------------------------
                                  0.000000    0.000000   clock clk (rise edge)
                                  0.000000    0.000000   clock network delay (propagated)
                                  2.000000    2.000000 ^ input external delay
     1    0.003901    0.039646    0.021655    2.021655 ^ rst_n (in)
                                                         rst_n (net)
                      0.039646    0.000000    2.021655 ^ input9/A (sky130_fd_sc_hd__buf_1)
     3    0.016627    0.321954    0.315041    2.336697 ^ input9/X (sky130_fd_sc_hd__buf_1)
                                                         net9 (net)
                      0.321977    0.002272    2.338968 ^ fanout49/A (sky130_fd_sc_hd__clkbuf_4)
    10    0.051419    0.255386    0.496585    2.835553 ^ fanout49/X (sky130_fd_sc_hd__clkbuf_4)
                                                         net49 (net)
                      0.255408    0.002566    2.838119 ^ fanout48/A (sky130_fd_sc_hd__clkbuf_4)
    10    0.044887    0.226312    0.446860    3.284979 ^ fanout48/X (sky130_fd_sc_hd__clkbuf_4)
                                                         net48 (net)
                      0.226325    0.001954    3.286933 ^ _1055_/RESET_B (sky130_fd_sc_hd__dfrtp_1)
                                              3.286933   data arrival time

                                 10.000000   10.000000   clock clk (rise edge)
                                  0.000000   10.000000   clock source latency
     1    0.013667    0.106385    0.071061   10.071061 ^ clk (in)
                                                         clk (net)
                      0.106405    0.000000   10.071061 ^ clkbuf_0_clk/A (sky130_fd_sc_hd__clkbuf_16)
     4    0.042516    0.097035    0.269400   10.340461 ^ clkbuf_0_clk/X (sky130_fd_sc_hd__clkbuf_16)
                                                         clknet_0_clk (net)
                      0.097139    0.001642   10.342103 ^ clkbuf_2_2__f_clk/A (sky130_fd_sc_hd__clkbuf_16)
    11    0.032699    0.084310    0.251076   10.593179 ^ clkbuf_2_2__f_clk/X (sky130_fd_sc_hd__clkbuf_16)
                                                         clknet_2_2__leaf_clk (net)
                      0.084331    0.001350   10.594529 ^ _1055_/CLK (sky130_fd_sc_hd__dfrtp_1)
                                 -0.250000   10.344529   clock uncertainty
                                  0.000000   10.344529   clock reconvergence pessimism
                                  0.409500   10.754029   library recovery time
                                             10.754029   data required time
---------------------------------------------------------------------------------------------
                                             10.754029   data required time
                                             -3.286933   data arrival time
---------------------------------------------------------------------------------------------
                                              7.467095   slack (MET)


Startpoint: rst_n (input port clocked by clk)
Endpoint: _1052_ (recovery check against rising-edge clock clk)
Path Group: asynchronous
Path Type: max

Fanout         Cap        Slew       Delay        Time   Description
---------------------------------------------------------------------------------------------
                                  0.000000    0.000000   clock clk (rise edge)
                                  0.000000    0.000000   clock network delay (propagated)
                                  2.000000    2.000000 ^ input external delay
     1    0.003901    0.039646    0.021655    2.021655 ^ rst_n (in)
                                                         rst_n (net)
                      0.039646    0.000000    2.021655 ^ input9/A (sky130_fd_sc_hd__buf_1)
     3    0.016627    0.321954    0.315041    2.336697 ^ input9/X (sky130_fd_sc_hd__buf_1)
                                                         net9 (net)
                      0.321977    0.002272    2.338968 ^ fanout49/A (sky130_fd_sc_hd__clkbuf_4)
    10    0.051419    0.255386    0.496585    2.835553 ^ fanout49/X (sky130_fd_sc_hd__clkbuf_4)
                                                         net49 (net)
                      0.255408    0.002566    2.838119 ^ fanout48/A (sky130_fd_sc_hd__clkbuf_4)
    10    0.044887    0.226312    0.446860    3.284979 ^ fanout48/X (sky130_fd_sc_hd__clkbuf_4)
                                                         net48 (net)
                      0.226334    0.002349    3.287328 ^ _1052_/RESET_B (sky130_fd_sc_hd__dfrtp_1)
                                              3.287328   data arrival time

                                 10.000000   10.000000   clock clk (rise edge)
                                  0.000000   10.000000   clock source latency
     1    0.013667    0.106385    0.071061   10.071061 ^ clk (in)
                                                         clk (net)
                      0.106405    0.000000   10.071061 ^ clkbuf_0_clk/A (sky130_fd_sc_hd__clkbuf_16)
     4    0.042516    0.097035    0.269400   10.340461 ^ clkbuf_0_clk/X (sky130_fd_sc_hd__clkbuf_16)
                                                         clknet_0_clk (net)
                      0.097139    0.001642   10.342103 ^ clkbuf_2_2__f_clk/A (sky130_fd_sc_hd__clkbuf_16)
    11    0.032699    0.084310    0.251076   10.593179 ^ clkbuf_2_2__f_clk/X (sky130_fd_sc_hd__clkbuf_16)
                                                         clknet_2_2__leaf_clk (net)
                      0.084355    0.001816   10.594995 ^ _1052_/CLK (sky130_fd_sc_hd__dfrtp_1)
                                 -0.250000   10.344995   clock uncertainty
                                  0.000000   10.344995   clock reconvergence pessimism
                                  0.409505   10.754499   library recovery time
                                             10.754499   data required time
---------------------------------------------------------------------------------------------
                                             10.754499   data required time
                                             -3.287328   data arrival time
---------------------------------------------------------------------------------------------
                                              7.467171   slack (MET)


Startpoint: rst_n (input port clocked by clk)
Endpoint: _1053_ (recovery check against rising-edge clock clk)
Path Group: asynchronous
Path Type: max

Fanout         Cap        Slew       Delay        Time   Description
---------------------------------------------------------------------------------------------
                                  0.000000    0.000000   clock clk (rise edge)
                                  0.000000    0.000000   clock network delay (propagated)
                                  2.000000    2.000000 ^ input external delay
     1    0.003901    0.039646    0.021655    2.021655 ^ rst_n (in)
                                                         rst_n (net)
                      0.039646    0.000000    2.021655 ^ input9/A (sky130_fd_sc_hd__buf_1)
     3    0.016627    0.321954    0.315041    2.336697 ^ input9/X (sky130_fd_sc_hd__buf_1)
                                                         net9 (net)
                      0.321977    0.002272    2.338968 ^ fanout49/A (sky130_fd_sc_hd__clkbuf_4)
    10    0.051419    0.255386    0.496585    2.835553 ^ fanout49/X (sky130_fd_sc_hd__clkbuf_4)
                                                         net49 (net)
                      0.255408    0.002566    2.838119 ^ fanout48/A (sky130_fd_sc_hd__clkbuf_4)
    10    0.044887    0.226312    0.446860    3.284979 ^ fanout48/X (sky130_fd_sc_hd__clkbuf_4)
                                                         net48 (net)
                      0.226328    0.002074    3.287053 ^ _1053_/RESET_B (sky130_fd_sc_hd__dfrtp_1)
                                              3.287053   data arrival time

                                 10.000000   10.000000   clock clk (rise edge)
                                  0.000000   10.000000   clock source latency
     1    0.013667    0.106385    0.071061   10.071061 ^ clk (in)
                                                         clk (net)
                      0.106405    0.000000   10.071061 ^ clkbuf_0_clk/A (sky130_fd_sc_hd__clkbuf_16)
     4    0.042516    0.097035    0.269400   10.340461 ^ clkbuf_0_clk/X (sky130_fd_sc_hd__clkbuf_16)
                                                         clknet_0_clk (net)
                      0.097139    0.001642   10.342103 ^ clkbuf_2_2__f_clk/A (sky130_fd_sc_hd__clkbuf_16)
    11    0.032699    0.084310    0.251076   10.593179 ^ clkbuf_2_2__f_clk/X (sky130_fd_sc_hd__clkbuf_16)
                                                         clknet_2_2__leaf_clk (net)
                      0.084397    0.002399   10.595578 ^ _1053_/CLK (sky130_fd_sc_hd__dfrtp_1)
                                 -0.250000   10.345578   clock uncertainty
                                  0.000000   10.345578   clock reconvergence pessimism
                                  0.409521   10.755099   library recovery time
                                             10.755099   data required time
---------------------------------------------------------------------------------------------
                                             10.755099   data required time
                                             -3.287053   data arrival time
---------------------------------------------------------------------------------------------
                                              7.468046   slack (MET)


Startpoint: rst_n (input port clocked by clk)
Endpoint: _1054_ (recovery check against rising-edge clock clk)
Path Group: asynchronous
Path Type: max

Fanout         Cap        Slew       Delay        Time   Description
---------------------------------------------------------------------------------------------
                                  0.000000    0.000000   clock clk (rise edge)
                                  0.000000    0.000000   clock network delay (propagated)
                                  2.000000    2.000000 ^ input external delay
     1    0.003901    0.039646    0.021655    2.021655 ^ rst_n (in)
                                                         rst_n (net)
                      0.039646    0.000000    2.021655 ^ input9/A (sky130_fd_sc_hd__buf_1)
     3    0.016627    0.321954    0.315041    2.336697 ^ input9/X (sky130_fd_sc_hd__buf_1)
                                                         net9 (net)
                      0.321977    0.002272    2.338968 ^ fanout49/A (sky130_fd_sc_hd__clkbuf_4)
    10    0.051419    0.255386    0.496585    2.835553 ^ fanout49/X (sky130_fd_sc_hd__clkbuf_4)
                                                         net49 (net)
                      0.255408    0.002566    2.838119 ^ fanout48/A (sky130_fd_sc_hd__clkbuf_4)
    10    0.044887    0.226312    0.446860    3.284979 ^ fanout48/X (sky130_fd_sc_hd__clkbuf_4)
                                                         net48 (net)
                      0.226328    0.002096    3.287075 ^ _1054_/RESET_B (sky130_fd_sc_hd__dfrtp_1)
                                              3.287075   data arrival time

                                 10.000000   10.000000   clock clk (rise edge)
                                  0.000000   10.000000   clock source latency
     1    0.013667    0.106385    0.071061   10.071061 ^ clk (in)
                                                         clk (net)
                      0.106405    0.000000   10.071061 ^ clkbuf_0_clk/A (sky130_fd_sc_hd__clkbuf_16)
     4    0.042516    0.097035    0.269400   10.340461 ^ clkbuf_0_clk/X (sky130_fd_sc_hd__clkbuf_16)
                                                         clknet_0_clk (net)
                      0.097139    0.001642   10.342103 ^ clkbuf_2_2__f_clk/A (sky130_fd_sc_hd__clkbuf_16)
    11    0.032699    0.084310    0.251076   10.593179 ^ clkbuf_2_2__f_clk/X (sky130_fd_sc_hd__clkbuf_16)
                                                         clknet_2_2__leaf_clk (net)
                      0.084405    0.002490   10.595670 ^ _1054_/CLK (sky130_fd_sc_hd__dfrtp_1)
                                 -0.250000   10.345670   clock uncertainty
                                  0.000000   10.345670   clock reconvergence pessimism
                                  0.409524   10.755194   library recovery time
                                             10.755194   data required time
---------------------------------------------------------------------------------------------
                                             10.755194   data required time
                                             -3.287075   data arrival time
---------------------------------------------------------------------------------------------
                                              7.468119   slack (MET)


Startpoint: rst_n (input port clocked by clk)
Endpoint: _1070_ (recovery check against rising-edge clock clk)
Path Group: asynchronous
Path Type: max

Fanout         Cap        Slew       Delay        Time   Description
---------------------------------------------------------------------------------------------
                                  0.000000    0.000000   clock clk (rise edge)
                                  0.000000    0.000000   clock network delay (propagated)
                                  2.000000    2.000000 ^ input external delay
     1    0.003901    0.039646    0.021655    2.021655 ^ rst_n (in)
                                                         rst_n (net)
                      0.039646    0.000000    2.021655 ^ input9/A (sky130_fd_sc_hd__buf_1)
     3    0.016627    0.321954    0.315041    2.336697 ^ input9/X (sky130_fd_sc_hd__buf_1)
                                                         net9 (net)
                      0.321977    0.002272    2.338968 ^ fanout49/A (sky130_fd_sc_hd__clkbuf_4)
    10    0.051419    0.255386    0.496585    2.835553 ^ fanout49/X (sky130_fd_sc_hd__clkbuf_4)
                                                         net49 (net)
                      0.255408    0.002566    2.838119 ^ fanout48/A (sky130_fd_sc_hd__clkbuf_4)
    10    0.044887    0.226312    0.446860    3.284979 ^ fanout48/X (sky130_fd_sc_hd__clkbuf_4)
                                                         net48 (net)
                      0.226331    0.002231    3.287210 ^ _1070_/RESET_B (sky130_fd_sc_hd__dfrtp_1)
                                              3.287210   data arrival time

                                 10.000000   10.000000   clock clk (rise edge)
                                  0.000000   10.000000   clock source latency
     1    0.013667    0.106385    0.071061   10.071061 ^ clk (in)
                                                         clk (net)
                      0.106405    0.000000   10.071061 ^ clkbuf_0_clk/A (sky130_fd_sc_hd__clkbuf_16)
     4    0.042516    0.097035    0.269400   10.340461 ^ clkbuf_0_clk/X (sky130_fd_sc_hd__clkbuf_16)
                                                         clknet_0_clk (net)
                      0.097136    0.001585   10.342047 ^ clkbuf_2_3__f_clk/A (sky130_fd_sc_hd__clkbuf_16)
    11    0.034762    0.087318    0.253585   10.595632 ^ clkbuf_2_3__f_clk/X (sky130_fd_sc_hd__clkbuf_16)
                                                         clknet_2_3__leaf_clk (net)
                      0.087343    0.001537   10.597169 ^ _1070_/CLK (sky130_fd_sc_hd__dfrtp_1)
                                 -0.250000   10.347169   clock uncertainty
                                  0.000000   10.347169   clock reconvergence pessimism
                                  0.410512   10.757681   library recovery time
                                             10.757681   data required time
---------------------------------------------------------------------------------------------
                                             10.757681   data required time
                                             -3.287210   data arrival time
---------------------------------------------------------------------------------------------
                                              7.470471   slack (MET)


Startpoint: rst_n (input port clocked by clk)
Endpoint: _1071_ (recovery check against rising-edge clock clk)
Path Group: asynchronous
Path Type: max

Fanout         Cap        Slew       Delay        Time   Description
---------------------------------------------------------------------------------------------
                                  0.000000    0.000000   clock clk (rise edge)
                                  0.000000    0.000000   clock network delay (propagated)
                                  2.000000    2.000000 ^ input external delay
     1    0.003901    0.039646    0.021655    2.021655 ^ rst_n (in)
                                                         rst_n (net)
                      0.039646    0.000000    2.021655 ^ input9/A (sky130_fd_sc_hd__buf_1)
     3    0.016627    0.321954    0.315041    2.336697 ^ input9/X (sky130_fd_sc_hd__buf_1)
                                                         net9 (net)
                      0.321977    0.002272    2.338968 ^ fanout49/A (sky130_fd_sc_hd__clkbuf_4)
    10    0.051419    0.255386    0.496585    2.835553 ^ fanout49/X (sky130_fd_sc_hd__clkbuf_4)
                                                         net49 (net)
                      0.255408    0.002566    2.838119 ^ fanout48/A (sky130_fd_sc_hd__clkbuf_4)
    10    0.044887    0.226312    0.446860    3.284979 ^ fanout48/X (sky130_fd_sc_hd__clkbuf_4)
                                                         net48 (net)
                      0.226331    0.002215    3.287194 ^ _1071_/RESET_B (sky130_fd_sc_hd__dfrtp_1)
                                              3.287194   data arrival time

                                 10.000000   10.000000   clock clk (rise edge)
                                  0.000000   10.000000   clock source latency
     1    0.013667    0.106385    0.071061   10.071061 ^ clk (in)
                                                         clk (net)
                      0.106405    0.000000   10.071061 ^ clkbuf_0_clk/A (sky130_fd_sc_hd__clkbuf_16)
     4    0.042516    0.097035    0.269400   10.340461 ^ clkbuf_0_clk/X (sky130_fd_sc_hd__clkbuf_16)
                                                         clknet_0_clk (net)
                      0.097136    0.001585   10.342047 ^ clkbuf_2_3__f_clk/A (sky130_fd_sc_hd__clkbuf_16)
    11    0.034762    0.087318    0.253585   10.595632 ^ clkbuf_2_3__f_clk/X (sky130_fd_sc_hd__clkbuf_16)
                                                         clknet_2_3__leaf_clk (net)
                      0.087538    0.003761   10.599393 ^ _1071_/CLK (sky130_fd_sc_hd__dfrtp_1)
                                 -0.250000   10.349393   clock uncertainty
                                  0.000000   10.349393   clock reconvergence pessimism
                                  0.410578   10.759971   library recovery time
                                             10.759971   data required time
---------------------------------------------------------------------------------------------
                                             10.759971   data required time
                                             -3.287194   data arrival time
---------------------------------------------------------------------------------------------
                                              7.472777   slack (MET)


Startpoint: rst_n (input port clocked by clk)
Endpoint: _1050_ (recovery check against rising-edge clock clk)
Path Group: asynchronous
Path Type: max

Fanout         Cap        Slew       Delay        Time   Description
---------------------------------------------------------------------------------------------
                                  0.000000    0.000000   clock clk (rise edge)
                                  0.000000    0.000000   clock network delay (propagated)
                                  2.000000    2.000000 ^ input external delay
     1    0.003901    0.039646    0.021655    2.021655 ^ rst_n (in)
                                                         rst_n (net)
                      0.039646    0.000000    2.021655 ^ input9/A (sky130_fd_sc_hd__buf_1)
     3    0.016627    0.321954    0.315041    2.336697 ^ input9/X (sky130_fd_sc_hd__buf_1)
                                                         net9 (net)
                      0.321977    0.002272    2.338968 ^ fanout49/A (sky130_fd_sc_hd__clkbuf_4)
    10    0.051419    0.255386    0.496585    2.835553 ^ fanout49/X (sky130_fd_sc_hd__clkbuf_4)
                                                         net49 (net)
                      0.255408    0.002566    2.838119 ^ fanout48/A (sky130_fd_sc_hd__clkbuf_4)
    10    0.044887    0.226312    0.446860    3.284979 ^ fanout48/X (sky130_fd_sc_hd__clkbuf_4)
                                                         net48 (net)
                      0.226327    0.002029    3.287008 ^ _1050_/RESET_B (sky130_fd_sc_hd__dfrtp_1)
                                              3.287008   data arrival time

                                 10.000000   10.000000   clock clk (rise edge)
                                  0.000000   10.000000   clock source latency
     1    0.013667    0.106385    0.071061   10.071061 ^ clk (in)
                                                         clk (net)
                      0.106405    0.000000   10.071061 ^ clkbuf_0_clk/A (sky130_fd_sc_hd__clkbuf_16)
     4    0.042516    0.097035    0.269400   10.340461 ^ clkbuf_0_clk/X (sky130_fd_sc_hd__clkbuf_16)
                                                         clknet_0_clk (net)
                      0.097136    0.001585   10.342047 ^ clkbuf_2_3__f_clk/A (sky130_fd_sc_hd__clkbuf_16)
    11    0.034762    0.087318    0.253585   10.595632 ^ clkbuf_2_3__f_clk/X (sky130_fd_sc_hd__clkbuf_16)
                                                         clknet_2_3__leaf_clk (net)
                      0.087530    0.003694   10.599325 ^ _1050_/CLK (sky130_fd_sc_hd__dfrtp_1)
                                 -0.250000   10.349325   clock uncertainty
                                  0.000000   10.349325   clock reconvergence pessimism
                                  0.410577   10.759902   library recovery time
                                             10.759902   data required time
---------------------------------------------------------------------------------------------
                                             10.759902   data required time
                                             -3.287008   data arrival time
---------------------------------------------------------------------------------------------
                                              7.472894   slack (MET)


Startpoint: rst_n (input port clocked by clk)
Endpoint: _1049_ (recovery check against rising-edge clock clk)
Path Group: asynchronous
Path Type: max

Fanout         Cap        Slew       Delay        Time   Description
---------------------------------------------------------------------------------------------
                                  0.000000    0.000000   clock clk (rise edge)
                                  0.000000    0.000000   clock network delay (propagated)
                                  2.000000    2.000000 ^ input external delay
     1    0.003901    0.039646    0.021655    2.021655 ^ rst_n (in)
                                                         rst_n (net)
                      0.039646    0.000000    2.021655 ^ input9/A (sky130_fd_sc_hd__buf_1)
     3    0.016627    0.321954    0.315041    2.336697 ^ input9/X (sky130_fd_sc_hd__buf_1)
                                                         net9 (net)
                      0.321975    0.002146    2.338843 ^ fanout47/A (sky130_fd_sc_hd__buf_2)
     8    0.042141    0.331928    0.492691    2.831534 ^ fanout47/X (sky130_fd_sc_hd__buf_2)
                                                         net47 (net)
                      0.332032    0.005582    2.837116 ^ _1049_/RESET_B (sky130_fd_sc_hd__dfrtp_1)
                                              2.837116   data arrival time

                                 10.000000   10.000000   clock clk (rise edge)
                                  0.000000   10.000000   clock source latency
     1    0.013667    0.106385    0.071061   10.071061 ^ clk (in)
                                                         clk (net)
                      0.106405    0.000000   10.071061 ^ clkbuf_0_clk/A (sky130_fd_sc_hd__clkbuf_16)
     4    0.042516    0.097035    0.269400   10.340461 ^ clkbuf_0_clk/X (sky130_fd_sc_hd__clkbuf_16)
                                                         clknet_0_clk (net)
                      0.097169    0.002127   10.342588 ^ clkbuf_2_1__f_clk/A (sky130_fd_sc_hd__clkbuf_16)
     8    0.029645    0.079989    0.247182   10.589770 ^ clkbuf_2_1__f_clk/X (sky130_fd_sc_hd__clkbuf_16)
                                                         clknet_2_1__leaf_clk (net)
                      0.080007    0.001158   10.590928 ^ _1049_/CLK (sky130_fd_sc_hd__dfrtp_1)
                                 -0.250000   10.340928   clock uncertainty
                                  0.000000   10.340928   clock reconvergence pessimism
                                  0.368912   10.709841   library recovery time
                                             10.709841   data required time
---------------------------------------------------------------------------------------------
                                             10.709841   data required time
                                             -2.837116   data arrival time
---------------------------------------------------------------------------------------------
                                              7.872724   slack (MET)


Startpoint: rst_n (input port clocked by clk)
Endpoint: _1046_ (recovery check against rising-edge clock clk)
Path Group: asynchronous
Path Type: max

Fanout         Cap        Slew       Delay        Time   Description
---------------------------------------------------------------------------------------------
                                  0.000000    0.000000   clock clk (rise edge)
                                  0.000000    0.000000   clock network delay (propagated)
                                  2.000000    2.000000 ^ input external delay
     1    0.003901    0.039646    0.021655    2.021655 ^ rst_n (in)
                                                         rst_n (net)
                      0.039646    0.000000    2.021655 ^ input9/A (sky130_fd_sc_hd__buf_1)
     3    0.016627    0.321954    0.315041    2.336697 ^ input9/X (sky130_fd_sc_hd__buf_1)
                                                         net9 (net)
                      0.321975    0.002146    2.338843 ^ fanout47/A (sky130_fd_sc_hd__buf_2)
     8    0.042141    0.331928    0.492691    2.831534 ^ fanout47/X (sky130_fd_sc_hd__buf_2)
                                                         net47 (net)
                      0.332028    0.005479    2.837013 ^ _1046_/RESET_B (sky130_fd_sc_hd__dfrtp_1)
                                              2.837013   data arrival time

                                 10.000000   10.000000   clock clk (rise edge)
                                  0.000000   10.000000   clock source latency
     1    0.013667    0.106385    0.071061   10.071061 ^ clk (in)
                                                         clk (net)
                      0.106405    0.000000   10.071061 ^ clkbuf_0_clk/A (sky130_fd_sc_hd__clkbuf_16)
     4    0.042516    0.097035    0.269400   10.340461 ^ clkbuf_0_clk/X (sky130_fd_sc_hd__clkbuf_16)
                                                         clknet_0_clk (net)
                      0.097169    0.002127   10.342588 ^ clkbuf_2_1__f_clk/A (sky130_fd_sc_hd__clkbuf_16)
     8    0.029645    0.079989    0.247182   10.589770 ^ clkbuf_2_1__f_clk/X (sky130_fd_sc_hd__clkbuf_16)
                                                         clknet_2_1__leaf_clk (net)
                      0.080004    0.001075   10.590845 ^ _1046_/CLK (sky130_fd_sc_hd__dfrtp_1)
                                 -0.250000   10.340845   clock uncertainty
                                  0.000000   10.340845   clock reconvergence pessimism
                                  0.368912   10.709757   library recovery time
                                             10.709757   data required time
---------------------------------------------------------------------------------------------
                                             10.709757   data required time
                                             -2.837013   data arrival time
---------------------------------------------------------------------------------------------
                                              7.872744   slack (MET)


Startpoint: rst_n (input port clocked by clk)
Endpoint: _1047_ (recovery check against rising-edge clock clk)
Path Group: asynchronous
Path Type: max

Fanout         Cap        Slew       Delay        Time   Description
---------------------------------------------------------------------------------------------
                                  0.000000    0.000000   clock clk (rise edge)
                                  0.000000    0.000000   clock network delay (propagated)
                                  2.000000    2.000000 ^ input external delay
     1    0.003901    0.039646    0.021655    2.021655 ^ rst_n (in)
                                                         rst_n (net)
                      0.039646    0.000000    2.021655 ^ input9/A (sky130_fd_sc_hd__buf_1)
     3    0.016627    0.321954    0.315041    2.336697 ^ input9/X (sky130_fd_sc_hd__buf_1)
                                                         net9 (net)
                      0.321975    0.002146    2.338843 ^ fanout47/A (sky130_fd_sc_hd__buf_2)
     8    0.042141    0.331928    0.492691    2.831534 ^ fanout47/X (sky130_fd_sc_hd__buf_2)
                                                         net47 (net)
                      0.332022    0.005335    2.836869 ^ _1047_/RESET_B (sky130_fd_sc_hd__dfrtp_1)
                                              2.836869   data arrival time

                                 10.000000   10.000000   clock clk (rise edge)
                                  0.000000   10.000000   clock source latency
     1    0.013667    0.106385    0.071061   10.071061 ^ clk (in)
                                                         clk (net)
                      0.106405    0.000000   10.071061 ^ clkbuf_0_clk/A (sky130_fd_sc_hd__clkbuf_16)
     4    0.042516    0.097035    0.269400   10.340461 ^ clkbuf_0_clk/X (sky130_fd_sc_hd__clkbuf_16)
                                                         clknet_0_clk (net)
                      0.097169    0.002127   10.342588 ^ clkbuf_2_1__f_clk/A (sky130_fd_sc_hd__clkbuf_16)
     8    0.029645    0.079989    0.247182   10.589770 ^ clkbuf_2_1__f_clk/X (sky130_fd_sc_hd__clkbuf_16)
                                                         clknet_2_1__leaf_clk (net)
                      0.080011    0.001245   10.591016 ^ _1047_/CLK (sky130_fd_sc_hd__dfrtp_1)
                                 -0.250000   10.341016   clock uncertainty
                                  0.000000   10.341016   clock reconvergence pessimism
                                  0.368917   10.709932   library recovery time
                                             10.709932   data required time
---------------------------------------------------------------------------------------------
                                             10.709932   data required time
                                             -2.836869   data arrival time
---------------------------------------------------------------------------------------------
                                              7.873063   slack (MET)


Startpoint: rst_n (input port clocked by clk)
Endpoint: _1045_ (recovery check against rising-edge clock clk)
Path Group: asynchronous
Path Type: max

Fanout         Cap        Slew       Delay        Time   Description
---------------------------------------------------------------------------------------------
                                  0.000000    0.000000   clock clk (rise edge)
                                  0.000000    0.000000   clock network delay (propagated)
                                  2.000000    2.000000 ^ input external delay
     1    0.003901    0.039646    0.021655    2.021655 ^ rst_n (in)
                                                         rst_n (net)
                      0.039646    0.000000    2.021655 ^ input9/A (sky130_fd_sc_hd__buf_1)
     3    0.016627    0.321954    0.315041    2.336697 ^ input9/X (sky130_fd_sc_hd__buf_1)
                                                         net9 (net)
                      0.321975    0.002146    2.338843 ^ fanout47/A (sky130_fd_sc_hd__buf_2)
     8    0.042141    0.331928    0.492691    2.831534 ^ fanout47/X (sky130_fd_sc_hd__buf_2)
                                                         net47 (net)
                      0.332006    0.004920    2.836455 ^ _1045_/RESET_B (sky130_fd_sc_hd__dfrtp_1)
                                              2.836455   data arrival time

                                 10.000000   10.000000   clock clk (rise edge)
                                  0.000000   10.000000   clock source latency
     1    0.013667    0.106385    0.071061   10.071061 ^ clk (in)
                                                         clk (net)
                      0.106405    0.000000   10.071061 ^ clkbuf_0_clk/A (sky130_fd_sc_hd__clkbuf_16)
     4    0.042516    0.097035    0.269400   10.340461 ^ clkbuf_0_clk/X (sky130_fd_sc_hd__clkbuf_16)
                                                         clknet_0_clk (net)
                      0.097169    0.002127   10.342588 ^ clkbuf_2_1__f_clk/A (sky130_fd_sc_hd__clkbuf_16)
     8    0.029645    0.079989    0.247182   10.589770 ^ clkbuf_2_1__f_clk/X (sky130_fd_sc_hd__clkbuf_16)
                                                         clknet_2_1__leaf_clk (net)
                      0.080036    0.001699   10.591470 ^ _1045_/CLK (sky130_fd_sc_hd__dfrtp_1)
                                 -0.250000   10.341470   clock uncertainty
                                  0.000000   10.341470   clock reconvergence pessimism
                                  0.368931   10.710401   library recovery time
                                             10.710401   data required time
---------------------------------------------------------------------------------------------
                                             10.710401   data required time
                                             -2.836455   data arrival time
---------------------------------------------------------------------------------------------
                                              7.873946   slack (MET)


Startpoint: rst_n (input port clocked by clk)
Endpoint: _1062_ (recovery check against rising-edge clock clk)
Path Group: asynchronous
Path Type: max

Fanout         Cap        Slew       Delay        Time   Description
---------------------------------------------------------------------------------------------
                                  0.000000    0.000000   clock clk (rise edge)
                                  0.000000    0.000000   clock network delay (propagated)
                                  2.000000    2.000000 ^ input external delay
     1    0.003901    0.039646    0.021655    2.021655 ^ rst_n (in)
                                                         rst_n (net)
                      0.039646    0.000000    2.021655 ^ input9/A (sky130_fd_sc_hd__buf_1)
     3    0.016627    0.321954    0.315041    2.336697 ^ input9/X (sky130_fd_sc_hd__buf_1)
                                                         net9 (net)
                      0.321975    0.002146    2.338843 ^ fanout47/A (sky130_fd_sc_hd__buf_2)
     8    0.042141    0.331928    0.492691    2.831534 ^ fanout47/X (sky130_fd_sc_hd__buf_2)
                                                         net47 (net)
                      0.332003    0.004855    2.836390 ^ _1062_/RESET_B (sky130_fd_sc_hd__dfrtp_1)
                                              2.836390   data arrival time

                                 10.000000   10.000000   clock clk (rise edge)
                                  0.000000   10.000000   clock source latency
     1    0.013667    0.106385    0.071061   10.071061 ^ clk (in)
                                                         clk (net)
                      0.106405    0.000000   10.071061 ^ clkbuf_0_clk/A (sky130_fd_sc_hd__clkbuf_16)
     4    0.042516    0.097035    0.269400   10.340461 ^ clkbuf_0_clk/X (sky130_fd_sc_hd__clkbuf_16)
                                                         clknet_0_clk (net)
                      0.097169    0.002127   10.342588 ^ clkbuf_2_1__f_clk/A (sky130_fd_sc_hd__clkbuf_16)
     8    0.029645    0.079989    0.247182   10.589770 ^ clkbuf_2_1__f_clk/X (sky130_fd_sc_hd__clkbuf_16)
                                                         clknet_2_1__leaf_clk (net)
                      0.080032    0.001638   10.591408 ^ _1062_/CLK (sky130_fd_sc_hd__dfrtp_1)
                                 -0.250000   10.341408   clock uncertainty
                                  0.000000   10.341408   clock reconvergence pessimism
                                  0.368931   10.710339   library recovery time
                                             10.710339   data required time
---------------------------------------------------------------------------------------------
                                             10.710339   data required time
                                             -2.836390   data arrival time
---------------------------------------------------------------------------------------------
                                              7.873949   slack (MET)


Startpoint: rst_n (input port clocked by clk)
Endpoint: _1061_ (recovery check against rising-edge clock clk)
Path Group: asynchronous
Path Type: max

Fanout         Cap        Slew       Delay        Time   Description
---------------------------------------------------------------------------------------------
                                  0.000000    0.000000   clock clk (rise edge)
                                  0.000000    0.000000   clock network delay (propagated)
                                  2.000000    2.000000 ^ input external delay
     1    0.003901    0.039646    0.021655    2.021655 ^ rst_n (in)
                                                         rst_n (net)
                      0.039646    0.000000    2.021655 ^ input9/A (sky130_fd_sc_hd__buf_1)
     3    0.016627    0.321954    0.315041    2.336697 ^ input9/X (sky130_fd_sc_hd__buf_1)
                                                         net9 (net)
                      0.321975    0.002146    2.338843 ^ fanout47/A (sky130_fd_sc_hd__buf_2)
     8    0.042141    0.331928    0.492691    2.831534 ^ fanout47/X (sky130_fd_sc_hd__buf_2)
                                                         net47 (net)
                      0.331999    0.004732    2.836266 ^ _1061_/RESET_B (sky130_fd_sc_hd__dfrtp_1)
                                              2.836266   data arrival time

                                 10.000000   10.000000   clock clk (rise edge)
                                  0.000000   10.000000   clock source latency
     1    0.013667    0.106385    0.071061   10.071061 ^ clk (in)
                                                         clk (net)
                      0.106405    0.000000   10.071061 ^ clkbuf_0_clk/A (sky130_fd_sc_hd__clkbuf_16)
     4    0.042516    0.097035    0.269400   10.340461 ^ clkbuf_0_clk/X (sky130_fd_sc_hd__clkbuf_16)
                                                         clknet_0_clk (net)
                      0.097169    0.002127   10.342588 ^ clkbuf_2_1__f_clk/A (sky130_fd_sc_hd__clkbuf_16)
     8    0.029645    0.079989    0.247182   10.589770 ^ clkbuf_2_1__f_clk/X (sky130_fd_sc_hd__clkbuf_16)
                                                         clknet_2_1__leaf_clk (net)
                      0.080033    0.001663   10.591433 ^ _1061_/CLK (sky130_fd_sc_hd__dfrtp_1)
                                 -0.250000   10.341433   clock uncertainty
                                  0.000000   10.341433   clock reconvergence pessimism
                                  0.368933   10.710366   library recovery time
                                             10.710366   data required time
---------------------------------------------------------------------------------------------
                                             10.710366   data required time
                                             -2.836266   data arrival time
---------------------------------------------------------------------------------------------
                                              7.874100   slack (MET)


Startpoint: rst_n (input port clocked by clk)
Endpoint: _1058_ (recovery check against rising-edge clock clk)
Path Group: asynchronous
Path Type: max

Fanout         Cap        Slew       Delay        Time   Description
---------------------------------------------------------------------------------------------
                                  0.000000    0.000000   clock clk (rise edge)
                                  0.000000    0.000000   clock network delay (propagated)
                                  2.000000    2.000000 ^ input external delay
     1    0.003901    0.039646    0.021655    2.021655 ^ rst_n (in)
                                                         rst_n (net)
                      0.039646    0.000000    2.021655 ^ input9/A (sky130_fd_sc_hd__buf_1)
     3    0.016627    0.321954    0.315041    2.336697 ^ input9/X (sky130_fd_sc_hd__buf_1)
                                                         net9 (net)
                      0.321975    0.002146    2.338843 ^ fanout47/A (sky130_fd_sc_hd__buf_2)
     8    0.042141    0.331928    0.492691    2.831534 ^ fanout47/X (sky130_fd_sc_hd__buf_2)
                                                         net47 (net)
                      0.331972    0.003894    2.835429 ^ _1058_/RESET_B (sky130_fd_sc_hd__dfrtp_1)
                                              2.835429   data arrival time

                                 10.000000   10.000000   clock clk (rise edge)
                                  0.000000   10.000000   clock source latency
     1    0.013667    0.106385    0.071061   10.071061 ^ clk (in)
                                                         clk (net)
                      0.106405    0.000000   10.071061 ^ clkbuf_0_clk/A (sky130_fd_sc_hd__clkbuf_16)
     4    0.042516    0.097035    0.269400   10.340461 ^ clkbuf_0_clk/X (sky130_fd_sc_hd__clkbuf_16)
                                                         clknet_0_clk (net)
                      0.097160    0.001985   10.342446 ^ clkbuf_2_0__f_clk/A (sky130_fd_sc_hd__clkbuf_16)
    10    0.030935    0.081783    0.248926   10.591372 ^ clkbuf_2_0__f_clk/X (sky130_fd_sc_hd__clkbuf_16)
                                                         clknet_2_0__leaf_clk (net)
                      0.081818    0.001556   10.592929 ^ _1058_/CLK (sky130_fd_sc_hd__dfrtp_1)
                                 -0.250000   10.342929   clock uncertainty
                                  0.000000   10.342929   clock reconvergence pessimism
                                  0.369549   10.712478   library recovery time
                                             10.712478   data required time
---------------------------------------------------------------------------------------------
                                             10.712478   data required time
                                             -2.835429   data arrival time
---------------------------------------------------------------------------------------------
                                              7.877048   slack (MET)


Startpoint: rst_n (input port clocked by clk)
Endpoint: _1063_ (recovery check against rising-edge clock clk)
Path Group: asynchronous
Path Type: max

Fanout         Cap        Slew       Delay        Time   Description
---------------------------------------------------------------------------------------------
                                  0.000000    0.000000   clock clk (rise edge)
                                  0.000000    0.000000   clock network delay (propagated)
                                  2.000000    2.000000 ^ input external delay
     1    0.003901    0.039646    0.021655    2.021655 ^ rst_n (in)
                                                         rst_n (net)
                      0.039646    0.000000    2.021655 ^ input9/A (sky130_fd_sc_hd__buf_1)
     3    0.016627    0.321954    0.315041    2.336697 ^ input9/X (sky130_fd_sc_hd__buf_1)
                                                         net9 (net)
                      0.321977    0.002272    2.338968 ^ fanout49/A (sky130_fd_sc_hd__clkbuf_4)
    10    0.051419    0.255386    0.496585    2.835553 ^ fanout49/X (sky130_fd_sc_hd__clkbuf_4)
                                                         net49 (net)
                      0.255442    0.003705    2.839258 ^ _1063_/RESET_B (sky130_fd_sc_hd__dfrtp_1)
                                              2.839258   data arrival time

                                 10.000000   10.000000   clock clk (rise edge)
                                  0.000000   10.000000   clock source latency
     1    0.013667    0.106385    0.071061   10.071061 ^ clk (in)
                                                         clk (net)
                      0.106405    0.000000   10.071061 ^ clkbuf_0_clk/A (sky130_fd_sc_hd__clkbuf_16)
     4    0.042516    0.097035    0.269400   10.340461 ^ clkbuf_0_clk/X (sky130_fd_sc_hd__clkbuf_16)
                                                         clknet_0_clk (net)
                      0.097169    0.002127   10.342588 ^ clkbuf_2_1__f_clk/A (sky130_fd_sc_hd__clkbuf_16)
     8    0.029645    0.079989    0.247182   10.589770 ^ clkbuf_2_1__f_clk/X (sky130_fd_sc_hd__clkbuf_16)
                                                         clknet_2_1__leaf_clk (net)
                      0.080023    0.001489   10.591259 ^ _1063_/CLK (sky130_fd_sc_hd__dfrtp_1)
                                 -0.250000   10.341259   clock uncertainty
                                  0.000000   10.341259   clock reconvergence pessimism
                                  0.397270   10.738528   library recovery time
                                             10.738528   data required time
---------------------------------------------------------------------------------------------
                                             10.738528   data required time
                                             -2.839258   data arrival time
---------------------------------------------------------------------------------------------
                                              7.899271   slack (MET)


Startpoint: rst_n (input port clocked by clk)
Endpoint: _1057_ (recovery check against rising-edge clock clk)
Path Group: asynchronous
Path Type: max

Fanout         Cap        Slew       Delay        Time   Description
---------------------------------------------------------------------------------------------
                                  0.000000    0.000000   clock clk (rise edge)
                                  0.000000    0.000000   clock network delay (propagated)
                                  2.000000    2.000000 ^ input external delay
     1    0.003901    0.039646    0.021655    2.021655 ^ rst_n (in)
                                                         rst_n (net)
                      0.039646    0.000000    2.021655 ^ input9/A (sky130_fd_sc_hd__buf_1)
     3    0.016627    0.321954    0.315041    2.336697 ^ input9/X (sky130_fd_sc_hd__buf_1)
                                                         net9 (net)
                      0.321977    0.002272    2.338968 ^ fanout49/A (sky130_fd_sc_hd__clkbuf_4)
    10    0.051419    0.255386    0.496585    2.835553 ^ fanout49/X (sky130_fd_sc_hd__clkbuf_4)
                                                         net49 (net)
                      0.255419    0.003002    2.838555 ^ _1057_/RESET_B (sky130_fd_sc_hd__dfrtp_1)
                                              2.838555   data arrival time

                                 10.000000   10.000000   clock clk (rise edge)
                                  0.000000   10.000000   clock source latency
     1    0.013667    0.106385    0.071061   10.071061 ^ clk (in)
                                                         clk (net)
                      0.106405    0.000000   10.071061 ^ clkbuf_0_clk/A (sky130_fd_sc_hd__clkbuf_16)
     4    0.042516    0.097035    0.269400   10.340461 ^ clkbuf_0_clk/X (sky130_fd_sc_hd__clkbuf_16)
                                                         clknet_0_clk (net)
                      0.097160    0.001985   10.342446 ^ clkbuf_2_0__f_clk/A (sky130_fd_sc_hd__clkbuf_16)
    10    0.030935    0.081783    0.248926   10.591372 ^ clkbuf_2_0__f_clk/X (sky130_fd_sc_hd__clkbuf_16)
                                                         clknet_2_0__leaf_clk (net)
                      0.081826    0.001686   10.593059 ^ _1057_/CLK (sky130_fd_sc_hd__dfrtp_1)
                                 -0.250000   10.343059   clock uncertainty
                                  0.000000   10.343059   clock reconvergence pessimism
                                  0.397887   10.740945   library recovery time
                                             10.740945   data required time
---------------------------------------------------------------------------------------------
                                             10.740945   data required time
                                             -2.838555   data arrival time
---------------------------------------------------------------------------------------------
                                              7.902390   slack (MET)


Startpoint: rst_n (input port clocked by clk)
Endpoint: _1072_ (recovery check against rising-edge clock clk)
Path Group: asynchronous
Path Type: max

Fanout         Cap        Slew       Delay        Time   Description
---------------------------------------------------------------------------------------------
                                  0.000000    0.000000   clock clk (rise edge)
                                  0.000000    0.000000   clock network delay (propagated)
                                  2.000000    2.000000 ^ input external delay
     1    0.003901    0.039646    0.021655    2.021655 ^ rst_n (in)
                                                         rst_n (net)
                      0.039646    0.000000    2.021655 ^ input9/A (sky130_fd_sc_hd__buf_1)
     3    0.016627    0.321954    0.315041    2.336697 ^ input9/X (sky130_fd_sc_hd__buf_1)
                                                         net9 (net)
                      0.321977    0.002272    2.338968 ^ fanout49/A (sky130_fd_sc_hd__clkbuf_4)
    10    0.051419    0.255386    0.496585    2.835553 ^ fanout49/X (sky130_fd_sc_hd__clkbuf_4)
                                                         net49 (net)
                      0.255387    0.001249    2.836801 ^ _1072_/RESET_B (sky130_fd_sc_hd__dfrtp_1)
                                              2.836801   data arrival time

                                 10.000000   10.000000   clock clk (rise edge)
                                  0.000000   10.000000   clock source latency
     1    0.013667    0.106385    0.071061   10.071061 ^ clk (in)
                                                         clk (net)
                      0.106405    0.000000   10.071061 ^ clkbuf_0_clk/A (sky130_fd_sc_hd__clkbuf_16)
     4    0.042516    0.097035    0.269400   10.340461 ^ clkbuf_0_clk/X (sky130_fd_sc_hd__clkbuf_16)
                                                         clknet_0_clk (net)
                      0.097139    0.001642   10.342103 ^ clkbuf_2_2__f_clk/A (sky130_fd_sc_hd__clkbuf_16)
    11    0.032699    0.084310    0.251076   10.593179 ^ clkbuf_2_2__f_clk/X (sky130_fd_sc_hd__clkbuf_16)
                                                         clknet_2_2__leaf_clk (net)
                      0.084364    0.001958   10.595138 ^ _1072_/CLK (sky130_fd_sc_hd__dfrtp_1)
                                 -0.250000   10.345138   clock uncertainty
                                  0.000000   10.345138   clock reconvergence pessimism
                                  0.398756   10.743894   library recovery time
                                             10.743894   data required time
---------------------------------------------------------------------------------------------
                                             10.743894   data required time
                                             -2.836801   data arrival time
---------------------------------------------------------------------------------------------
                                              7.907092   slack (MET)


Startpoint: rst_n (input port clocked by clk)
Endpoint: _1068_ (recovery check against rising-edge clock clk)
Path Group: asynchronous
Path Type: max

Fanout         Cap        Slew       Delay        Time   Description
---------------------------------------------------------------------------------------------
                                  0.000000    0.000000   clock clk (rise edge)
                                  0.000000    0.000000   clock network delay (propagated)
                                  2.000000    2.000000 ^ input external delay
     1    0.003901    0.039646    0.021655    2.021655 ^ rst_n (in)
                                                         rst_n (net)
                      0.039646    0.000000    2.021655 ^ input9/A (sky130_fd_sc_hd__buf_1)
     3    0.016627    0.321954    0.315041    2.336697 ^ input9/X (sky130_fd_sc_hd__buf_1)
                                                         net9 (net)
                      0.321977    0.002272    2.338968 ^ fanout49/A (sky130_fd_sc_hd__clkbuf_4)
    10    0.051419    0.255386    0.496585    2.835553 ^ fanout49/X (sky130_fd_sc_hd__clkbuf_4)
                                                         net49 (net)
                      0.255443    0.003746    2.839299 ^ _1068_/RESET_B (sky130_fd_sc_hd__dfrtp_1)
                                              2.839299   data arrival time

                                 10.000000   10.000000   clock clk (rise edge)
                                  0.000000   10.000000   clock source latency
     1    0.013667    0.106385    0.071061   10.071061 ^ clk (in)
                                                         clk (net)
                      0.106405    0.000000   10.071061 ^ clkbuf_0_clk/A (sky130_fd_sc_hd__clkbuf_16)
     4    0.042516    0.097035    0.269400   10.340461 ^ clkbuf_0_clk/X (sky130_fd_sc_hd__clkbuf_16)
                                                         clknet_0_clk (net)
                      0.097136    0.001585   10.342047 ^ clkbuf_2_3__f_clk/A (sky130_fd_sc_hd__clkbuf_16)
    11    0.034762    0.087318    0.253585   10.595632 ^ clkbuf_2_3__f_clk/X (sky130_fd_sc_hd__clkbuf_16)
                                                         clknet_2_3__leaf_clk (net)
                      0.087345    0.001567   10.597198 ^ _1068_/CLK (sky130_fd_sc_hd__dfrtp_1)
                                 -0.250000   10.347198   clock uncertainty
                                  0.000000   10.347198   clock reconvergence pessimism
                                  0.399741   10.746939   library recovery time
                                             10.746939   data required time
---------------------------------------------------------------------------------------------
                                             10.746939   data required time
                                             -2.839299   data arrival time
---------------------------------------------------------------------------------------------
                                              7.907640   slack (MET)


Startpoint: rst_n (input port clocked by clk)
Endpoint: _1067_ (recovery check against rising-edge clock clk)
Path Group: asynchronous
Path Type: max

Fanout         Cap        Slew       Delay        Time   Description
---------------------------------------------------------------------------------------------
                                  0.000000    0.000000   clock clk (rise edge)
                                  0.000000    0.000000   clock network delay (propagated)
                                  2.000000    2.000000 ^ input external delay
     1    0.003901    0.039646    0.021655    2.021655 ^ rst_n (in)
                                                         rst_n (net)
                      0.039646    0.000000    2.021655 ^ input9/A (sky130_fd_sc_hd__buf_1)
     3    0.016627    0.321954    0.315041    2.336697 ^ input9/X (sky130_fd_sc_hd__buf_1)
                                                         net9 (net)
                      0.321977    0.002272    2.338968 ^ fanout49/A (sky130_fd_sc_hd__clkbuf_4)
    10    0.051419    0.255386    0.496585    2.835553 ^ fanout49/X (sky130_fd_sc_hd__clkbuf_4)
                                                         net49 (net)
                      0.255451    0.003937    2.839490 ^ _1067_/RESET_B (sky130_fd_sc_hd__dfrtp_1)
                                              2.839490   data arrival time

                                 10.000000   10.000000   clock clk (rise edge)
                                  0.000000   10.000000   clock source latency
     1    0.013667    0.106385    0.071061   10.071061 ^ clk (in)
                                                         clk (net)
                      0.106405    0.000000   10.071061 ^ clkbuf_0_clk/A (sky130_fd_sc_hd__clkbuf_16)
     4    0.042516    0.097035    0.269400   10.340461 ^ clkbuf_0_clk/X (sky130_fd_sc_hd__clkbuf_16)
                                                         clknet_0_clk (net)
                      0.097136    0.001585   10.342047 ^ clkbuf_2_3__f_clk/A (sky130_fd_sc_hd__clkbuf_16)
    11    0.034762    0.087318    0.253585   10.595632 ^ clkbuf_2_3__f_clk/X (sky130_fd_sc_hd__clkbuf_16)
                                                         clknet_2_3__leaf_clk (net)
                      0.087359    0.001851   10.597483 ^ _1067_/CLK (sky130_fd_sc_hd__dfrtp_1)
                                 -0.250000   10.347483   clock uncertainty
                                  0.000000   10.347483   clock reconvergence pessimism
                                  0.399743   10.747226   library recovery time
                                             10.747226   data required time
---------------------------------------------------------------------------------------------
                                             10.747226   data required time
                                             -2.839490   data arrival time
---------------------------------------------------------------------------------------------
                                              7.907736   slack (MET)


Startpoint: rst_n (input port clocked by clk)
Endpoint: _1066_ (recovery check against rising-edge clock clk)
Path Group: asynchronous
Path Type: max

Fanout         Cap        Slew       Delay        Time   Description
---------------------------------------------------------------------------------------------
                                  0.000000    0.000000   clock clk (rise edge)
                                  0.000000    0.000000   clock network delay (propagated)
                                  2.000000    2.000000 ^ input external delay
     1    0.003901    0.039646    0.021655    2.021655 ^ rst_n (in)
                                                         rst_n (net)
                      0.039646    0.000000    2.021655 ^ input9/A (sky130_fd_sc_hd__buf_1)
     3    0.016627    0.321954    0.315041    2.336697 ^ input9/X (sky130_fd_sc_hd__buf_1)
                                                         net9 (net)
                      0.321977    0.002272    2.338968 ^ fanout49/A (sky130_fd_sc_hd__clkbuf_4)
    10    0.051419    0.255386    0.496585    2.835553 ^ fanout49/X (sky130_fd_sc_hd__clkbuf_4)
                                                         net49 (net)
                      0.255443    0.003743    2.839296 ^ _1066_/RESET_B (sky130_fd_sc_hd__dfrtp_1)
                                              2.839296   data arrival time

                                 10.000000   10.000000   clock clk (rise edge)
                                  0.000000   10.000000   clock source latency
     1    0.013667    0.106385    0.071061   10.071061 ^ clk (in)
                                                         clk (net)
                      0.106405    0.000000   10.071061 ^ clkbuf_0_clk/A (sky130_fd_sc_hd__clkbuf_16)
     4    0.042516    0.097035    0.269400   10.340461 ^ clkbuf_0_clk/X (sky130_fd_sc_hd__clkbuf_16)
                                                         clknet_0_clk (net)
                      0.097136    0.001585   10.342047 ^ clkbuf_2_3__f_clk/A (sky130_fd_sc_hd__clkbuf_16)
    11    0.034762    0.087318    0.253585   10.595632 ^ clkbuf_2_3__f_clk/X (sky130_fd_sc_hd__clkbuf_16)
                                                         clknet_2_3__leaf_clk (net)
                      0.087394    0.002370   10.598001 ^ _1066_/CLK (sky130_fd_sc_hd__dfrtp_1)
                                 -0.250000   10.348001   clock uncertainty
                                  0.000000   10.348001   clock reconvergence pessimism
                                  0.399758   10.747759   library recovery time
                                             10.747759   data required time
---------------------------------------------------------------------------------------------
                                             10.747759   data required time
                                             -2.839296   data arrival time
---------------------------------------------------------------------------------------------
                                              7.908463   slack (MET)


Startpoint: rst_n (input port clocked by clk)
Endpoint: _1065_ (recovery check against rising-edge clock clk)
Path Group: asynchronous
Path Type: max

Fanout         Cap        Slew       Delay        Time   Description
---------------------------------------------------------------------------------------------
                                  0.000000    0.000000   clock clk (rise edge)
                                  0.000000    0.000000   clock network delay (propagated)
                                  2.000000    2.000000 ^ input external delay
     1    0.003901    0.039646    0.021655    2.021655 ^ rst_n (in)
                                                         rst_n (net)
                      0.039646    0.000000    2.021655 ^ input9/A (sky130_fd_sc_hd__buf_1)
     3    0.016627    0.321954    0.315041    2.336697 ^ input9/X (sky130_fd_sc_hd__buf_1)
                                                         net9 (net)
                      0.321977    0.002272    2.338968 ^ fanout49/A (sky130_fd_sc_hd__clkbuf_4)
    10    0.051419    0.255386    0.496585    2.835553 ^ fanout49/X (sky130_fd_sc_hd__clkbuf_4)
                                                         net49 (net)
                      0.255447    0.003846    2.839398 ^ _1065_/RESET_B (sky130_fd_sc_hd__dfrtp_1)
                                              2.839398   data arrival time

                                 10.000000   10.000000   clock clk (rise edge)
                                  0.000000   10.000000   clock source latency
     1    0.013667    0.106385    0.071061   10.071061 ^ clk (in)
                                                         clk (net)
                      0.106405    0.000000   10.071061 ^ clkbuf_0_clk/A (sky130_fd_sc_hd__clkbuf_16)
     4    0.042516    0.097035    0.269400   10.340461 ^ clkbuf_0_clk/X (sky130_fd_sc_hd__clkbuf_16)
                                                         clknet_0_clk (net)
                      0.097136    0.001585   10.342047 ^ clkbuf_2_3__f_clk/A (sky130_fd_sc_hd__clkbuf_16)
    11    0.034762    0.087318    0.253585   10.595632 ^ clkbuf_2_3__f_clk/X (sky130_fd_sc_hd__clkbuf_16)
                                                         clknet_2_3__leaf_clk (net)
                      0.087506    0.003502   10.599133 ^ _1065_/CLK (sky130_fd_sc_hd__dfrtp_1)
                                 -0.250000   10.349133   clock uncertainty
                                  0.000000   10.349133   clock reconvergence pessimism
                                  0.399794   10.748927   library recovery time
                                             10.748927   data required time
---------------------------------------------------------------------------------------------
                                             10.748927   data required time
                                             -2.839398   data arrival time
---------------------------------------------------------------------------------------------
                                              7.909529   slack (MET)


Startpoint: rst_n (input port clocked by clk)
Endpoint: _1064_ (recovery check against rising-edge clock clk)
Path Group: asynchronous
Path Type: max

Fanout         Cap        Slew       Delay        Time   Description
---------------------------------------------------------------------------------------------
                                  0.000000    0.000000   clock clk (rise edge)
                                  0.000000    0.000000   clock network delay (propagated)
                                  2.000000    2.000000 ^ input external delay
     1    0.003901    0.039646    0.021655    2.021655 ^ rst_n (in)
                                                         rst_n (net)
                      0.039646    0.000000    2.021655 ^ input9/A (sky130_fd_sc_hd__buf_1)
     3    0.016627    0.321954    0.315041    2.336697 ^ input9/X (sky130_fd_sc_hd__buf_1)
                                                         net9 (net)
                      0.321977    0.002272    2.338968 ^ fanout49/A (sky130_fd_sc_hd__clkbuf_4)
    10    0.051419    0.255386    0.496585    2.835553 ^ fanout49/X (sky130_fd_sc_hd__clkbuf_4)
                                                         net49 (net)
                      0.255435    0.003505    2.839057 ^ _1064_/RESET_B (sky130_fd_sc_hd__dfrtp_1)
                                              2.839057   data arrival time

                                 10.000000   10.000000   clock clk (rise edge)
                                  0.000000   10.000000   clock source latency
     1    0.013667    0.106385    0.071061   10.071061 ^ clk (in)
                                                         clk (net)
                      0.106405    0.000000   10.071061 ^ clkbuf_0_clk/A (sky130_fd_sc_hd__clkbuf_16)
     4    0.042516    0.097035    0.269400   10.340461 ^ clkbuf_0_clk/X (sky130_fd_sc_hd__clkbuf_16)
                                                         clknet_0_clk (net)
                      0.097136    0.001585   10.342047 ^ clkbuf_2_3__f_clk/A (sky130_fd_sc_hd__clkbuf_16)
    11    0.034762    0.087318    0.253585   10.595632 ^ clkbuf_2_3__f_clk/X (sky130_fd_sc_hd__clkbuf_16)
                                                         clknet_2_3__leaf_clk (net)
                      0.087472    0.003210   10.598842 ^ _1064_/CLK (sky130_fd_sc_hd__dfrtp_1)
                                 -0.250000   10.348841   clock uncertainty
                                  0.000000   10.348841   clock reconvergence pessimism
                                  0.399787   10.748629   library recovery time
                                             10.748629   data required time
---------------------------------------------------------------------------------------------
                                             10.748629   data required time
                                             -2.839057   data arrival time
---------------------------------------------------------------------------------------------
                                              7.909572   slack (MET)


Startpoint: rst_n (input port clocked by clk)
Endpoint: _1048_ (recovery check against rising-edge clock clk)
Path Group: asynchronous
Path Type: max

Fanout         Cap        Slew       Delay        Time   Description
---------------------------------------------------------------------------------------------
                                  0.000000    0.000000   clock clk (rise edge)
                                  0.000000    0.000000   clock network delay (propagated)
                                  2.000000    2.000000 ^ input external delay
     1    0.003901    0.039646    0.021655    2.021655 ^ rst_n (in)
                                                         rst_n (net)
                      0.039646    0.000000    2.021655 ^ input9/A (sky130_fd_sc_hd__buf_1)
     3    0.016627    0.321954    0.315041    2.336697 ^ input9/X (sky130_fd_sc_hd__buf_1)
                                                         net9 (net)
                      0.321977    0.002272    2.338968 ^ fanout49/A (sky130_fd_sc_hd__clkbuf_4)
    10    0.051419    0.255386    0.496585    2.835553 ^ fanout49/X (sky130_fd_sc_hd__clkbuf_4)
                                                         net49 (net)
                      0.255427    0.003265    2.838818 ^ _1048_/RESET_B (sky130_fd_sc_hd__dfrtp_1)
                                              2.838818   data arrival time

                                 10.000000   10.000000   clock clk (rise edge)
                                  0.000000   10.000000   clock source latency
     1    0.013667    0.106385    0.071061   10.071061 ^ clk (in)
                                                         clk (net)
                      0.106405    0.000000   10.071061 ^ clkbuf_0_clk/A (sky130_fd_sc_hd__clkbuf_16)
     4    0.042516    0.097035    0.269400   10.340461 ^ clkbuf_0_clk/X (sky130_fd_sc_hd__clkbuf_16)
                                                         clknet_0_clk (net)
                      0.097136    0.001585   10.342047 ^ clkbuf_2_3__f_clk/A (sky130_fd_sc_hd__clkbuf_16)
    11    0.034762    0.087318    0.253585   10.595632 ^ clkbuf_2_3__f_clk/X (sky130_fd_sc_hd__clkbuf_16)
                                                         clknet_2_3__leaf_clk (net)
                      0.087517    0.003593   10.599224 ^ _1048_/CLK (sky130_fd_sc_hd__dfrtp_1)
                                 -0.250000   10.349224   clock uncertainty
                                  0.000000   10.349224   clock reconvergence pessimism
                                  0.399805   10.749029   library recovery time
                                             10.749029   data required time
---------------------------------------------------------------------------------------------
                                             10.749029   data required time
                                             -2.838818   data arrival time
---------------------------------------------------------------------------------------------
                                              7.910212   slack (MET)


Startpoint: rst_n (input port clocked by clk)
Endpoint: _1069_ (recovery check against rising-edge clock clk)
Path Group: asynchronous
Path Type: max

Fanout         Cap        Slew       Delay        Time   Description
---------------------------------------------------------------------------------------------
                                  0.000000    0.000000   clock clk (rise edge)
                                  0.000000    0.000000   clock network delay (propagated)
                                  2.000000    2.000000 ^ input external delay
     1    0.003901    0.039646    0.021655    2.021655 ^ rst_n (in)
                                                         rst_n (net)
                      0.039646    0.000000    2.021655 ^ input9/A (sky130_fd_sc_hd__buf_1)
     3    0.016627    0.321954    0.315041    2.336697 ^ input9/X (sky130_fd_sc_hd__buf_1)
                                                         net9 (net)
                      0.321981    0.002422    2.339118 ^ _1069_/RESET_B (sky130_fd_sc_hd__dfrtp_1)
                                              2.339118   data arrival time

                                 10.000000   10.000000   clock clk (rise edge)
                                  0.000000   10.000000   clock source latency
     1    0.013667    0.106385    0.071061   10.071061 ^ clk (in)
                                                         clk (net)
                      0.106405    0.000000   10.071061 ^ clkbuf_0_clk/A (sky130_fd_sc_hd__clkbuf_16)
     4    0.042516    0.097035    0.269400   10.340461 ^ clkbuf_0_clk/X (sky130_fd_sc_hd__clkbuf_16)
                                                         clknet_0_clk (net)
                      0.097136    0.001585   10.342047 ^ clkbuf_2_3__f_clk/A (sky130_fd_sc_hd__clkbuf_16)
    11    0.034762    0.087318    0.253585   10.595632 ^ clkbuf_2_3__f_clk/X (sky130_fd_sc_hd__clkbuf_16)
                                                         clknet_2_3__leaf_clk (net)
                      0.087517    0.003590   10.599221 ^ _1069_/CLK (sky130_fd_sc_hd__dfrtp_1)
                                 -0.250000   10.349221   clock uncertainty
                                  0.000000   10.349221   clock reconvergence pessimism
                                  0.375180   10.724401   library recovery time
                                             10.724401   data required time
---------------------------------------------------------------------------------------------
                                             10.724401   data required time
                                             -2.339118   data arrival time
---------------------------------------------------------------------------------------------
                                              8.385283   slack (MET)



%OL_END_REPORT
%OL_CREATE_REPORT checks.rpt

===========================================================================
report_checks -unconstrained
===========================================================================
======================= max_ss_100C_1v60 Corner ===================================

Startpoint: rst_n (input port clocked by clk)
Endpoint: _1042_ (recovery check against rising-edge clock clk)
Path Group: asynchronous
Path Type: max

Fanout         Cap        Slew       Delay        Time   Description
---------------------------------------------------------------------------------------------
                                  0.000000    0.000000   clock clk (rise edge)
                                  0.000000    0.000000   clock network delay (propagated)
                                  2.000000    2.000000 ^ input external delay
     1    0.003901    0.039646    0.021655    2.021655 ^ rst_n (in)
                                                         rst_n (net)
                      0.039646    0.000000    2.021655 ^ input9/A (sky130_fd_sc_hd__buf_1)
     3    0.016627    0.321954    0.315041    2.336697 ^ input9/X (sky130_fd_sc_hd__buf_1)
                                                         net9 (net)
                      0.321975    0.002146    2.338843 ^ fanout47/A (sky130_fd_sc_hd__buf_2)
     8    0.042141    0.331928    0.492691    2.831534 ^ fanout47/X (sky130_fd_sc_hd__buf_2)
                                                         net47 (net)
                      0.331931    0.001755    2.833289 ^ fanout46/A (sky130_fd_sc_hd__clkbuf_4)
    10    0.046590    0.233666    0.484846    3.318136 ^ fanout46/X (sky130_fd_sc_hd__clkbuf_4)
                                                         net46 (net)
                      0.233786    0.004920    3.323056 ^ _1042_/RESET_B (sky130_fd_sc_hd__dfrtp_1)
                                              3.323056   data arrival time

                                 10.000000   10.000000   clock clk (rise edge)
                                  0.000000   10.000000   clock source latency
     1    0.013667    0.106385    0.071061   10.071061 ^ clk (in)
                                                         clk (net)
                      0.106405    0.000000   10.071061 ^ clkbuf_0_clk/A (sky130_fd_sc_hd__clkbuf_16)
     4    0.042516    0.097035    0.269400   10.340461 ^ clkbuf_0_clk/X (sky130_fd_sc_hd__clkbuf_16)
                                                         clknet_0_clk (net)
                      0.097160    0.001985   10.342446 ^ clkbuf_2_0__f_clk/A (sky130_fd_sc_hd__clkbuf_16)
    10    0.030935    0.081783    0.248926   10.591372 ^ clkbuf_2_0__f_clk/X (sky130_fd_sc_hd__clkbuf_16)
                                                         clknet_2_0__leaf_clk (net)
                      0.081811    0.001415   10.592788 ^ _1042_/CLK (sky130_fd_sc_hd__dfrtp_1)
                                 -0.250000   10.342788   clock uncertainty
                                  0.000000   10.342788   clock reconvergence pessimism
                                  0.405890   10.748677   library recovery time
                                             10.748677   data required time
---------------------------------------------------------------------------------------------
                                             10.748677   data required time
                                             -3.323056   data arrival time
---------------------------------------------------------------------------------------------
                                              7.425621   slack (MET)


Startpoint: weight_in[0] (input port clocked by clk)
Endpoint: _1056_ (rising edge-triggered flip-flop clocked by clk)
Path Group: clk
Path Type: max

Fanout         Cap        Slew       Delay        Time   Description
---------------------------------------------------------------------------------------------
                                  0.000000    0.000000   clock clk (rise edge)
                                  0.000000    0.000000   clock network delay (propagated)
                                  2.000000    2.000000 v input external delay
     1    0.002919    0.018911    0.009655    2.009655 v weight_in[0] (in)
                                                         weight_in[0] (net)
                      0.018912    0.000000    2.009655 v input11/A (sky130_fd_sc_hd__clkbuf_2)
     6    0.026529    0.190670    0.274644    2.284299 v input11/X (sky130_fd_sc_hd__clkbuf_2)
                                                         net11 (net)
                      0.190716    0.002870    2.287169 v fanout76/A (sky130_fd_sc_hd__clkbuf_2)
    10    0.033061    0.233655    0.386527    2.673697 v fanout76/X (sky130_fd_sc_hd__clkbuf_2)
                                                         net76 (net)
                      0.233681    0.002544    2.676240 v _0813_/A (sky130_fd_sc_hd__and3_1)
     3    0.008288    0.115418    0.417699    3.093939 v _0813_/X (sky130_fd_sc_hd__and3_1)
                                                         _0310_ (net)
                      0.115418    0.000290    3.094229 v _0815_/A (sky130_fd_sc_hd__or3_4)
     3    0.014982    0.147392    0.820473    3.914701 v _0815_/X (sky130_fd_sc_hd__or3_4)
                                                         _0312_ (net)
                      0.147392    0.000894    3.915595 v _0818_/A2 (sky130_fd_sc_hd__a211oi_4)
     1    0.010587    0.343804    0.484060    4.399655 ^ _0818_/Y (sky130_fd_sc_hd__a211oi_4)
                                                         _0315_ (net)
                      0.343804    0.000854    4.400509 ^ _0819_/A (sky130_fd_sc_hd__nor2_4)
     2    0.011562    0.084924    0.169717    4.570226 v _0819_/Y (sky130_fd_sc_hd__nor2_4)
                                                         _0316_ (net)
                      0.084926    0.000771    4.570997 v _0826_/B (sky130_fd_sc_hd__xnor2_2)
     2    0.011302    0.171077    0.283762    4.854759 v _0826_/Y (sky130_fd_sc_hd__xnor2_2)
                                                         _0323_ (net)
                      0.171080    0.000871    4.855630 v _0829_/B (sky130_fd_sc_hd__xnor2_2)
     2    0.006940    0.115448    0.293860    5.149490 v _0829_/Y (sky130_fd_sc_hd__xnor2_2)
                                                         _0326_ (net)
                      0.115448    0.000429    5.149920 v _0830_/A (sky130_fd_sc_hd__or2_4)
     4    0.021816    0.125552    0.552668    5.702588 v _0830_/X (sky130_fd_sc_hd__or2_4)
                                                         _0327_ (net)
                      0.125558    0.001013    5.703600 v _0833_/A2 (sky130_fd_sc_hd__a211o_4)
     2    0.011915    0.095671    0.638353    6.341953 v _0833_/X (sky130_fd_sc_hd__a211o_4)
                                                         _0330_ (net)
                      0.095671    0.000715    6.342669 v _0835_/A1 (sky130_fd_sc_hd__a211o_1)
     3    0.010934    0.158037    0.577641    6.920309 v _0835_/X (sky130_fd_sc_hd__a211o_1)
                                                         _0332_ (net)
                      0.158038    0.000779    6.921088 v _0838_/A1 (sky130_fd_sc_hd__a211o_1)
     2    0.004546    0.103097    0.541437    7.462525 v _0838_/X (sky130_fd_sc_hd__a211o_1)
                                                         _0335_ (net)
                      0.103097    0.000246    7.462771 v _0839_/A (sky130_fd_sc_hd__and3_1)
     3    0.008289    0.115417    0.355100    7.817871 v _0839_/X (sky130_fd_sc_hd__and3_1)
                                                         _0336_ (net)
                      0.115417    0.000425    7.818296 v _0887_/A2 (sky130_fd_sc_hd__a21o_1)
     2    0.008644    0.105801    0.382172    8.200468 v _0887_/X (sky130_fd_sc_hd__a21o_1)
                                                         _0382_ (net)
                      0.105802    0.000584    8.201053 v _0927_/A1 (sky130_fd_sc_hd__o311a_4)
     3    0.016546    0.118187    0.727741    8.928794 v _0927_/X (sky130_fd_sc_hd__o311a_4)
                                                         _0422_ (net)
                      0.118198    0.001209    8.930003 v _0999_/C (sky130_fd_sc_hd__nor3_4)
     2    0.010498    0.285527    0.269361    9.199365 ^ _0999_/Y (sky130_fd_sc_hd__nor3_4)
                                                         _0492_ (net)
                      0.285528    0.000662    9.200026 ^ _1003_/A1 (sky130_fd_sc_hd__o31ai_2)
     1    0.004857    0.110635    0.227582    9.427608 v _1003_/Y (sky130_fd_sc_hd__o31ai_2)
                                                         _0495_ (net)
                      0.110635    0.000360    9.427968 v _1018_/B (sky130_fd_sc_hd__xnor2_1)
     2    0.007485    0.183458    0.275582    9.703550 v _1018_/Y (sky130_fd_sc_hd__xnor2_1)
                                                         _0510_ (net)
                      0.183458    0.000474    9.704024 v _1019_/A1 (sky130_fd_sc_hd__mux2_4)
     1    0.003462    0.080781    0.514422   10.218447 v _1019_/X (sky130_fd_sc_hd__mux2_4)
                                                         _0020_ (net)
                      0.080781    0.000233   10.218679 v _1056_/D (sky130_fd_sc_hd__dfrtp_1)
                                             10.218679   data arrival time

                                 10.000000   10.000000   clock clk (rise edge)
                                  0.000000   10.000000   clock source latency
     1    0.013667    0.106385    0.071061   10.071061 ^ clk (in)
                                                         clk (net)
                      0.106405    0.000000   10.071061 ^ clkbuf_0_clk/A (sky130_fd_sc_hd__clkbuf_16)
     4    0.042516    0.097035    0.269400   10.340461 ^ clkbuf_0_clk/X (sky130_fd_sc_hd__clkbuf_16)
                                                         clknet_0_clk (net)
                      0.097139    0.001642   10.342103 ^ clkbuf_2_2__f_clk/A (sky130_fd_sc_hd__clkbuf_16)
    11    0.032699    0.084310    0.251076   10.593179 ^ clkbuf_2_2__f_clk/X (sky130_fd_sc_hd__clkbuf_16)
                                                         clknet_2_2__leaf_clk (net)
                      0.084353    0.001787   10.594966 ^ _1056_/CLK (sky130_fd_sc_hd__dfrtp_1)
                                 -0.250000   10.344966   clock uncertainty
                                  0.000000   10.344966   clock reconvergence pessimism
                                 -0.277234   10.067732   library setup time
                                             10.067732   data required time
---------------------------------------------------------------------------------------------
                                             10.067732   data required time
                                            -10.218679   data arrival time
---------------------------------------------------------------------------------------------
                                             -0.150948   slack (VIOLATED)




===========================================================================
report_checks --slack_max -0.01
============================================================================
======================= max_ss_100C_1v60 Corner ===================================

Startpoint: weight_in[0] (input port clocked by clk)
Endpoint: _1056_ (rising edge-triggered flip-flop clocked by clk)
Path Group: clk
Path Type: max

Fanout         Cap        Slew       Delay        Time   Description
---------------------------------------------------------------------------------------------
                                  0.000000    0.000000   clock clk (rise edge)
                                  0.000000    0.000000   clock network delay (propagated)
                                  2.000000    2.000000 v input external delay
     1    0.002919    0.018911    0.009655    2.009655 v weight_in[0] (in)
                                                         weight_in[0] (net)
                      0.018912    0.000000    2.009655 v input11/A (sky130_fd_sc_hd__clkbuf_2)
     6    0.026529    0.190670    0.274644    2.284299 v input11/X (sky130_fd_sc_hd__clkbuf_2)
                                                         net11 (net)
                      0.190716    0.002870    2.287169 v fanout76/A (sky130_fd_sc_hd__clkbuf_2)
    10    0.033061    0.233655    0.386527    2.673697 v fanout76/X (sky130_fd_sc_hd__clkbuf_2)
                                                         net76 (net)
                      0.233681    0.002544    2.676240 v _0813_/A (sky130_fd_sc_hd__and3_1)
     3    0.008288    0.115418    0.417699    3.093939 v _0813_/X (sky130_fd_sc_hd__and3_1)
                                                         _0310_ (net)
                      0.115418    0.000290    3.094229 v _0815_/A (sky130_fd_sc_hd__or3_4)
     3    0.014982    0.147392    0.820473    3.914701 v _0815_/X (sky130_fd_sc_hd__or3_4)
                                                         _0312_ (net)
                      0.147392    0.000894    3.915595 v _0818_/A2 (sky130_fd_sc_hd__a211oi_4)
     1    0.010587    0.343804    0.484060    4.399655 ^ _0818_/Y (sky130_fd_sc_hd__a211oi_4)
                                                         _0315_ (net)
                      0.343804    0.000854    4.400509 ^ _0819_/A (sky130_fd_sc_hd__nor2_4)
     2    0.011562    0.084924    0.169717    4.570226 v _0819_/Y (sky130_fd_sc_hd__nor2_4)
                                                         _0316_ (net)
                      0.084926    0.000771    4.570997 v _0826_/B (sky130_fd_sc_hd__xnor2_2)
     2    0.011302    0.171077    0.283762    4.854759 v _0826_/Y (sky130_fd_sc_hd__xnor2_2)
                                                         _0323_ (net)
                      0.171080    0.000871    4.855630 v _0829_/B (sky130_fd_sc_hd__xnor2_2)
     2    0.006940    0.115448    0.293860    5.149490 v _0829_/Y (sky130_fd_sc_hd__xnor2_2)
                                                         _0326_ (net)
                      0.115448    0.000429    5.149920 v _0830_/A (sky130_fd_sc_hd__or2_4)
     4    0.021816    0.125552    0.552668    5.702588 v _0830_/X (sky130_fd_sc_hd__or2_4)
                                                         _0327_ (net)
                      0.125558    0.001013    5.703600 v _0833_/A2 (sky130_fd_sc_hd__a211o_4)
     2    0.011915    0.095671    0.638353    6.341953 v _0833_/X (sky130_fd_sc_hd__a211o_4)
                                                         _0330_ (net)
                      0.095671    0.000715    6.342669 v _0835_/A1 (sky130_fd_sc_hd__a211o_1)
     3    0.010934    0.158037    0.577641    6.920309 v _0835_/X (sky130_fd_sc_hd__a211o_1)
                                                         _0332_ (net)
                      0.158038    0.000779    6.921088 v _0838_/A1 (sky130_fd_sc_hd__a211o_1)
     2    0.004546    0.103097    0.541437    7.462525 v _0838_/X (sky130_fd_sc_hd__a211o_1)
                                                         _0335_ (net)
                      0.103097    0.000246    7.462771 v _0839_/A (sky130_fd_sc_hd__and3_1)
     3    0.008289    0.115417    0.355100    7.817871 v _0839_/X (sky130_fd_sc_hd__and3_1)
                                                         _0336_ (net)
                      0.115417    0.000425    7.818296 v _0887_/A2 (sky130_fd_sc_hd__a21o_1)
     2    0.008644    0.105801    0.382172    8.200468 v _0887_/X (sky130_fd_sc_hd__a21o_1)
                                                         _0382_ (net)
                      0.105802    0.000584    8.201053 v _0927_/A1 (sky130_fd_sc_hd__o311a_4)
     3    0.016546    0.118187    0.727741    8.928794 v _0927_/X (sky130_fd_sc_hd__o311a_4)
                                                         _0422_ (net)
                      0.118198    0.001209    8.930003 v _0999_/C (sky130_fd_sc_hd__nor3_4)
     2    0.010498    0.285527    0.269361    9.199365 ^ _0999_/Y (sky130_fd_sc_hd__nor3_4)
                                                         _0492_ (net)
                      0.285528    0.000662    9.200026 ^ _1003_/A1 (sky130_fd_sc_hd__o31ai_2)
     1    0.004857    0.110635    0.227582    9.427608 v _1003_/Y (sky130_fd_sc_hd__o31ai_2)
                                                         _0495_ (net)
                      0.110635    0.000360    9.427968 v _1018_/B (sky130_fd_sc_hd__xnor2_1)
     2    0.007485    0.183458    0.275582    9.703550 v _1018_/Y (sky130_fd_sc_hd__xnor2_1)
                                                         _0510_ (net)
                      0.183458    0.000474    9.704024 v _1019_/A1 (sky130_fd_sc_hd__mux2_4)
     1    0.003462    0.080781    0.514422   10.218447 v _1019_/X (sky130_fd_sc_hd__mux2_4)
                                                         _0020_ (net)
                      0.080781    0.000233   10.218679 v _1056_/D (sky130_fd_sc_hd__dfrtp_1)
                                             10.218679   data arrival time

                                 10.000000   10.000000   clock clk (rise edge)
                                  0.000000   10.000000   clock source latency
     1    0.013667    0.106385    0.071061   10.071061 ^ clk (in)
                                                         clk (net)
                      0.106405    0.000000   10.071061 ^ clkbuf_0_clk/A (sky130_fd_sc_hd__clkbuf_16)
     4    0.042516    0.097035    0.269400   10.340461 ^ clkbuf_0_clk/X (sky130_fd_sc_hd__clkbuf_16)
                                                         clknet_0_clk (net)
                      0.097139    0.001642   10.342103 ^ clkbuf_2_2__f_clk/A (sky130_fd_sc_hd__clkbuf_16)
    11    0.032699    0.084310    0.251076   10.593179 ^ clkbuf_2_2__f_clk/X (sky130_fd_sc_hd__clkbuf_16)
                                                         clknet_2_2__leaf_clk (net)
                      0.084353    0.001787   10.594966 ^ _1056_/CLK (sky130_fd_sc_hd__dfrtp_1)
                                 -0.250000   10.344966   clock uncertainty
                                  0.000000   10.344966   clock reconvergence pessimism
                                 -0.277234   10.067732   library setup time
                                             10.067732   data required time
---------------------------------------------------------------------------------------------
                                             10.067732   data required time
                                            -10.218679   data arrival time
---------------------------------------------------------------------------------------------
                                             -0.150948   slack (VIOLATED)




===========================================================================
 report_check_types -max_slew -max_cap -max_fanout -violators
============================================================================
======================= max_ss_100C_1v60 Corner ===================================

max fanout

Pin                                   Limit Fanout  Slack
---------------------------------------------------------
clkbuf_2_2__f_clk/X                      10     11        (VIOLATED)
clkbuf_2_3__f_clk/X                      10     11        (VIOLATED)



===========================================================================
report_parasitic_annotation -report_unannotated
============================================================================
Found 3 unannotated drivers.
 clkload0/X
 clkload1/Y
 clkload2/X
Found 0 partially unannotated drivers.

===========================================================================
max slew violation count 0
%OL_METRIC_I design__max_slew_violation__count__corner:max_ss_100C_1v60 0
max fanout violation count 2
%OL_METRIC_I design__max_fanout_violation__count__corner:max_ss_100C_1v60 2
max cap violation count 0
%OL_METRIC_I design__max_cap_violation__count__corner:max_ss_100C_1v60 0
============================================================================

===========================================================================
check_setup -verbose -unconstrained_endpoints -multiple_clock -no_clock -no_input_delay -loops -generated_clocks
===========================================================================
%OL_END_REPORT
%OL_CREATE_REPORT power.rpt

===========================================================================
 report_power
============================================================================
======================= max_ss_100C_1v60 Corner ===================================

Group                    Internal    Switching      Leakage        Total
                            Power        Power        Power        Power (Watts)
------------------------------------------------------------------------
Sequential           1.810150e-04 3.951420e-05 6.976932e-07 2.212269e-04  10.4%
Combinational        8.487665e-04 9.059500e-04 2.901452e-06 1.757618e-03  82.7%
Clock                1.038229e-04 4.366224e-05 1.382643e-07 1.476234e-04   6.9%
Macro                0.000000e+00 0.000000e+00 0.000000e+00 0.000000e+00   0.0%
Pad                  0.000000e+00 0.000000e+00 0.000000e+00 0.000000e+00   0.0%
------------------------------------------------------------------------
Total                1.133605e-03 9.891266e-04 3.737409e-06 2.126469e-03 100.0%
                            53.3%        46.5%         0.2%
%OL_METRIC_F power__internal__total 0.001133604790084064
%OL_METRIC_F power__switching__total 0.000989126623608172
%OL_METRIC_F power__leakage__total 3.7374088606156874e-6
%OL_METRIC_F power__total 0.002126468811184168

%OL_END_REPORT
%OL_CREATE_REPORT skew.min.rpt

===========================================================================
Clock Skew (Hold)
============================================================================
%OL_METRIC_F clock__skew__worst_hold__corner:max_ss_100C_1v60 -0.25813388268650445
======================= max_ss_100C_1v60 Corner ===================================

Clock clk
0.591259 source latency _1063_/CLK ^
-0.599393 target latency _1071_/CLK ^
-0.250000 clock uncertainty
0.000000 CRPR
--------------
-0.258134 hold skew

%OL_END_REPORT
%OL_CREATE_REPORT skew.max.rpt

===========================================================================
Clock Skew (Setup)
============================================================================
%OL_METRIC_F clock__skew__worst_setup__corner:max_ss_100C_1v60 0.2582050479843956
======================= max_ss_100C_1v60 Corner ===================================

Clock clk
0.599133 source latency _1065_/CLK ^
-0.590928 target latency _1049_/CLK ^
0.250000 clock uncertainty
0.000000 CRPR
--------------
0.258205 setup skew

%OL_END_REPORT
%OL_CREATE_REPORT ws.min.rpt

===========================================================================
Worst Slack (Hold)
============================================================================
%OL_METRIC_F timing__hold__ws__corner:max_ss_100C_1v60 0.7497579436182102
max_ss_100C_1v60: 0.7497579436182102
%OL_END_REPORT
%OL_CREATE_REPORT ws.max.rpt

===========================================================================
Worst Slack (Setup)
============================================================================
%OL_METRIC_F timing__setup__ws__corner:max_ss_100C_1v60 -0.15094770305396826
max_ss_100C_1v60: -0.15094770305396826
%OL_END_REPORT
%OL_CREATE_REPORT tns.min.rpt

===========================================================================
Total Negative Slack (Hold)
============================================================================
%OL_METRIC_F timing__hold__tns__corner:max_ss_100C_1v60 0.0
max_ss_100C_1v60: 0.0
%OL_END_REPORT
%OL_CREATE_REPORT tns.max.rpt

===========================================================================
Total Negative Slack (Setup)
============================================================================
%OL_METRIC_F timing__setup__tns__corner:max_ss_100C_1v60 -0.3653655259531848
max_ss_100C_1v60: -0.3653655259531848
%OL_END_REPORT
%OL_CREATE_REPORT wns.min.rpt

===========================================================================
Worst Negative Slack (Hold)
============================================================================
%OL_METRIC_F timing__hold__wns__corner:max_ss_100C_1v60 0
max_ss_100C_1v60: 0
%OL_END_REPORT
%OL_CREATE_REPORT wns.max.rpt

===========================================================================
Worst Negative Slack (Setup)
============================================================================
%OL_METRIC_F timing__setup__wns__corner:max_ss_100C_1v60 -0.15094770305396826
max_ss_100C_1v60: -0.15094770305396826
%OL_END_REPORT
%OL_CREATE_REPORT violator_list.rpt

===========================================================================
Violator List
============================================================================
[setup in-reg] weight_in[0] -> _1056_/D : -0.150948
[setup in-reg] weight_in[0] -> _1055_/D : -0.111705
[setup in-reg] weight_in[0] -> _1054_/D : -0.041190
[setup in-reg] weight_in[1] -> _1052_/D : -0.033270
[setup in-reg] weight_in[0] -> _1072_/D : -0.028252
%OL_METRIC_I timing__hold_vio__count__corner:max_ss_100C_1v60 0
%OL_METRIC_F timing__hold_r2r__ws__corner:max_ss_100C_1v60 0.893249
%OL_METRIC_I timing__hold_r2r_vio__count__corner:max_ss_100C_1v60 0
%OL_METRIC_I timing__setup_vio__count__corner:max_ss_100C_1v60 5
%OL_METRIC_F timing__setup_r2r__ws__corner:max_ss_100C_1v60 6.384326
%OL_METRIC_I timing__setup_r2r_vio__count__corner:max_ss_100C_1v60 0
%OL_END_REPORT
%OL_CREATE_REPORT unpropagated.rpt
%OL_END_REPORT
%OL_CREATE_REPORT clock.rpt
Clock: clk
Sources: clk 
Generated: no
Virtual: yes
Propagated: no
Period: 10.000000

===========================================================================
report_clock_properties
============================================================================
Clock                   Period          Waveform
----------------------------------------------------
clk                  10.000000    0.000000  5.000000

===========================================================================
report_clock_latency
============================================================================
Clock clk
rise -> rise
    min     max
0.000000 0.000000 source latency
0.590844         network latency _1046_/CLK
        0.599393 network latency _1071_/CLK
---------------
0.590844 0.599393 latency
        0.008548 skew

fall -> fall
    min     max
0.000000 0.000000 source latency
0.585923         network latency _1046_/CLK
        0.593149 network latency _1071_/CLK
---------------
0.585923 0.593149 latency
        0.007226 skew



===========================================================================
report_clock_min_period
============================================================================
clk period_min = 9.03 fmax = 110.73
%OL_END_REPORT
Writing SDF files for all corners…
Removing Clock latencies before writing libs…
Writing timing models for all corners…
Writing timing models for the max_ss_100C_1v60 corner to /mnt/c/Users/Student/HW_AI_ML/codefest/cf07/runs/RUN_2026-05-17_07-57-38/54-openroad-stapostpnr/max_ss_100C_1v60/compute_core__max_ss_100C_1v60.lib…
